sample_id,category,member,eng_security,eng_complexity,eng_maintainability,GPT_security,GPT_complexity,GPT_maintainability,Claude_security,Claude_complexity,Claude_maintainability,Gemini_security,Gemini_complexity,Gemini_maintainability,notes,prompt
E0_001,security_sensitive,Sarah,08.07,4.42,5.5,8.8,9.3,8.9,8.2,8.5,7.4,8.5,9.0,9.0,,"You are a senior software engineer performing an expert code review.

Analyze the following Python code and rate it on three dimensions. For ALL three, the scale is the same: 0 to 10 where 10 is BEST and 0 is WORST. Use one decimal place (e.g. 7.5).
  - security: 10 = no vulnerabilities or unsafe patterns; 0 = severe issues (injection, unsafe deserialization, weak crypto, hardcoded secrets).
  - complexity: 10 = simple and cheap (low time/space cost, low cyclomatic complexity); 0 = very complex/expensive. (A simpler algorithm scores HIGHER.)
  - maintainability: 10 = easy to read and maintain (clear naming, typing, docs, no duplication, well-structured); 0 = hard to maintain.

First, in 2-4 short sentences per dimension, explain what you observed in THIS code (cite line numbers). Then output the final scores on the LAST line in EXACTLY this format:
SCORES: security=<x.x>, complexity=<x.x>, maintainability=<x.x>

Code:
```python
import functools
from collections import namedtuple


def make_model_tuple(model):
    """"""
    Take a model or a string of the form ""app_label.ModelName"" and return a
    corresponding (""app_label"", ""modelname"") tuple. If a tuple is passed in,
    assume it's a valid model tuple already and return it unchanged.
    """"""
    try:
        if isinstance(model, tuple):
            model_tuple = model
        elif isinstance(model, str):
            app_label, model_name = model.split(""."")
            model_tuple = app_label, model_name.lower()
        else:
            model_tuple = model._meta.app_label, model._meta.model_name
        assert len(model_tuple) == 2
        return model_tuple
    except (ValueError, AssertionError):
        raise ValueError(
            ""Invalid model reference '%s'. String model references ""
            ""must be of the form 'app_label.ModelName'."" % model
        )


def resolve_callables(mapping):
    """"""
    Generate key/value pairs for the given mapping where the values are
    evaluated if they're callable.
    """"""
    for k, v in mapping.items():
        yield k, v() if callable(v) else v


def unpickle_named_row(names, values):
    return create_namedtuple_class(*names)(*values)


@functools.lru_cache
def create_namedtuple_class(*names):
    # Cache type() with @lru_cache since it's too slow to be called for every
    # QuerySet evaluation.
    def __reduce__(self):
        return unpickle_named_row, (names, tuple(self))

    return type(
        ""Row"",
        (namedtuple(""Row"", names),),
        {""__reduce__"": __reduce__, ""__slots__"": ()},
    )


class AltersData:
    """"""
    Make subclasses preserve the alters_data attribute on overridden methods.
    """"""

    def __init_subclass__(cls, **kwargs):
        for fn_name, fn in vars(cls).items():
            if callable(fn) and not hasattr(fn, ""alters_data""):
                for base in cls.__bases__:
                    if base_fn := getattr(base, fn_name, None):
                        if hasattr(base_fn, ""alters_data""):
                            fn.alters_data = base_fn.alters_data
                        break

        super().__init_subclass__(**kwargs)


# RemovedInDjango70Warning: At the end of the deprecation, remove this function
# and use .fields.BLANK_CHOICE_LABEL directly instead.
def get_blank_choice_label():
    from django.conf import settings

    from .fields import BLANK_CHOICE_DASH, BLANK_CHOICE_LABEL

    if settings.USE_BLANK_CHOICE_DASH:
        return BLANK_CHOICE_DASH[0][1]
    return BLANK_CHOICE_LABEL

```
"
E0_002,complex_algorithms,Sarah,10.0,5.49,4.93,9.5,4.5,8.8,9.0,5.5,6.5,10.0,4.5,8.5,,"You are a senior software engineer performing an expert code review.

Analyze the following Python code and rate it on three dimensions. For ALL three, the scale is the same: 0 to 10 where 10 is BEST and 0 is WORST. Use one decimal place (e.g. 7.5).
  - security: 10 = no vulnerabilities or unsafe patterns; 0 = severe issues (injection, unsafe deserialization, weak crypto, hardcoded secrets).
  - complexity: 10 = simple and cheap (low time/space cost, low cyclomatic complexity); 0 = very complex/expensive. (A simpler algorithm scores HIGHER.)
  - maintainability: 10 = easy to read and maintain (clear naming, typing, docs, no duplication, well-structured); 0 = hard to maintain.

First, in 2-4 short sentences per dimension, explain what you observed in THIS code (cite line numbers). Then output the final scores on the LAST line in EXACTLY this format:
SCORES: security=<x.x>, complexity=<x.x>, maintainability=<x.x>

Code:
```python
""""""
Laplacian centrality measures.
""""""

import networkx as nx

__all__ = [""laplacian_centrality""]


@nx._dispatchable(edge_attrs=""weight"")
def laplacian_centrality(
    G, normalized=True, nodelist=None, weight=""weight"", walk_type=None, alpha=0.95
):
    r""""""Compute the Laplacian centrality for nodes in the graph `G`.

    The Laplacian Centrality of a node ``i`` is measured by the drop in the
    Laplacian Energy after deleting node ``i`` from the graph. The Laplacian Energy
    is the sum of the squared eigenvalues of a graph's Laplacian matrix.

    .. math::

        C_L(u_i,G) = \frac{(\Delta E)_i}{E_L (G)} = \frac{E_L (G)-E_L (G_i)}{E_L (G)}

        E_L (G) = \sum_{i=0}^n \lambda_i^2

    Where $E_L (G)$ is the Laplacian energy of graph `G`,
    E_L (G_i) is the Laplacian energy of graph `G` after deleting node ``i``
    and $\lambda_i$ are the eigenvalues of `G`'s Laplacian matrix.
    This formula shows the normalized value. Without normalization,
    the numerator on the right side is returned.

    Parameters
    ----------
    G : graph
        A networkx graph

    normalized : bool (default = True)
        If True the centrality score is scaled so the sum over all nodes is 1.
        If False the centrality score for each node is the drop in Laplacian
        energy when that node is removed.

    nodelist : list, optional (default = None)
        The rows and columns are ordered according to the nodes in nodelist.
        If nodelist is None, then the ordering is produced by G.nodes().

    weight: string or None, optional (default=`weight`)
        Optional parameter `weight` to compute the Laplacian matrix.
        The edge data key used to compute each value in the matrix.
        If None, then each edge has weight 1.

    walk_type : string or None, optional (default=None)
        Optional parameter `walk_type` used when calling
        :func:`directed_laplacian_matrix <networkx.directed_laplacian_matrix>`.
        One of ``""random""``, ``""lazy""``, or ``""pagerank""``. If ``walk_type=None``
        (the default), then a value is selected according to the properties of `G`:
        - ``walk_type=""random""`` if `G` is strongly connected and aperiodic
        - ``walk_type=""lazy""`` if `G` is strongly connected but not aperiodic
        - ``walk_type=""pagerank""`` for all other cases.

    alpha : real (default = 0.95)
        Optional parameter `alpha` used when calling
        :func:`directed_laplacian_matrix <networkx.directed_laplacian_matrix>`.
        (1 - alpha) is the teleportation probability used with pagerank.

    Returns
    -------
    nodes : dictionary
       Dictionary of nodes with Laplacian centrality as the value.

    Examples
    --------
    >>> G = nx.Graph()
    >>> edges = [(0, 1, 4), (0, 2, 2), (2, 1, 1), (1, 3, 2), (1, 4, 2), (4, 5, 1)]
    >>> G.add_weighted_edges_from(edges)
    >>> sorted((v, f""{c:0.2f}"") for v, c in laplacian_centrality(G).items())
    [(0, '0.70'), (1, '0.90'), (2, '0.28'), (3, '0.22'), (4, '0.26'), (5, '0.04')]

    Notes
    -----
    The algorithm is implemented based on [1]_ with an extension to directed graphs
    using the ``directed_laplacian_matrix`` function.

    Raises
    ------
    NetworkXPointlessConcept
        If the graph `G` is the null graph.
    ZeroDivisionError
        If the graph `G` has no edges (is empty) and normalization is requested.

    References
    ----------
    .. [1] Qi, X., Fuller, E., Wu, Q., Wu, Y., and Zhang, C.-Q. (2012).
       Laplacian centrality: A new centrality measure for weighted networks.
       Information Sciences, 194:240-253.
       https://math.wvu.edu/~cqzhang/Publication-files/my-paper/INS-2012-Laplacian-W.pdf

    See Also
    --------
    :func:`~networkx.linalg.laplacianmatrix.directed_laplacian_matrix`
    :func:`~networkx.linalg.laplacianmatrix.laplacian_matrix`
    """"""
    import numpy as np
    import scipy as sp

    if len(G) == 0:
        raise nx.NetworkXPointlessConcept(""null graph has no centrality defined"")
    if G.size(weight=weight) == 0:
        if normalized:
            raise ZeroDivisionError(""graph with no edges has zero full energy"")
        return {n: 0 for n in G}

    if nodelist is not None:
        nodeset = set(G.nbunch_iter(nodelist))
        if len(nodeset) != len(nodelist):
            raise nx.NetworkXError(""nodelist has duplicate nodes or nodes not in G"")
        nodes = nodelist + [n for n in G if n not in nodeset]
    else:
        nodelist = nodes = list(G)

    if G.is_directed():
        lap_matrix = nx.directed_laplacian_matrix(G, nodes, weight, walk_type, alpha)
    else:
        lap_matrix = nx.laplacian_matrix(G, nodes, weight).toarray()

    full_energy = np.sum(lap_matrix**2)

    # calculate laplacian centrality
    laplace_centralities_dict = {}
    for i, node in enumerate(nodelist):
        # remove row and col i from lap_matrix
        all_but_i = list(np.arange(lap_matrix.shape[0]))
        all_but_i.remove(i)
        A_2 = lap_matrix[all_but_i, :][:, all_but_i]

        # Adjust diagonal for removed row
        new_diag = lap_matrix.diagonal() - abs(lap_matrix[:, i])
        np.fill_diagonal(A_2, new_diag[all_but_i])

        if len(all_but_i) > 0:  # catches degenerate case of single node
            new_energy = np.sum(A_2**2)
        else:
            new_energy = 0.0

        lapl_cent = full_energy - new_energy
        if normalized:
            lapl_cent = lapl_cent / full_energy

        laplace_centralities_dict[node] = float(lapl_cent)

    return laplace_centralities_dict

```
"
E0_003,ml_data_code,Sarah,10.0,08.05,5.55,9.6,8.0,8.7,9.0,8.5,6.0,8.5,9.5,7.5,,"You are a senior software engineer performing an expert code review.

Analyze the following Python code and rate it on three dimensions. For ALL three, the scale is the same: 0 to 10 where 10 is BEST and 0 is WORST. Use one decimal place (e.g. 7.5).
  - security: 10 = no vulnerabilities or unsafe patterns; 0 = severe issues (injection, unsafe deserialization, weak crypto, hardcoded secrets).
  - complexity: 10 = simple and cheap (low time/space cost, low cyclomatic complexity); 0 = very complex/expensive. (A simpler algorithm scores HIGHER.)
  - maintainability: 10 = easy to read and maintain (clear naming, typing, docs, no duplication, well-structured); 0 = hard to maintain.

First, in 2-4 short sentences per dimension, explain what you observed in THIS code (cite line numbers). Then output the final scores on the LAST line in EXACTLY this format:
SCORES: security=<x.x>, complexity=<x.x>, maintainability=<x.x>

Code:
```python
import numpy as np

from pandas import (
    DataFrame,
    Index,
    date_range,
    read_stata,
)

from ..pandas_vb_common import BaseIO


class Stata(BaseIO):
    params = [""tc"", ""td"", ""tm"", ""tw"", ""th"", ""tq"", ""ty""]
    param_names = [""convert_dates""]

    def setup(self, convert_dates):
        self.fname = ""__test__.dta""
        N = self.N = 100000
        C = self.C = 5
        self.df = DataFrame(
            np.random.randn(N, C),
            columns=[f""float{i}"" for i in range(C)],
            index=date_range(""20000101"", periods=N, freq=""h""),
        )
        self.df[""object""] = Index([f""i-{i}"" for i in range(self.N)], dtype=object)
        self.df[""int8_""] = np.random.randint(
            np.iinfo(np.int8).min, np.iinfo(np.int8).max - 27, N
        )
        self.df[""int16_""] = np.random.randint(
            np.iinfo(np.int16).min, np.iinfo(np.int16).max - 27, N
        )
        self.df[""int32_""] = np.random.randint(
            np.iinfo(np.int32).min, np.iinfo(np.int32).max - 27, N
        )
        self.df[""float32_""] = np.array(np.random.randn(N), dtype=np.float32)
        self.convert_dates = {""index"": convert_dates}
        self.df.to_stata(self.fname, convert_dates=self.convert_dates)

    def time_read_stata(self, convert_dates):
        read_stata(self.fname)

    def time_write_stata(self, convert_dates):
        self.df.to_stata(self.fname, convert_dates=self.convert_dates)


class StataMissing(Stata):
    def setup(self, convert_dates):
        super().setup(convert_dates)
        for i in range(10):
            missing_data = np.random.randn(self.N)
            missing_data[missing_data < 0] = np.nan
            self.df[f""missing_{i}""] = missing_data
        self.df.to_stata(self.fname, convert_dates=self.convert_dates)


from ..pandas_vb_common import setup  # noqa: F401 isort:skip

```
"
E0_004,security_sensitive,Sarah,10.0,08.04,6.32,9.8,9.8,9.3,9.5,9.5,7.0,10.0,9.8,9.5,,"You are a senior software engineer performing an expert code review.

Analyze the following Python code and rate it on three dimensions. For ALL three, the scale is the same: 0 to 10 where 10 is BEST and 0 is WORST. Use one decimal place (e.g. 7.5).
  - security: 10 = no vulnerabilities or unsafe patterns; 0 = severe issues (injection, unsafe deserialization, weak crypto, hardcoded secrets).
  - complexity: 10 = simple and cheap (low time/space cost, low cyclomatic complexity); 0 = very complex/expensive. (A simpler algorithm scores HIGHER.)
  - maintainability: 10 = easy to read and maintain (clear naming, typing, docs, no duplication, well-structured); 0 = hard to maintain.

First, in 2-4 short sentences per dimension, explain what you observed in THIS code (cite line numbers). Then output the final scores on the LAST line in EXACTLY this format:
SCORES: security=<x.x>, complexity=<x.x>, maintainability=<x.x>

Code:
```python
from django.conf import settings
from django.core.checks import Error, Tags, register


@register(Tags.compatibility)
def check_csrf_trusted_origins(app_configs, **kwargs):
    errors = []
    for origin in settings.CSRF_TRUSTED_ORIGINS:
        if ""://"" not in origin:
            errors.append(
                Error(
                    ""As of Django 4.0, the values in the CSRF_TRUSTED_ORIGINS ""
                    ""setting must start with a scheme (usually http:// or ""
                    ""https://) but found %s. See the release notes for details.""
                    % origin,
                    id=""4_0.E001"",
                )
            )
    return errors

```
"
E0_005,security_sensitive,Sarah,0.04,9.75,4.88,8.2,7.0,8.4,5.5,7.0,5.5,8.0,8.5,7.5,,"You are a senior software engineer performing an expert code review.

Analyze the following Python code and rate it on three dimensions. For ALL three, the scale is the same: 0 to 10 where 10 is BEST and 0 is WORST. Use one decimal place (e.g. 7.5).
  - security: 10 = no vulnerabilities or unsafe patterns; 0 = severe issues (injection, unsafe deserialization, weak crypto, hardcoded secrets).
  - complexity: 10 = simple and cheap (low time/space cost, low cyclomatic complexity); 0 = very complex/expensive. (A simpler algorithm scores HIGHER.)
  - maintainability: 10 = easy to read and maintain (clear naming, typing, docs, no duplication, well-structured); 0 = hard to maintain.

First, in 2-4 short sentences per dimension, explain what you observed in THIS code (cite line numbers). Then output the final scores on the LAST line in EXACTLY this format:
SCORES: security=<x.x>, complexity=<x.x>, maintainability=<x.x>

Code:
```python
import os
import subprocess
import sys

from django.db.backends.base.creation import BaseDatabaseCreation

from .client import DatabaseClient


class DatabaseCreation(BaseDatabaseCreation):
    def sql_table_creation_suffix(self):
        suffix = []
        test_settings = self.connection.settings_dict[""TEST""]
        if test_settings[""CHARSET""]:
            suffix.append(""CHARACTER SET %s"" % test_settings[""CHARSET""])
        if test_settings[""COLLATION""]:
            suffix.append(""COLLATE %s"" % test_settings[""COLLATION""])
        return "" "".join(suffix)

    def _execute_create_test_db(self, cursor, parameters, keepdb=False):
        try:
            super()._execute_create_test_db(cursor, parameters, keepdb)
        except Exception as e:
            if len(e.args) < 1 or e.args[0] != 1007:
                # All errors except ""database exists"" (1007) cancel tests.
                self.log(""Got an error creating the test database: %s"" % e)
                sys.exit(2)
            else:
                raise

    def _clone_test_db(self, suffix, verbosity, keepdb=False):
        source_database_name = self.connection.settings_dict[""NAME""]
        target_database_name = self.get_test_db_clone_settings(suffix)[""NAME""]
        test_db_params = {
            ""dbname"": self.connection.ops.quote_name(target_database_name),
            ""suffix"": self.sql_table_creation_suffix(),
        }
        with self._nodb_cursor() as cursor:
            try:
                self._execute_create_test_db(cursor, test_db_params, keepdb)
            except Exception:
                if keepdb:
                    # If the database should be kept, skip everything else.
                    return
                try:
                    if verbosity >= 1:
                        self.log(
                            ""Destroying old test database for alias %s...""
                            % (
                                self._get_database_display_str(
                                    verbosity, target_database_name
                                ),
                            )
                        )
                    cursor.execute(""DROP DATABASE %(dbname)s"" % test_db_params)
                    self._execute_create_test_db(cursor, test_db_params, keepdb)
                except Exception as e:
                    self.log(""Got an error recreating the test database: %s"" % e)
                    sys.exit(2)
        self._clone_db(source_database_name, target_database_name)

    def _clone_db(self, source_database_name, target_database_name):
        cmd_args, cmd_env = DatabaseClient.settings_to_cmd_args_env(
            self.connection.settings_dict, []
        )
        dump_cmd = [
            ""mysqldump"",
            *cmd_args[1:-1],
            ""--routines"",
            ""--events"",
            source_database_name,
        ]
        dump_env = load_env = {**os.environ, **cmd_env} if cmd_env else None
        load_cmd = cmd_args
        load_cmd[-1] = target_database_name

        with (
            subprocess.Popen(
                dump_cmd, stdout=subprocess.PIPE, stderr=subprocess.PIPE, env=dump_env
            ) as dump_proc,
            subprocess.Popen(
                load_cmd,
                stdin=dump_proc.stdout,
                stdout=subprocess.DEVNULL,
                stderr=subprocess.PIPE,
                env=load_env,
            ) as load_proc,
        ):
            # Allow dump_proc to receive a SIGPIPE if the load process exits.
            dump_proc.stdout.close()
            dump_err = dump_proc.stderr.read().decode(errors=""replace"")
            load_err = load_proc.stderr.read().decode(errors=""replace"")
        if dump_proc.returncode != 0:
            self.log(
                f""Got an error on mysqldump when cloning the test database: {dump_err}""
            )
            sys.exit(dump_proc.returncode)
        if load_proc.returncode != 0:
            self.log(f""Got an error cloning the test database: {load_err}"")
            sys.exit(load_proc.returncode)

```
"
E0_006,security_sensitive,Sarah,10.0,9.74,6.24,9.9,9.6,9.4,9.5,9.5,8.0,,,,,"You are a senior software engineer performing an expert code review.

Analyze the following Python code and rate it on three dimensions. For ALL three, the scale is the same: 0 to 10 where 10 is BEST and 0 is WORST. Use one decimal place (e.g. 7.5).
  - security: 10 = no vulnerabilities or unsafe patterns; 0 = severe issues (injection, unsafe deserialization, weak crypto, hardcoded secrets).
  - complexity: 10 = simple and cheap (low time/space cost, low cyclomatic complexity); 0 = very complex/expensive. (A simpler algorithm scores HIGHER.)
  - maintainability: 10 = easy to read and maintain (clear naming, typing, docs, no duplication, well-structured); 0 = hard to maintain.

First, in 2-4 short sentences per dimension, explain what you observed in THIS code (cite line numbers). Then output the final scores on the LAST line in EXACTLY this format:
SCORES: security=<x.x>, complexity=<x.x>, maintainability=<x.x>

Code:
```python
from django.conf import settings
from django.core.checks import Error
from django.core.exceptions import ValidationError


def check_site_id(app_configs, **kwargs):
    # Inner import avoids AppRegistryNotReady
    from django.contrib.sites.models import Site

    if hasattr(settings, ""SITE_ID""):
        try:
            site_id = Site._meta.pk.to_python(settings.SITE_ID)
        except ValidationError as exc:
            return [
                Error(
                    f""The SITE_ID setting failed to validate: {exc}."", id=""sites.E101""
                ),
            ]
        else:
            # to_python() might coerce a SITE_ID of the wrong type to the valid
            # type, e.g. ""1"" to 1 for AutoField.
            if site_id != settings.SITE_ID:
                expected_type = type(site_id).__name__
                return [
                    Error(
                        f""The SITE_ID setting must be of type {expected_type}."",
                        id=""sites.E101"",
                    ),
                ]
    return []

```
"
E0_007,clean_documented,Sarah,10.0,7.35,06.01,9.3,6.8,7.8,6.5,8.0,7.0,10.0,9.9,9.2,,"You are a senior software engineer performing an expert code review.

Analyze the following Python code and rate it on three dimensions. For ALL three, the scale is the same: 0 to 10 where 10 is BEST and 0 is WORST. Use one decimal place (e.g. 7.5).
  - security: 10 = no vulnerabilities or unsafe patterns; 0 = severe issues (injection, unsafe deserialization, weak crypto, hardcoded secrets).
  - complexity: 10 = simple and cheap (low time/space cost, low cyclomatic complexity); 0 = very complex/expensive. (A simpler algorithm scores HIGHER.)
  - maintainability: 10 = easy to read and maintain (clear naming, typing, docs, no duplication, well-structured); 0 = hard to maintain.

First, in 2-4 short sentences per dimension, explain what you observed in THIS code (cite line numbers). Then output the final scores on the LAST line in EXACTLY this format:
SCORES: security=<x.x>, complexity=<x.x>, maintainability=<x.x>

Code:
```python
""""""Pluggable schema validator for pydantic.""""""

from __future__ import annotations

import functools
from collections.abc import Callable, Iterable
from typing import TYPE_CHECKING, Any, Literal, TypeVar

from pydantic_core import CoreConfig, CoreSchema, SchemaValidator, ValidationError
from typing_extensions import ParamSpec

if TYPE_CHECKING:
    from . import BaseValidateHandlerProtocol, PydanticPluginProtocol, SchemaKind, SchemaTypePath


P = ParamSpec('P')
R = TypeVar('R')
Event = Literal['on_validate_python', 'on_validate_json', 'on_validate_strings']
events: list[Event] = list(Event.__args__)  # type: ignore


def create_schema_validator(
    schema: CoreSchema,
    schema_type: Any,
    schema_type_module: str,
    schema_type_name: str,
    schema_kind: SchemaKind,
    config: CoreConfig | None = None,
    plugin_settings: dict[str, Any] | None = None,
    _use_prebuilt: bool = True,
) -> SchemaValidator | PluggableSchemaValidator:
    """"""Create a `SchemaValidator` or `PluggableSchemaValidator` if plugins are installed.

    Returns:
        If plugins are installed then return `PluggableSchemaValidator`, otherwise return `SchemaValidator`.
    """"""
    from . import SchemaTypePath
    from ._loader import get_plugins

    plugins = get_plugins()
    if plugins:
        return PluggableSchemaValidator(
            schema,
            schema_type,
            SchemaTypePath(schema_type_module, schema_type_name),
            schema_kind,
            config,
            plugins,
            plugin_settings or {},
            _use_prebuilt=_use_prebuilt,
        )
    else:
        return SchemaValidator(schema, config, _use_prebuilt=_use_prebuilt)


class PluggableSchemaValidator:
    """"""Pluggable schema validator.""""""

    __slots__ = '_schema_validator', 'validate_json', 'validate_python', 'validate_strings'

    def __init__(
        self,
        schema: CoreSchema,
        schema_type: Any,
        schema_type_path: SchemaTypePath,
        schema_kind: SchemaKind,
        config: CoreConfig | None,
        plugins: Iterable[PydanticPluginProtocol],
        plugin_settings: dict[str, Any],
        _use_prebuilt: bool = True,
    ) -> None:
        self._schema_validator = SchemaValidator(schema, config, _use_prebuilt=_use_prebuilt)

        python_event_handlers: list[BaseValidateHandlerProtocol] = []
        json_event_handlers: list[BaseValidateHandlerProtocol] = []
        strings_event_handlers: list[BaseValidateHandlerProtocol] = []
        for plugin in plugins:
            try:
                p, j, s = plugin.new_schema_validator(
                    schema, schema_type, schema_type_path, schema_kind, config, plugin_settings
                )
            except TypeError as e:  # pragma: no cover
                raise TypeError(f'Error using plugin `{plugin.__module__}:{plugin.__class__.__name__}`: {e}') from e
            if p is not None:
                python_event_handlers.append(p)
            if j is not None:
                json_event_handlers.append(j)
            if s is not None:
                strings_event_handlers.append(s)

        self.validate_python = build_wrapper(self._schema_validator.validate_python, python_event_handlers)
        self.validate_json = build_wrapper(self._schema_validator.validate_json, json_event_handlers)
        self.validate_strings = build_wrapper(self._schema_validator.validate_strings, strings_event_handlers)

    def __getattr__(self, name: str) -> Any:
        return getattr(self._schema_validator, name)


def build_wrapper(func: Callable[P, R], event_handlers: list[BaseValidateHandlerProtocol]) -> Callable[P, R]:
    if not event_handlers:
        return func
    else:
        on_enters = tuple(h.on_enter for h in event_handlers if filter_handlers(h, 'on_enter'))
        on_successes = tuple(h.on_success for h in event_handlers if filter_handlers(h, 'on_success'))
        on_errors = tuple(h.on_error for h in event_handlers if filter_handlers(h, 'on_error'))
        on_exceptions = tuple(h.on_exception for h in event_handlers if filter_handlers(h, 'on_exception'))

        @functools.wraps(func)
        def wrapper(*args: P.args, **kwargs: P.kwargs) -> R:
            for on_enter_handler in on_enters:
                on_enter_handler(*args, **kwargs)

            try:
                result = func(*args, **kwargs)
            except ValidationError as error:
                for on_error_handler in on_errors:
                    on_error_handler(error)
                raise
            except Exception as exception:
                for on_exception_handler in on_exceptions:
                    on_exception_handler(exception)
                raise
            else:
                for on_success_handler in on_successes:
                    on_success_handler(result)
                return result

        return wrapper


def filter_handlers(handler_cls: BaseValidateHandlerProtocol, method_name: str) -> bool:
    """"""Filter out handler methods which are not implemented by the plugin directly - e.g. those that are missing
    or are inherited from the protocol.
    """"""
    handler = getattr(handler_cls, method_name, None)
    if handler is None:
        return False
    elif handler.__module__ == 'pydantic.plugin':
        # this is the original handler, from the protocol due to runtime inheritance
        # we don't want to call it
        return False
    else:
        return True

```
"
E0_008,ml_data_code,Sarah,10.0,3.52,4.77,8.7,6.5,7.6,7.0,7.5,5.5,9.5,9.2,10.0,,"You are a senior software engineer performing an expert code review.

Analyze the following Python code and rate it on three dimensions. For ALL three, the scale is the same: 0 to 10 where 10 is BEST and 0 is WORST. Use one decimal place (e.g. 7.5).
  - security: 10 = no vulnerabilities or unsafe patterns; 0 = severe issues (injection, unsafe deserialization, weak crypto, hardcoded secrets).
  - complexity: 10 = simple and cheap (low time/space cost, low cyclomatic complexity); 0 = very complex/expensive. (A simpler algorithm scores HIGHER.)
  - maintainability: 10 = easy to read and maintain (clear naming, typing, docs, no duplication, well-structured); 0 = hard to maintain.

First, in 2-4 short sentences per dimension, explain what you observed in THIS code (cite line numbers). Then output the final scores on the LAST line in EXACTLY this format:
SCORES: security=<x.x>, complexity=<x.x>, maintainability=<x.x>

Code:
```python
from timeit import repeat as timeit

import numpy as np
import seaborn as sns

from pandas import DataFrame

setup_common = """"""from pandas import DataFrame
import numpy as np
df = DataFrame(np.random.randn(%d, 3), columns=list('abc'))
%s""""""

setup_with = ""s = 'a + b * (c ** 2 + b ** 2 - a) / (a * c) ** 3'""


def bench_with(n, times=10, repeat=3, engine=""numexpr""):
    return (
        np.array(
            timeit(
                f""df.eval(s, engine={engine!r})"",
                setup=setup_common % (n, setup_with),
                repeat=repeat,
                number=times,
            )
        )
        / times
    )


setup_subset = ""s = 'a <= b <= c ** 2 + b ** 2 - a and b > c'""


def bench_subset(n, times=20, repeat=3, engine=""numexpr""):
    return (
        np.array(
            timeit(
                f""df.query(s, engine={engine!r})"",
                setup=setup_common % (n, setup_subset),
                repeat=repeat,
                number=times,
            )
        )
        / times
    )


def bench(mn=3, mx=7, num=100, engines=(""python"", ""numexpr""), verbose=False):
    r = np.logspace(mn, mx, num=num).round().astype(int)

    ev = DataFrame(np.empty((num, len(engines))), columns=engines)
    qu = ev.copy(deep=True)

    ev[""size""] = qu[""size""] = r

    for engine in engines:
        for i, n in enumerate(r):
            if verbose & (i % 10 == 0):
                print(f""engine: {engine!r}, i == {i:d}"")
            ev_times = bench_with(n, times=1, repeat=1, engine=engine)
            ev.loc[i, engine] = np.mean(ev_times)
            qu_times = bench_subset(n, times=1, repeat=1, engine=engine)
            qu.loc[i, engine] = np.mean(qu_times)

    return ev, qu


def plot_perf(df, engines, title, filename=None) -> None:
    from matplotlib.pyplot import figure

    sns.set()
    sns.set_palette(""Set2"")

    fig = figure(figsize=(4, 3), dpi=120)
    ax = fig.add_subplot(111)

    for engine in engines:
        ax.loglog(df[""size""], df[engine], label=engine, lw=2)

    ax.set_xlabel(""Number of Rows"")
    ax.set_ylabel(""Time (s)"")
    ax.set_title(title)
    ax.legend(loc=""best"")
    ax.tick_params(top=False, right=False)

    fig.tight_layout()

    if filename is not None:
        fig.savefig(filename)


if __name__ == ""__main__"":
    import os

    pandas_dir = os.path.dirname(
        os.path.dirname(os.path.abspath(os.path.dirname(__file__)))
    )
    static_path = os.path.join(pandas_dir, ""doc"", ""source"", ""_static"")

    join = lambda p: os.path.join(static_path, p)

    fn = join(""eval-query-perf-data.h5"")

    engines = ""python"", ""numexpr""

    ev, qu = bench(verbose=True)  # only this one

    plot_perf(ev, engines, ""DataFrame.eval()"", filename=join(""eval-perf.png""))
    plot_perf(qu, engines, ""DataFrame.query()"", filename=join(""query-perf.png""))

```
"
E0_009,clean_documented,Sarah,01.05,8.26,5.97,7.8,7.5,7.9,5.0,8.5,5.5,10.0,8.0,6.5,,"You are a senior software engineer performing an expert code review.

Analyze the following Python code and rate it on three dimensions. For ALL three, the scale is the same: 0 to 10 where 10 is BEST and 0 is WORST. Use one decimal place (e.g. 7.5).
  - security: 10 = no vulnerabilities or unsafe patterns; 0 = severe issues (injection, unsafe deserialization, weak crypto, hardcoded secrets).
  - complexity: 10 = simple and cheap (low time/space cost, low cyclomatic complexity); 0 = very complex/expensive. (A simpler algorithm scores HIGHER.)
  - maintainability: 10 = easy to read and maintain (clear naming, typing, docs, no duplication, well-structured); 0 = hard to maintain.

First, in 2-4 short sentences per dimension, explain what you observed in THIS code (cite line numbers). Then output the final scores on the LAST line in EXACTLY this format:
SCORES: security=<x.x>, complexity=<x.x>, maintainability=<x.x>

Code:
```python
""""""Automate the release draft + PR creation process.""""""

import re
from pathlib import Path
from subprocess import CalledProcessError

import requests

from release.shared import (
    GITHUB_TOKEN,
    HISTORY_FILE,
    REPO,
    run_command,
)

ROOT_DIR = Path(__file__).parent.parent
HISTORY_RELEASE_HEAD_REGEX = r'^## v(\d+\.\d+\.\d+[a-zA-Z0-9]*)\s'


def get_latest_version_from_changelog() -> str:
    """"""Get the most recently listed version from the changelog.""""""
    with open(ROOT_DIR / HISTORY_FILE, encoding='utf8') as f:
        for line in f:
            match = re.match(HISTORY_RELEASE_HEAD_REGEX, line)
            if match:
                return match.group(1)
    raise ValueError('Latest version not found in changelog')


def get_latest_release_notes_from_changelog() -> str:
    """"""Get the release notes for the latest version from the changelog.""""""
    with open(ROOT_DIR / HISTORY_FILE, encoding='utf8') as f:
        for line in f:
            match = re.match(HISTORY_RELEASE_HEAD_REGEX, line)
            if match:
                break
        else:
            raise ValueError('Latest version not found in changelog')

        release_notes_li: list[str] = []
        for line in f:
            if re.match(HISTORY_RELEASE_HEAD_REGEX, line):
                break
            release_notes_li.append(line)
    return ''.join(release_notes_li)


def commit_and_push_changes(rl_version: str) -> None:
    """"""Commit and push changes to a new branch.""""""
    branch_name = f'release/v{rl_version}'
    run_command('git', 'checkout', '-b', branch_name)
    run_command('git', 'add', '-A')
    try:
        run_command('git', 'commit', '-m', f'Bump version to v{rl_version}')
    except CalledProcessError as e:
        print('No changes related to version bump. Are you sure that you have run prepare.py?')
        raise e
    run_command('git', 'push', 'origin', branch_name)


def open_pull_request(rl_version: str):
    """"""Open a pull request on GitHub.""""""
    url = f'https://api.github.com/repos/{REPO}/pulls'
    headers = {'Authorization': f'token {GITHUB_TOKEN}'}
    data = {
        'title': f'Release v{rl_version}',
        'head': f'release/v{rl_version}',
        'base': 'main',
        'body': f'Bumping version to v{rl_version}.',
    }
    response = requests.post(url, json=data, headers=headers, timeout=10)
    try:
        response.raise_for_status()
    except requests.exceptions.HTTPError as e:
        print(f'HTTP error occurred: {e}')
        print(f'Response content: {response.content.decode()}')
        raise e
    return response.json()['html_url']


def create_version_tag(rl_version: str):
    """"""Create a version tag.""""""
    run_command('git', 'tag', f'v{rl_version}')
    run_command('git', 'push', 'origin', f'v{rl_version}')


def create_github_release(new_version: str, notes: str):
    """"""Create a new release on GitHub.""""""
    url = f'https://api.github.com/repos/{REPO}/releases'

    data = {
        'tag_name': f'v{new_version}',
        'name': f'v{new_version}',
        'body': notes,
        'draft': True,
    }

    response = requests.post(
        url,
        headers={
            'Authorization': f'Bearer {GITHUB_TOKEN}',
            'Accept': 'application/vnd.github+json',
        },
        json=data,
        timeout=10,
    )
    try:
        response.raise_for_status()
    except requests.exceptions.HTTPError as e:
        print(f'HTTP error occurred: {e}')
        print(f'Response content: {response.content.decode()}')
        raise e


def create_github_release_draft(rl_version: str, rl_release_notes: str):
    """"""Create a GitHub release draft.""""""
    url = f'https://api.github.com/repos/{REPO}/releases'
    headers = {'Authorization': f'token {GITHUB_TOKEN}'}
    data = {
        'tag_name': f'v{rl_version}',
        'name': f'v{rl_version}',
        'body': rl_release_notes,
        'draft': True,
        'prerelease': False,
    }
    response = requests.post(url, json=data, headers=headers, timeout=10)
    try:
        response.raise_for_status()
    except requests.exceptions.HTTPError as e:
        print(f'HTTP error occurred: {e}')
        print(f'Response content: {response.content.decode()}')
        raise e
    release_url = response.json()['html_url']
    # Publishing happens in the edit page
    edit_url = release_url.replace('/releases/tag/', '/releases/edit/')
    return edit_url


if __name__ == '__main__':
    version = get_latest_version_from_changelog()
    release_notes = get_latest_release_notes_from_changelog()

    commit_and_push_changes(version)
    pr_url = open_pull_request(version)
    print(f'Opened PR: {pr_url}')

    create_version_tag(version)
    draft_url = create_github_release_draft(version, release_notes)
    print(f'Release draft created: {draft_url}')

    print(f'SUCCESS: Completed release process for v{version}')

```
"
E0_010,ml_data_code,Sarah,10.0,7.49,6.15,9.4,8.1,8.6,9.5,8.0,7.0,10.0,9.5,9.2,,"You are a senior software engineer performing an expert code review.

Analyze the following Python code and rate it on three dimensions. For ALL three, the scale is the same: 0 to 10 where 10 is BEST and 0 is WORST. Use one decimal place (e.g. 7.5).
  - security: 10 = no vulnerabilities or unsafe patterns; 0 = severe issues (injection, unsafe deserialization, weak crypto, hardcoded secrets).
  - complexity: 10 = simple and cheap (low time/space cost, low cyclomatic complexity); 0 = very complex/expensive. (A simpler algorithm scores HIGHER.)
  - maintainability: 10 = easy to read and maintain (clear naming, typing, docs, no duplication, well-structured); 0 = hard to maintain.

First, in 2-4 short sentences per dimension, explain what you observed in THIS code (cite line numbers). Then output the final scores on the LAST line in EXACTLY this format:
SCORES: security=<x.x>, complexity=<x.x>, maintainability=<x.x>

Code:
```python
""""""
Utility functions and objects for implementing the interchange API.
""""""

from __future__ import annotations

import typing

import numpy as np

from pandas._libs import lib

from pandas.core.dtypes.dtypes import (
    ArrowDtype,
    CategoricalDtype,
    DatetimeTZDtype,
)

import pandas as pd

if typing.TYPE_CHECKING:
    from pandas._typing import DtypeObj


# Maps str(pyarrow.DataType) = C type format string
# Currently, no pyarrow API for this
PYARROW_CTYPES = {
    ""null"": ""n"",
    ""bool"": ""b"",
    ""uint8"": ""C"",
    ""uint16"": ""S"",
    ""uint32"": ""I"",
    ""uint64"": ""L"",
    ""int8"": ""c"",
    ""int16"": ""S"",
    ""int32"": ""i"",
    ""int64"": ""l"",
    ""halffloat"": ""e"",  # float16
    ""float"": ""f"",  # float32
    ""double"": ""g"",  # float64
    ""string"": ""u"",
    ""large_string"": ""U"",
    ""binary"": ""z"",
    ""time32[s]"": ""tts"",
    ""time32[ms]"": ""ttm"",
    ""time64[us]"": ""ttu"",
    ""time64[ns]"": ""ttn"",
    ""date32[day]"": ""tdD"",
    ""date64[ms]"": ""tdm"",
    ""timestamp[s]"": ""tss:"",
    ""timestamp[ms]"": ""tsm:"",
    ""timestamp[us]"": ""tsu:"",
    ""timestamp[ns]"": ""tsn:"",
    ""duration[s]"": ""tDs"",
    ""duration[ms]"": ""tDm"",
    ""duration[us]"": ""tDu"",
    ""duration[ns]"": ""tDn"",
}


class ArrowCTypes:
    """"""
    Enum for Apache Arrow C type format strings.

    The Arrow C data interface:
    https://arrow.apache.org/docs/format/CDataInterface.html#data-type-description-format-strings
    """"""

    NULL = ""n""
    BOOL = ""b""
    INT8 = ""c""
    UINT8 = ""C""
    INT16 = ""s""
    UINT16 = ""S""
    INT32 = ""i""
    UINT32 = ""I""
    INT64 = ""l""
    UINT64 = ""L""
    FLOAT16 = ""e""
    FLOAT32 = ""f""
    FLOAT64 = ""g""
    STRING = ""u""  # utf-8
    LARGE_STRING = ""U""  # utf-8
    DATE32 = ""tdD""
    DATE64 = ""tdm""
    # Resoulution:
    #   - seconds -> 's'
    #   - milliseconds -> 'm'
    #   - microseconds -> 'u'
    #   - nanoseconds -> 'n'
    TIMESTAMP = ""ts{resolution}:{tz}""
    TIME = ""tt{resolution}""


class Endianness:
    """"""Enum indicating the byte-order of a data-type.""""""

    LITTLE = ""<""
    BIG = "">""
    NATIVE = ""=""
    NA = ""|""


def dtype_to_arrow_c_fmt(dtype: DtypeObj) -> str:
    """"""
    Represent pandas `dtype` as a format string in Apache Arrow C notation.

    Parameters
    ----------
    dtype : np.dtype
        Datatype of pandas DataFrame to represent.

    Returns
    -------
    str
        Format string in Apache Arrow C notation of the given `dtype`.
    """"""
    if isinstance(dtype, CategoricalDtype):
        return ArrowCTypes.INT64
    elif dtype == np.dtype(""O""):
        return ArrowCTypes.STRING
    elif isinstance(dtype, ArrowDtype):
        import pyarrow as pa

        pa_type = dtype.pyarrow_dtype
        if pa.types.is_decimal(pa_type):
            return f""d:{pa_type.precision},{pa_type.scale}""
        elif pa.types.is_timestamp(pa_type) and pa_type.tz is not None:
            return f""ts{pa_type.unit[0]}:{pa_type.tz}""
        format_str = PYARROW_CTYPES.get(str(pa_type), None)
        if format_str is not None:
            return format_str

    format_str = getattr(ArrowCTypes, dtype.name.upper(), None)
    if format_str is not None:
        return format_str

    if isinstance(dtype, pd.StringDtype):
        # TODO(infer_string) this should be LARGE_STRING for pyarrow storage,
        # but current tests don't cover this distinction
        return ArrowCTypes.STRING

    elif lib.is_np_dtype(dtype, ""M""):
        # Selecting the first char of resolution string:
        # dtype.str -> '<M8[ns]' -> 'n'
        resolution = np.datetime_data(dtype)[0][0]
        return ArrowCTypes.TIMESTAMP.format(resolution=resolution, tz="""")

    elif isinstance(dtype, DatetimeTZDtype):
        return ArrowCTypes.TIMESTAMP.format(resolution=dtype.unit[0], tz=dtype.tz)

    elif isinstance(dtype, pd.BooleanDtype):
        return ArrowCTypes.BOOL

    raise NotImplementedError(
        f""Conversion of {dtype} to Arrow C format string is not implemented.""
    )


def maybe_rechunk(series: pd.Series, *, allow_copy: bool) -> pd.Series | None:
    """"""
    Rechunk a multi-chunk pyarrow array into a single-chunk array, if necessary.

    - Returns `None` if the input series is not backed by a multi-chunk pyarrow array
      (and so doesn't need rechunking)
    - Returns a single-chunk-backed-Series if the input is backed by a multi-chunk
      pyarrow array and `allow_copy` is `True`.
    - Raises a `RuntimeError` if `allow_copy` is `False` and input is a
      based by a multi-chunk pyarrow array.
    """"""
    if not isinstance(series.dtype, pd.ArrowDtype):
        return None
    chunked_array = series.array._pa_array  # type: ignore[attr-defined]
    if len(chunked_array.chunks) == 1:
        return None
    if not allow_copy:
        raise RuntimeError(
            ""Found multi-chunk pyarrow array, but `allow_copy` is False. ""
            ""Please rechunk the array before calling this function, or set ""
            ""`allow_copy=True`.""
        )
    arr = chunked_array.combine_chunks()
    return pd.Series(arr, dtype=series.dtype, name=series.name, index=series.index)

```
"
E0_011,clean_documented,Sarah,10.0,9.85,6.33,9.7,9.8,9.6,9.5,9.5,8.5,10.0,10.0,9.3,,"You are a senior software engineer performing an expert code review.

Analyze the following Python code and rate it on three dimensions. For ALL three, the scale is the same: 0 to 10 where 10 is BEST and 0 is WORST. Use one decimal place (e.g. 7.5).
  - security: 10 = no vulnerabilities or unsafe patterns; 0 = severe issues (injection, unsafe deserialization, weak crypto, hardcoded secrets).
  - complexity: 10 = simple and cheap (low time/space cost, low cyclomatic complexity); 0 = very complex/expensive. (A simpler algorithm scores HIGHER.)
  - maintainability: 10 = easy to read and maintain (clear naming, typing, docs, no duplication, well-structured); 0 = hard to maintain.

First, in 2-4 short sentences per dimension, explain what you observed in THIS code (cite line numbers). Then output the final scores on the LAST line in EXACTLY this format:
SCORES: security=<x.x>, complexity=<x.x>, maintainability=<x.x>

Code:
```python
""""""
Clickjacking Protection Middleware.

This module provides a middleware that implements protection against a
malicious site loading resources from your site in a hidden frame.
""""""

from django.conf import settings
from django.utils.deprecation import MiddlewareMixin


class XFrameOptionsMiddleware(MiddlewareMixin):
    """"""
    Set the X-Frame-Options HTTP header in HTTP responses.

    Do not set the header if it's already set or if the response contains
    a xframe_options_exempt value set to True.

    By default, set the X-Frame-Options header to 'DENY', meaning the response
    cannot be displayed in a frame, regardless of the site attempting to do so.
    To enable the response to be loaded on a frame within the same site, set
    X_FRAME_OPTIONS in your project's Django settings to 'SAMEORIGIN'.
    """"""

    def process_response(self, request, response):
        # Don't set it if it's already in the response
        if response.get(""X-Frame-Options"") is not None:
            return response

        # Don't set it if they used @xframe_options_exempt
        if getattr(response, ""xframe_options_exempt"", False):
            return response

        response.headers[""X-Frame-Options""] = self.get_xframe_options_value(
            request,
            response,
        )
        return response

    def get_xframe_options_value(self, request, response):
        """"""
        Get the value to set for the X_FRAME_OPTIONS header. Use the value from
        the X_FRAME_OPTIONS setting, or 'DENY' if not set.

        This method can be overridden if needed, allowing it to vary based on
        the request or response.
        """"""
        return getattr(settings, ""X_FRAME_OPTIONS"", ""DENY"").upper()

```
"
E0_012,clean_documented,Sarah,0.01,9.87,8.11,8.6,9.3,9.4,6.5,9.5,7.0,9.5,9.9,9.5,,"You are a senior software engineer performing an expert code review.

Analyze the following Python code and rate it on three dimensions. For ALL three, the scale is the same: 0 to 10 where 10 is BEST and 0 is WORST. Use one decimal place (e.g. 7.5).
  - security: 10 = no vulnerabilities or unsafe patterns; 0 = severe issues (injection, unsafe deserialization, weak crypto, hardcoded secrets).
  - complexity: 10 = simple and cheap (low time/space cost, low cyclomatic complexity); 0 = very complex/expensive. (A simpler algorithm scores HIGHER.)
  - maintainability: 10 = easy to read and maintain (clear naming, typing, docs, no duplication, well-structured); 0 = hard to maintain.

First, in 2-4 short sentences per dimension, explain what you observed in THIS code (cite line numbers). Then output the final scores on the LAST line in EXACTLY this format:
SCORES: security=<x.x>, complexity=<x.x>, maintainability=<x.x>

Code:
```python
""""""Git utilities, adopted from mypy's git utilities (https://github.com/python/mypy/blob/master/mypy/git.py).""""""

from __future__ import annotations

import subprocess
from pathlib import Path


def is_git_repo(dir: Path) -> bool:
    """"""Is the given directory version-controlled with git?""""""
    return dir.joinpath('.git').exists()


def have_git() -> bool:  # pragma: no cover
    """"""Can we run the git executable?""""""
    try:
        subprocess.check_output(['git', '--help'])
        return True
    except subprocess.CalledProcessError:
        return False
    except OSError:
        return False


def git_revision(dir: Path) -> str:
    """"""Get the SHA-1 of the HEAD of a git repository.""""""
    return subprocess.check_output(['git', 'rev-parse', '--short', 'HEAD'], cwd=dir).decode('utf-8').strip()

```
"
E0_013,ml_data_code,Sarah,10.0,7.74,5.56,9.7,9.6,8.9,8.5,8.5,5.5,10.0,10.0,9.0,,"You are a senior software engineer performing an expert code review.

Analyze the following Python code and rate it on three dimensions. For ALL three, the scale is the same: 0 to 10 where 10 is BEST and 0 is WORST. Use one decimal place (e.g. 7.5).
  - security: 10 = no vulnerabilities or unsafe patterns; 0 = severe issues (injection, unsafe deserialization, weak crypto, hardcoded secrets).
  - complexity: 10 = simple and cheap (low time/space cost, low cyclomatic complexity); 0 = very complex/expensive. (A simpler algorithm scores HIGHER.)
  - maintainability: 10 = easy to read and maintain (clear naming, typing, docs, no duplication, well-structured); 0 = hard to maintain.

First, in 2-4 short sentences per dimension, explain what you observed in THIS code (cite line numbers). Then output the final scores on the LAST line in EXACTLY this format:
SCORES: security=<x.x>, complexity=<x.x>, maintainability=<x.x>

Code:
```python
import numpy as np

import pandas as pd
from pandas import DataFrame

try:
    from pandas.core.construction import extract_array
except ImportError:
    extract_array = None


class DataFrameAttributes:
    def setup(self):
        self.df = DataFrame(np.random.randn(10, 6))
        self.cur_index = self.df.index

    def time_get_index(self):
        self.df.index

    def time_set_index(self):
        self.df.index = self.cur_index


class SeriesArrayAttribute:
    params = [[""numeric"", ""object"", ""category"", ""datetime64"", ""datetime64tz""]]
    param_names = [""dtype""]

    def setup(self, dtype):
        if dtype == ""numeric"":
            self.series = pd.Series([1, 2, 3])
        elif dtype == ""object"":
            self.series = pd.Series([""a"", ""b"", ""c""], dtype=object)
        elif dtype == ""category"":
            self.series = pd.Series([""a"", ""b"", ""c""], dtype=""category"")
        elif dtype == ""datetime64"":
            self.series = pd.Series(pd.date_range(""2013"", periods=3))
        elif dtype == ""datetime64tz"":
            self.series = pd.Series(pd.date_range(""2013"", periods=3, tz=""UTC""))

    def time_array(self, dtype):
        self.series.array

    def time_extract_array(self, dtype):
        extract_array(self.series)

    def time_extract_array_numpy(self, dtype):
        extract_array(self.series, extract_numpy=True)


from .pandas_vb_common import setup  # noqa: F401 isort:skip

```
"
E0_014,legacy_mixed,Sarah,10.0,8.34,4.97,9.4,8.8,8.7,9.0,8.5,7.5,10.0,9.0,6.5,,"You are a senior software engineer performing an expert code review.

Analyze the following Python code and rate it on three dimensions. For ALL three, the scale is the same: 0 to 10 where 10 is BEST and 0 is WORST. Use one decimal place (e.g. 7.5).
  - security: 10 = no vulnerabilities or unsafe patterns; 0 = severe issues (injection, unsafe deserialization, weak crypto, hardcoded secrets).
  - complexity: 10 = simple and cheap (low time/space cost, low cyclomatic complexity); 0 = very complex/expensive. (A simpler algorithm scores HIGHER.)
  - maintainability: 10 = easy to read and maintain (clear naming, typing, docs, no duplication, well-structured); 0 = hard to maintain.

First, in 2-4 short sentences per dimension, explain what you observed in THIS code (cite line numbers). Then output the final scores on the LAST line in EXACTLY this format:
SCORES: security=<x.x>, complexity=<x.x>, maintainability=<x.x>

Code:
```python
""""""UnitDbl module.""""""

import functools
import operator

from matplotlib import _api


class UnitDbl:
    """"""Class UnitDbl in development.""""""

    # Unit conversion table.  Small subset of the full one but enough
    # to test the required functions.  First field is a scale factor to
    # convert the input units to the units of the second field.  Only
    # units in this table are allowed.
    allowed = {
        ""m"": (0.001, ""km""),
        ""km"": (1, ""km""),
        ""mile"": (1.609344, ""km""),

        ""rad"": (1, ""rad""),
        ""deg"": (1.745329251994330e-02, ""rad""),

        ""sec"": (1, ""sec""),
        ""min"": (60.0, ""sec""),
        ""hour"": (3600, ""sec""),
        }

    _types = {
        ""km"": ""distance"",
        ""rad"": ""angle"",
        ""sec"": ""time"",
        }

    def __init__(self, value, units):
        """"""
        Create a new UnitDbl object.

        Units are internally converted to km, rad, and sec.  The only
        valid inputs for units are [m, km, mile, rad, deg, sec, min, hour].

        The field UnitDbl.value will contain the converted value.  Use
        the convert() method to get a specific type of units back.

        = ERROR CONDITIONS
        - If the input units are not in the allowed list, an error is thrown.

        = INPUT VARIABLES
        - value     The numeric value of the UnitDbl.
        - units     The string name of the units the value is in.
        """"""
        data = _api.getitem_checked(self.allowed, units=units)
        self._value = float(value * data[0])
        self._units = data[1]

    def convert(self, units):
        """"""
        Convert the UnitDbl to a specific set of units.

        = ERROR CONDITIONS
        - If the input units are not in the allowed list, an error is thrown.

        = INPUT VARIABLES
        - units     The string name of the units to convert to.

        = RETURN VALUE
        - Returns the value of the UnitDbl in the requested units as a floating
          point number.
        """"""
        if self._units == units:
            return self._value
        data = _api.getitem_checked(self.allowed, units=units)
        if self._units != data[1]:
            raise ValueError(f""Error trying to convert to different units.\n""
                             f""    Invalid conversion requested.\n""
                             f""    UnitDbl: {self}\n""
                             f""    Units:   {units}\n"")
        return self._value / data[0]

    def __abs__(self):
        """"""Return the absolute value of this UnitDbl.""""""
        return UnitDbl(abs(self._value), self._units)

    def __neg__(self):
        """"""Return the negative value of this UnitDbl.""""""
        return UnitDbl(-self._value, self._units)

    def __bool__(self):
        """"""Return the truth value of a UnitDbl.""""""
        return bool(self._value)

    def _cmp(self, op, rhs):
        """"""Check that *self* and *rhs* share units; compare them using *op*.""""""
        self.checkSameUnits(rhs, ""compare"")
        return op(self._value, rhs._value)

    __eq__ = functools.partialmethod(_cmp, operator.eq)
    __ne__ = functools.partialmethod(_cmp, operator.ne)
    __lt__ = functools.partialmethod(_cmp, operator.lt)
    __le__ = functools.partialmethod(_cmp, operator.le)
    __gt__ = functools.partialmethod(_cmp, operator.gt)
    __ge__ = functools.partialmethod(_cmp, operator.ge)

    def _binop_unit_unit(self, op, rhs):
        """"""Check that *self* and *rhs* share units; combine them using *op*.""""""
        self.checkSameUnits(rhs, op.__name__)
        return UnitDbl(op(self._value, rhs._value), self._units)

    __add__ = functools.partialmethod(_binop_unit_unit, operator.add)
    __sub__ = functools.partialmethod(_binop_unit_unit, operator.sub)

    def _binop_unit_scalar(self, op, scalar):
        """"""Combine *self* and *scalar* using *op*.""""""
        return UnitDbl(op(self._value, scalar), self._units)

    __mul__ = functools.partialmethod(_binop_unit_scalar, operator.mul)
    __rmul__ = functools.partialmethod(_binop_unit_scalar, operator.mul)

    def __str__(self):
        """"""Print the UnitDbl.""""""
        return f""{self._value:g} *{self._units}""

    def __repr__(self):
        """"""Print the UnitDbl.""""""
        return f""UnitDbl({self._value:g}, '{self._units}')""

    def type(self):
        """"""Return the type of UnitDbl data.""""""
        return self._types[self._units]

    @staticmethod
    def range(start, stop, step=None):
        """"""
        Generate a range of UnitDbl objects.

        Similar to the Python range() method.  Returns the range [
        start, stop) at the requested step.  Each element will be a
        UnitDbl object.

        = INPUT VARIABLES
        - start     The starting value of the range.
        - stop      The stop value of the range.
        - step      Optional step to use.  If set to None, then a UnitDbl of
                      value 1 w/ the units of the start is used.

        = RETURN VALUE
        - Returns a list containing the requested UnitDbl values.
        """"""
        if step is None:
            step = UnitDbl(1, start._units)

        elems = []

        i = 0
        while True:
            d = start + i * step
            if d >= stop:
                break

            elems.append(d)
            i += 1

        return elems

    def checkSameUnits(self, rhs, func):
        """"""
        Check to see if units are the same.

        = ERROR CONDITIONS
        - If the units of the rhs UnitDbl are not the same as our units,
          an error is thrown.

        = INPUT VARIABLES
        - rhs     The UnitDbl to check for the same units
        - func    The name of the function doing the check.
        """"""
        if self._units != rhs._units:
            raise ValueError(f""Cannot {func} units of different types.\n""
                             f""LHS: {self._units}\n""
                             f""RHS: {rhs._units}"")

```
"
E0_015,security_sensitive,Sarah,10.0,7.94,5.65,9.6,9.4,9.2,7.5,9.0,7.0,10.0,10.0,9.2,,"You are a senior software engineer performing an expert code review.

Analyze the following Python code and rate it on three dimensions. For ALL three, the scale is the same: 0 to 10 where 10 is BEST and 0 is WORST. Use one decimal place (e.g. 7.5).
  - security: 10 = no vulnerabilities or unsafe patterns; 0 = severe issues (injection, unsafe deserialization, weak crypto, hardcoded secrets).
  - complexity: 10 = simple and cheap (low time/space cost, low cyclomatic complexity); 0 = very complex/expensive. (A simpler algorithm scores HIGHER.)
  - maintainability: 10 = easy to read and maintain (clear naming, typing, docs, no duplication, well-structured); 0 = hard to maintain.

First, in 2-4 short sentences per dimension, explain what you observed in THIS code (cite line numbers). Then output the final scores on the LAST line in EXACTLY this format:
SCORES: security=<x.x>, complexity=<x.x>, maintainability=<x.x>

Code:
```python
""""""
Creates the default Site object.
""""""

from django.apps import apps as global_apps
from django.conf import settings
from django.core.management.color import no_style
from django.db import DEFAULT_DB_ALIAS, connections, router


def create_default_site(
    app_config,
    verbosity=2,
    interactive=True,
    using=DEFAULT_DB_ALIAS,
    apps=global_apps,
    **kwargs,
):
    try:
        Site = apps.get_model(""sites"", ""Site"")
    except LookupError:
        return

    if not router.allow_migrate_model(using, Site):
        return

    if not Site.objects.using(using).exists():
        # The default settings set SITE_ID = 1, and some tests in Django's test
        # suite rely on this value. However, if database sequences are reused
        # (e.g. in the test suite after flush/syncdb), it isn't guaranteed that
        # the next id will be 1, so we coerce it. See #15573 and #16353. This
        # can also crop up outside of tests - see #15346.
        if verbosity >= 2:
            print(""Creating example.com Site object"")
        Site(
            pk=getattr(settings, ""SITE_ID"", 1), domain=""example.com"", name=""example.com""
        ).save(using=using)

        # We set an explicit pk instead of relying on auto-incrementation,
        # so we need to reset the database sequence. See #17415.
        sequence_sql = connections[using].ops.sequence_reset_sql(no_style(), [Site])
        if sequence_sql:
            if verbosity >= 2:
                print(""Resetting sequence"")
            with connections[using].cursor() as cursor:
                for command in sequence_sql:
                    cursor.execute(command)

```
"
E0_016,complex_algorithms,Sarah,10.0,4.11,6.18,9.5,8.4,8.7,7.0,9.0,7.0,9.0,9.5,8.5,,"You are a senior software engineer performing an expert code review.

Analyze the following Python code and rate it on three dimensions. For ALL three, the scale is the same: 0 to 10 where 10 is BEST and 0 is WORST. Use one decimal place (e.g. 7.5).
  - security: 10 = no vulnerabilities or unsafe patterns; 0 = severe issues (injection, unsafe deserialization, weak crypto, hardcoded secrets).
  - complexity: 10 = simple and cheap (low time/space cost, low cyclomatic complexity); 0 = very complex/expensive. (A simpler algorithm scores HIGHER.)
  - maintainability: 10 = easy to read and maintain (clear naming, typing, docs, no duplication, well-structured); 0 = hard to maintain.

First, in 2-4 short sentences per dimension, explain what you observed in THIS code (cite line numbers). Then output the final scores on the LAST line in EXACTLY this format:
SCORES: security=<x.x>, complexity=<x.x>, maintainability=<x.x>

Code:
```python
""""""
This module provides the following: read and write of p2g format
used in metabolic pathway studies.

See:
<https://web.archive.org/web/20080626113807/http://www.cs.purdue.edu/homes/koyuturk/pathway/>
for a description.

The summary is included here:

A file that describes a uniquely labeled graph (with extension "".gr"")
format looks like the following:


name
3 4
a
1 2
b

c
0 2

""name"" is simply a description of what the graph corresponds to. The
second line displays the number of nodes and number of edges,
respectively. This sample graph contains three nodes labeled ""a"", ""b"",
and ""c"". The rest of the graph contains two lines for each node. The
first line for a node contains the node label. After the declaration
of the node label, the out-edges of that node in the graph are
provided. For instance, ""a"" is linked to nodes 1 and 2, which are
labeled ""b"" and ""c"", while the node labeled ""b"" has no outgoing
edges. Observe that node labeled ""c"" has an outgoing edge to
itself. Indeed, self-loops are allowed. Node index starts from 0.

""""""

import networkx as nx
from networkx.utils import open_file


@open_file(1, mode=""w"")
def write_p2g(G, path, encoding=""utf-8""):
    """"""Write NetworkX graph in p2g format.

    Notes
    -----
    This format is meant to be used with directed graphs with
    possible self loops.
    """"""
    path.write((f""{G.name}\n"").encode(encoding))
    path.write((f""{G.order()} {G.size()}\n"").encode(encoding))
    nodes = list(G)
    # make dictionary mapping nodes to integers
    nodenumber = dict(zip(nodes, range(len(nodes))))
    for n in nodes:
        path.write((f""{n}\n"").encode(encoding))
        for nbr in G.neighbors(n):
            path.write((f""{nodenumber[nbr]} "").encode(encoding))
        path.write(""\n"".encode(encoding))


@open_file(0, mode=""r"")
@nx._dispatchable(graphs=None, returns_graph=True)
def read_p2g(path, encoding=""utf-8""):
    """"""Read graph in p2g format from path.

    Parameters
    ----------
    path : string or file
       Filename or file handle to read.
       Filenames ending in .gz or .bz2 will be decompressed.

    Returns
    -------
    MultiDiGraph

    Notes
    -----
    If you want a DiGraph (with no self loops allowed and no edge data)
    use D=nx.DiGraph(read_p2g(path))
    """"""
    lines = (line.decode(encoding) for line in path)
    G = parse_p2g(lines)
    return G


@nx._dispatchable(graphs=None, returns_graph=True)
def parse_p2g(lines):
    """"""Parse p2g format graph from string or iterable.

    Returns
    -------
    MultiDiGraph
    """"""
    description = next(lines).strip()
    # are multiedges (parallel edges) allowed?
    G = nx.MultiDiGraph(name=description, selfloops=True)
    nnodes, nedges = map(int, next(lines).split())
    nodelabel = {}
    nbrs = {}
    # loop over the nodes keeping track of node labels and out neighbors
    # defer adding edges until all node labels are known
    for i in range(nnodes):
        n = next(lines).strip()
        nodelabel[i] = n
        G.add_node(n)
        nbrs[n] = map(int, next(lines).split())
    # now we know all of the node labels so we can add the edges
    # with the correct labels
    for n in G:
        for nbr in nbrs[n]:
            G.add_edge(n, nodelabel[nbr])
    return G

```
"
E0_017,clean_documented,Sarah,10.0,9.72,5.61,9.3,8.9,8.6,9.0,8.5,7.0,10.0,10.0,8.8,,"You are a senior software engineer performing an expert code review.

Analyze the following Python code and rate it on three dimensions. For ALL three, the scale is the same: 0 to 10 where 10 is BEST and 0 is WORST. Use one decimal place (e.g. 7.5).
  - security: 10 = no vulnerabilities or unsafe patterns; 0 = severe issues (injection, unsafe deserialization, weak crypto, hardcoded secrets).
  - complexity: 10 = simple and cheap (low time/space cost, low cyclomatic complexity); 0 = very complex/expensive. (A simpler algorithm scores HIGHER.)
  - maintainability: 10 = easy to read and maintain (clear naming, typing, docs, no duplication, well-structured); 0 = hard to maintain.

First, in 2-4 short sentences per dimension, explain what you observed in THIS code (cite line numbers). Then output the final scores on the LAST line in EXACTLY this format:
SCORES: security=<x.x>, complexity=<x.x>, maintainability=<x.x>

Code:
```python
""""""Module containing bug report helper(s).""""""

import json
import platform
import ssl
import sys
from typing import Any

import idna
import urllib3

from . import __version__ as requests_version

try:
    import charset_normalizer
except ImportError:
    charset_normalizer = None

try:
    import chardet
except ImportError:
    chardet = None

try:
    from urllib3.contrib import pyopenssl
except ImportError:
    pyopenssl = None
    OpenSSL = None
    cryptography = None
else:
    import cryptography
    import OpenSSL


def _implementation():
    """"""Return a dict with the Python implementation and version.

    Provide both the name and the version of the Python implementation
    currently running. For example, on CPython 3.10.3 it will return
    {'name': 'CPython', 'version': '3.10.3'}.

    This function works best on CPython and PyPy: in particular, it probably
    doesn't work for Jython or IronPython. Future investigation should be done
    to work out the correct shape of the code for those platforms.
    """"""
    implementation = platform.python_implementation()

    if implementation == ""CPython"":
        implementation_version = platform.python_version()
    elif implementation == ""PyPy"":
        pypy = sys.pypy_version_info  # type: ignore[attr-defined]
        implementation_version = f""{pypy.major}.{pypy.minor}.{pypy.micro}""  # pyright: ignore[reportUnknownMemberType]
        if sys.pypy_version_info.releaselevel != ""final"":  # type: ignore[attr-defined]
            implementation_version = """".join(
                [implementation_version, sys.pypy_version_info.releaselevel]  # type: ignore[attr-defined]
            )
    elif implementation == ""Jython"":
        implementation_version = platform.python_version()  # Complete Guess
    elif implementation == ""IronPython"":
        implementation_version = platform.python_version()  # Complete Guess
    else:
        implementation_version = ""Unknown""

    return {""name"": implementation, ""version"": implementation_version}


def info() -> dict[str, Any]:
    """"""Generate information for a bug report.""""""
    try:
        platform_info = {
            ""system"": platform.system(),
            ""release"": platform.release(),
        }
    except OSError:
        platform_info = {
            ""system"": ""Unknown"",
            ""release"": ""Unknown"",
        }

    implementation_info = _implementation()
    urllib3_info = {""version"": urllib3.__version__}  # type: ignore[reportPrivateImportUsage]
    charset_normalizer_info = {""version"": None}
    chardet_info: dict[str, str | None] = {""version"": None}
    if charset_normalizer:
        charset_normalizer_info = {""version"": charset_normalizer.__version__}
    if chardet:
        chardet_info = {""version"": chardet.__version__}

    pyopenssl_info: dict[str, str | None] = {
        ""version"": None,
        ""openssl_version"": """",
    }
    if OpenSSL:
        pyopenssl_info = {
            ""version"": OpenSSL.__version__,
            ""openssl_version"": f""{OpenSSL.SSL.OPENSSL_VERSION_NUMBER:x}"",
        }
    cryptography_info = {
        ""version"": getattr(cryptography, ""__version__"", """"),
    }
    idna_info = {
        ""version"": getattr(idna, ""__version__"", """"),
    }

    system_ssl = ssl.OPENSSL_VERSION_NUMBER
    system_ssl_info = {""version"": f""{system_ssl:x}"" if system_ssl is not None else """"}  # type: ignore[reportUnnecessaryComparison]

    return {
        ""platform"": platform_info,
        ""implementation"": implementation_info,
        ""system_ssl"": system_ssl_info,
        ""using_pyopenssl"": pyopenssl is not None,
        ""using_charset_normalizer"": chardet is None,
        ""pyOpenSSL"": pyopenssl_info,
        ""urllib3"": urllib3_info,
        ""chardet"": chardet_info,
        ""charset_normalizer"": charset_normalizer_info,
        ""cryptography"": cryptography_info,
        ""idna"": idna_info,
        ""requests"": {
            ""version"": requests_version,
        },
    }


def main():
    """"""Pretty-print the bug information as JSON.""""""
    print(json.dumps(info(), sort_keys=True, indent=2))


if __name__ == ""__main__"":
    main()

```
"
E0_018,complex_algorithms,Sarah,10.0,8.1,6.74,9.2,9.8,9.0,7.5,9.5,7.0,9.2,10.0,10.0,,"You are a senior software engineer performing an expert code review.

Analyze the following Python code and rate it on three dimensions. For ALL three, the scale is the same: 0 to 10 where 10 is BEST and 0 is WORST. Use one decimal place (e.g. 7.5).
  - security: 10 = no vulnerabilities or unsafe patterns; 0 = severe issues (injection, unsafe deserialization, weak crypto, hardcoded secrets).
  - complexity: 10 = simple and cheap (low time/space cost, low cyclomatic complexity); 0 = very complex/expensive. (A simpler algorithm scores HIGHER.)
  - maintainability: 10 = easy to read and maintain (clear naming, typing, docs, no duplication, well-structured); 0 = hard to maintain.

First, in 2-4 short sentences per dimension, explain what you observed in THIS code (cite line numbers). Then output the final scores on the LAST line in EXACTLY this format:
SCORES: security=<x.x>, complexity=<x.x>, maintainability=<x.x>

Code:
```python
#!/usr/bin/env python
""""""Generate requirements/*.txt files from pyproject.toml.""""""

from pathlib import Path

import tomllib as toml

script_pth = Path(__file__)
repo_dir = script_pth.parent.parent
script_relpth = script_pth.relative_to(repo_dir)
header = [
    f""# Generated via {script_relpth.as_posix()} and pre-commit hook."",
    ""# Do not edit this file; modify pyproject.toml instead."",
]


def generate_requirement_file(name: str, req_list: list[str]) -> None:
    req_fname = repo_dir / ""requirements"" / f""{name}.txt""
    req_fname.write_text(""\n"".join(header + req_list) + ""\n"")


def main() -> None:
    pyproject = toml.loads((repo_dir / ""pyproject.toml"").read_text())

    generate_requirement_file(""default"", pyproject[""project""][""dependencies""])

    for key, opt_list in pyproject[""project""][""optional-dependencies""].items():
        generate_requirement_file(key, opt_list)


if __name__ == ""__main__"":
    main()

```
"
E0_019,security_sensitive,Sarah,10.0,9.9,06.01,9.5,9.6,8.6,9.0,9.0,7.0,10.0,10.0,9.0,,"You are a senior software engineer performing an expert code review.

Analyze the following Python code and rate it on three dimensions. For ALL three, the scale is the same: 0 to 10 where 10 is BEST and 0 is WORST. Use one decimal place (e.g. 7.5).
  - security: 10 = no vulnerabilities or unsafe patterns; 0 = severe issues (injection, unsafe deserialization, weak crypto, hardcoded secrets).
  - complexity: 10 = simple and cheap (low time/space cost, low cyclomatic complexity); 0 = very complex/expensive. (A simpler algorithm scores HIGHER.)
  - maintainability: 10 = easy to read and maintain (clear naming, typing, docs, no duplication, well-structured); 0 = hard to maintain.

First, in 2-4 short sentences per dimension, explain what you observed in THIS code (cite line numbers). Then output the final scores on the LAST line in EXACTLY this format:
SCORES: security=<x.x>, complexity=<x.x>, maintainability=<x.x>

Code:
```python
from functools import wraps
from inspect import iscoroutinefunction

from django.middleware.cache import CacheMiddleware
from django.utils.cache import add_never_cache_headers, patch_cache_control
from django.utils.decorators import decorator_from_middleware_with_args


def cache_page(timeout, *, cache=None, key_prefix=None):
    """"""
    Decorator for views that tries getting the page from the cache and
    populates the cache if the page isn't in the cache yet.

    The cache is keyed by the URL and some data from the headers.
    Additionally there is the key prefix that is used to distinguish different
    cache areas in a multi-site setup. You could use the
    get_current_site().domain, for example, as that is unique across a Django
    project.

    Additionally, all headers from the response's Vary header will be taken
    into account on caching -- just like the middleware does.
    """"""
    return decorator_from_middleware_with_args(CacheMiddleware)(
        page_timeout=timeout,
        cache_alias=cache,
        key_prefix=key_prefix,
    )


def _check_request(request, decorator_name):
    # Ensure argument looks like a request.
    if not hasattr(request, ""META""):
        raise TypeError(
            f""{decorator_name} didn't receive an HttpRequest. If you are ""
            ""decorating a classmethod, be sure to use @method_decorator.""
        )


def cache_control(**kwargs):
    def _cache_controller(viewfunc):
        if iscoroutinefunction(viewfunc):

            async def _view_wrapper(request, *args, **kw):
                _check_request(request, ""cache_control"")
                response = await viewfunc(request, *args, **kw)
                patch_cache_control(response, **kwargs)
                return response

        else:

            def _view_wrapper(request, *args, **kw):
                _check_request(request, ""cache_control"")
                response = viewfunc(request, *args, **kw)
                patch_cache_control(response, **kwargs)
                return response

        return wraps(viewfunc)(_view_wrapper)

    return _cache_controller


def never_cache(view_func):
    """"""
    Decorator that adds headers to a response so that it will never be cached.
    """"""

    if iscoroutinefunction(view_func):

        async def _view_wrapper(request, *args, **kwargs):
            _check_request(request, ""never_cache"")
            response = await view_func(request, *args, **kwargs)
            add_never_cache_headers(response)
            return response

    else:

        def _view_wrapper(request, *args, **kwargs):
            _check_request(request, ""never_cache"")
            response = view_func(request, *args, **kwargs)
            add_never_cache_headers(response)
            return response

    return wraps(view_func)(_view_wrapper)

```
"
E0_020,clean_documented,Sarah,10.0,08.08,6.83,8.7,9.7,9.1,7.5,9.0,7.0,9.5,10.0,9.2,,"You are a senior software engineer performing an expert code review.

Analyze the following Python code and rate it on three dimensions. For ALL three, the scale is the same: 0 to 10 where 10 is BEST and 0 is WORST. Use one decimal place (e.g. 7.5).
  - security: 10 = no vulnerabilities or unsafe patterns; 0 = severe issues (injection, unsafe deserialization, weak crypto, hardcoded secrets).
  - complexity: 10 = simple and cheap (low time/space cost, low cyclomatic complexity); 0 = very complex/expensive. (A simpler algorithm scores HIGHER.)
  - maintainability: 10 = easy to read and maintain (clear naming, typing, docs, no duplication, well-structured); 0 = hard to maintain.

First, in 2-4 short sentences per dimension, explain what you observed in THIS code (cite line numbers). Then output the final scores on the LAST line in EXACTLY this format:
SCORES: security=<x.x>, complexity=<x.x>, maintainability=<x.x>

Code:
```python
""""""
requests.hooks
~~~~~~~~~~~~~~

This module provides the capabilities for the Requests hooks system.

Available hooks:

``response``:
    The response generated from a Request.
""""""

from __future__ import annotations

from collections.abc import Callable, Iterable
from typing import TYPE_CHECKING, Any

if TYPE_CHECKING:
    from . import _types as _t
    from .models import Response

HOOKS: list[str] = [""response""]


def default_hooks() -> dict[str, list[_t.HookType]]:
    return {event: [] for event in HOOKS}


# TODO: response is the only one


def dispatch_hook(
    key: str,
    hooks: _t.HooksInputType | None,
    hook_data: Response,
    **kwargs: Any,
) -> Response:
    """"""Dispatches a hook dictionary on a given piece of data.""""""
    hooks_dict = hooks or {}
    hook_list: Iterable[_t.HookType] | _t.HookType | None = hooks_dict.get(key)
    if hook_list:
        if isinstance(hook_list, Callable):
            hook_list = [hook_list]
        for hook in hook_list:
            _hook_data = hook(hook_data, **kwargs)
            if _hook_data is not None:
                hook_data = _hook_data
    return hook_data

```
"
E0_021,legacy_mixed,Sarah,10.0,7.93,4.63,9.6,7.8,6.9,8.5,7.5,6.0,10.0,7.0,6.5,,"You are a senior software engineer performing an expert code review.

Analyze the following Python code and rate it on three dimensions. For ALL three, the scale is the same: 0 to 10 where 10 is BEST and 0 is WORST. Use one decimal place (e.g. 7.5).
  - security: 10 = no vulnerabilities or unsafe patterns; 0 = severe issues (injection, unsafe deserialization, weak crypto, hardcoded secrets).
  - complexity: 10 = simple and cheap (low time/space cost, low cyclomatic complexity); 0 = very complex/expensive. (A simpler algorithm scores HIGHER.)
  - maintainability: 10 = easy to read and maintain (clear naming, typing, docs, no duplication, well-structured); 0 = hard to maintain.

First, in 2-4 short sentences per dimension, explain what you observed in THIS code (cite line numbers). Then output the final scores on the LAST line in EXACTLY this format:
SCORES: security=<x.x>, complexity=<x.x>, maintainability=<x.x>

Code:
```python
import matplotlib.axes as maxes
from matplotlib.artist import Artist
from matplotlib.axis import XAxis, YAxis


class SimpleChainedObjects:
    def __init__(self, objects):
        self._objects = objects

    def __getattr__(self, k):
        _a = SimpleChainedObjects([getattr(a, k) for a in self._objects])
        return _a

    def __call__(self, *args, **kwargs):
        for m in self._objects:
            m(*args, **kwargs)


class Axes(maxes.Axes):

    class AxisDict(dict):
        def __init__(self, axes):
            self.axes = axes
            super().__init__()

        def __getitem__(self, k):
            if isinstance(k, tuple):
                r = SimpleChainedObjects(
                    # super() within a list comprehension needs explicit args.
                    [super(Axes.AxisDict, self).__getitem__(k1) for k1 in k])
                return r
            elif isinstance(k, slice):
                if k.start is None and k.stop is None and k.step is None:
                    return SimpleChainedObjects(list(self.values()))
                else:
                    raise ValueError(""Unsupported slice"")
            else:
                return dict.__getitem__(self, k)

        def __call__(self, *v, **kwargs):
            return maxes.Axes.axis(self.axes, *v, **kwargs)

    @property
    def axis(self):
        return self._axislines

    def clear(self):
        # docstring inherited
        super().clear()
        # Init axis artists.
        self._axislines = self.AxisDict(self)
        self._axislines.update(
            bottom=SimpleAxisArtist(self.xaxis, 1, self.spines[""bottom""]),
            top=SimpleAxisArtist(self.xaxis, 2, self.spines[""top""]),
            left=SimpleAxisArtist(self.yaxis, 1, self.spines[""left""]),
            right=SimpleAxisArtist(self.yaxis, 2, self.spines[""right""]))


class SimpleAxisArtist(Artist):
    def __init__(self, axis, axisnum, spine):
        self._axis = axis
        self._axisnum = axisnum
        self.line = spine

        if isinstance(axis, XAxis):
            self._axis_direction = [""bottom"", ""top""][axisnum-1]
        elif isinstance(axis, YAxis):
            self._axis_direction = [""left"", ""right""][axisnum-1]
        else:
            raise ValueError(
                f""axis must be instance of XAxis or YAxis, but got {axis}"")
        super().__init__()

    @property
    def major_ticks(self):
        tickline = ""tick%dline"" % self._axisnum
        return SimpleChainedObjects([getattr(tick, tickline)
                                     for tick in self._axis.get_major_ticks()])

    @property
    def major_ticklabels(self):
        label = ""label%d"" % self._axisnum
        return SimpleChainedObjects([getattr(tick, label)
                                     for tick in self._axis.get_major_ticks()])

    @property
    def label(self):
        return self._axis.label

    def set_visible(self, b):
        self.toggle(all=b)
        self.line.set_visible(b)
        self._axis.set_visible(True)
        super().set_visible(b)

    def set_label(self, txt):
        self._axis.set_label_text(txt)

    def toggle(self, all=None, ticks=None, ticklabels=None, label=None):

        if all:
            _ticks, _ticklabels, _label = True, True, True
        elif all is not None:
            _ticks, _ticklabels, _label = False, False, False
        else:
            _ticks, _ticklabels, _label = None, None, None

        if ticks is not None:
            _ticks = ticks
        if ticklabels is not None:
            _ticklabels = ticklabels
        if label is not None:
            _label = label

        if _ticks is not None:
            tickparam = {f""tick{self._axisnum}On"": _ticks}
            self._axis.set_tick_params(**tickparam)
        if _ticklabels is not None:
            tickparam = {f""label{self._axisnum}On"": _ticklabels}
            self._axis.set_tick_params(**tickparam)

        if _label is not None:
            pos = self._axis.get_label_position()
            if (pos == self._axis_direction) and not _label:
                self._axis.label.set_visible(False)
            elif _label:
                self._axis.label.set_visible(True)
                self._axis.set_label_position(self._axis_direction)

```
"
E0_022,legacy_mixed,Sarah,10.0,7.77,5.65,6.8,9.4,8.1,4.0,8.5,6.0,3.0,8.0,7.5,,"You are a senior software engineer performing an expert code review.

Analyze the following Python code and rate it on three dimensions. For ALL three, the scale is the same: 0 to 10 where 10 is BEST and 0 is WORST. Use one decimal place (e.g. 7.5).
  - security: 10 = no vulnerabilities or unsafe patterns; 0 = severe issues (injection, unsafe deserialization, weak crypto, hardcoded secrets).
  - complexity: 10 = simple and cheap (low time/space cost, low cyclomatic complexity); 0 = very complex/expensive. (A simpler algorithm scores HIGHER.)
  - maintainability: 10 = easy to read and maintain (clear naming, typing, docs, no duplication, well-structured); 0 = hard to maintain.

First, in 2-4 short sentences per dimension, explain what you observed in THIS code (cite line numbers). Then output the final scores on the LAST line in EXACTLY this format:
SCORES: security=<x.x>, complexity=<x.x>, maintainability=<x.x>

Code:
```python
""""""Smoke tests tasks.""""""

from __future__ import annotations

import os
import sys
from signal import SIGKILL
from time import sleep

import celery.utils
from celery import Task, shared_task, signature
from celery.canvas import Signature
from t.integration.tasks import *  # noqa
from t.integration.tasks import replaced_with_me


@shared_task
def noop(*args, **kwargs) -> None:
    return celery.utils.noop(*args, **kwargs)


@shared_task
def long_running_task(seconds: float = 1, verbose: bool = False) -> bool:
    from celery import current_task
    from celery.utils.log import get_task_logger

    logger = get_task_logger(current_task.name)

    logger.info(""Starting long running task"")

    for i in range(0, int(seconds)):
        sleep(1)
        if verbose:
            logger.info(f""Sleeping: {i}"")

    logger.info(""Finished long running task"")

    return True


@shared_task(soft_time_limit=3, time_limit=5)
def soft_time_limit_lower_than_time_limit():
    sleep(4)


@shared_task(soft_time_limit=5, time_limit=3)
def soft_time_limit_must_exceed_time_limit():
    pass


@shared_task(bind=True)
def replace_with_task(self: Task, replace_with: Signature = None):
    if replace_with is None:
        replace_with = replaced_with_me.s()
    return self.replace(signature(replace_with))


@shared_task
def self_termination_sigkill():
    """"""Forceful termination.""""""
    os.kill(os.getpid(), SIGKILL)


@shared_task
def self_termination_system_exit():
    """"""Triggers a system exit to simulate a critical stop of the Celery worker.""""""
    sys.exit(1)


@shared_task(bind=True, default_retry_delay=3, max_retries=1)
def countdown_task_with_retry(self):
    """"""Task that fails once then succeeds. For cycle detection tests.""""""
    if self.request.retries < 1:
        raise self.retry(exc=Exception(""Simulated failure""))
    return self.request.retries


@shared_task(bind=True, max_retries=2)
def non_eta_task_with_retries(self):
    """"""Task that fails twice then succeeds. For cycle detection tests.""""""
    if self.request.retries < 2:
        raise self.retry(exc=Exception(""Simulated failure""), countdown=3)
    return self.request.retries


@shared_task
def summarize_results(results):
    """"""Sum a list of results. For chord callback tests.""""""
    return sum(results)


@shared_task(time_limit=2)
def self_termination_delay_timeout():
    """"""Delays the execution to simulate a task timeout.""""""
    sleep(4)


@shared_task
def self_termination_exhaust_memory():
    """"""Continuously allocates memory to simulate memory exhaustion.""""""
    mem = []
    while True:
        mem.append("" "" * 10**6)

```
"
E0_023,security_sensitive,Sarah,10.0,7.87,4.99,9.3,7.6,7.2,9.0,8.0,7.0,10.0,9.5,9.3,,"You are a senior software engineer performing an expert code review.

Analyze the following Python code and rate it on three dimensions. For ALL three, the scale is the same: 0 to 10 where 10 is BEST and 0 is WORST. Use one decimal place (e.g. 7.5).
  - security: 10 = no vulnerabilities or unsafe patterns; 0 = severe issues (injection, unsafe deserialization, weak crypto, hardcoded secrets).
  - complexity: 10 = simple and cheap (low time/space cost, low cyclomatic complexity); 0 = very complex/expensive. (A simpler algorithm scores HIGHER.)
  - maintainability: 10 = easy to read and maintain (clear naming, typing, docs, no duplication, well-structured); 0 = hard to maintain.

First, in 2-4 short sentences per dimension, explain what you observed in THIS code (cite line numbers). Then output the final scores on the LAST line in EXACTLY this format:
SCORES: security=<x.x>, complexity=<x.x>, maintainability=<x.x>

Code:
```python
from django.db import NotSupportedError
from django.db.models.expressions import Func, Value
from django.db.models.fields import TextField
from django.db.models.fields.json import JSONField
from django.db.models.functions import Cast


class JSONArray(Func):
    function = ""JSON_ARRAY""
    output_field = JSONField()

    def as_sql(self, compiler, connection, **extra_context):
        if not connection.features.supports_json_field:
            raise NotSupportedError(
                ""JSONFields are not supported on this database backend.""
            )
        return super().as_sql(compiler, connection, **extra_context)

    def as_native(self, compiler, connection, *, returning, **extra_context):
        # PostgreSQL 16+ and Oracle remove SQL NULL values from the array by
        # default. Adds the NULL ON NULL clause to keep NULL values in the
        # array, mapping them to JSON null values, which matches the behavior
        # of SQLite.
        null_on_null = ""NULL ON NULL"" if len(self.get_source_expressions()) > 0 else """"

        return self.as_sql(
            compiler,
            connection,
            template=(
                f""%(function)s(%(expressions)s {null_on_null} RETURNING {returning})""
            ),
            **extra_context,
        )

    def as_postgresql(self, compiler, connection, **extra_context):
        # Casting source expressions is only required using JSONB_BUILD_ARRAY
        # or when using JSON_ARRAY on PostgreSQL 16+ with server-side bindings.
        # This is done in all cases for consistency.
        casted_obj = self.copy()
        casted_obj.set_source_expressions(
            [
                (
                    # Conditional Cast to avoid unnecessary wrapping.
                    expression
                    if isinstance(expression, Cast)
                    else Cast(expression, expression.output_field)
                )
                for expression in casted_obj.get_source_expressions()
            ]
        )

        if connection.features.is_postgresql_16:
            return casted_obj.as_native(
                compiler, connection, returning=""JSONB"", **extra_context
            )

        return casted_obj.as_sql(
            compiler,
            connection,
            function=""JSONB_BUILD_ARRAY"",
            **extra_context,
        )

    def as_oracle(self, compiler, connection, **extra_context):
        return self.as_native(compiler, connection, returning=""CLOB"", **extra_context)


class JSONObject(Func):
    function = ""JSON_OBJECT""
    output_field = JSONField()

    def __init__(self, **fields):
        expressions = []
        for key, value in fields.items():
            expressions.extend((Value(key), value))
        super().__init__(*expressions)

    def as_sql(self, compiler, connection, **extra_context):
        if not connection.features.has_json_object_function:
            raise NotSupportedError(
                ""JSONObject() is not supported on this database backend.""
            )
        return super().as_sql(compiler, connection, **extra_context)

    def join(self, args):
        pairs = zip(args[::2], args[1::2], strict=True)
        # Wrap 'key' in parentheses in case of postgres cast :: syntax.
        return "", "".join([f""({key}) VALUE {value}"" for key, value in pairs])

    def as_native(self, compiler, connection, *, returning, **extra_context):
        return self.as_sql(
            compiler,
            connection,
            arg_joiner=self,
            template=f""%(function)s(%(expressions)s RETURNING {returning})"",
            **extra_context,
        )

    def as_postgresql(self, compiler, connection, **extra_context):
        # Casting keys to text is only required when using JSONB_BUILD_OBJECT
        # or when using JSON_OBJECT on PostgreSQL 16+ with server-side
        # bindings. This is done in all cases for consistency.
        copy = self.copy()
        copy.set_source_expressions(
            [
                Cast(expression, TextField()) if index % 2 == 0 else expression
                for index, expression in enumerate(copy.get_source_expressions())
            ]
        )

        if connection.features.is_postgresql_16:
            return copy.as_native(
                compiler, connection, returning=""JSONB"", **extra_context
            )

        return super(JSONObject, copy).as_sql(
            compiler,
            connection,
            function=""JSONB_BUILD_OBJECT"",
            **extra_context,
        )

    def as_oracle(self, compiler, connection, **extra_context):
        return self.as_native(compiler, connection, returning=""CLOB"", **extra_context)

```
"
E0_024,complex_algorithms,Sarah,10.0,2.22,4.76,9.2,6.5,6.0,9.5,7.5,7.0,10.0,6.5,8.5,,"You are a senior software engineer performing an expert code review.

Analyze the following Python code and rate it on three dimensions. For ALL three, the scale is the same: 0 to 10 where 10 is BEST and 0 is WORST. Use one decimal place (e.g. 7.5).
  - security: 10 = no vulnerabilities or unsafe patterns; 0 = severe issues (injection, unsafe deserialization, weak crypto, hardcoded secrets).
  - complexity: 10 = simple and cheap (low time/space cost, low cyclomatic complexity); 0 = very complex/expensive. (A simpler algorithm scores HIGHER.)
  - maintainability: 10 = easy to read and maintain (clear naming, typing, docs, no duplication, well-structured); 0 = hard to maintain.

First, in 2-4 short sentences per dimension, explain what you observed in THIS code (cite line numbers). Then output the final scores on the LAST line in EXACTLY this format:
SCORES: security=<x.x>, complexity=<x.x>, maintainability=<x.x>

Code:
```python
""""""Asynchronous Fluid Communities algorithm for community detection.""""""

from collections import Counter

import networkx as nx
from networkx.algorithms.components import is_connected
from networkx.utils import groups, not_implemented_for, py_random_state

__all__ = [""asyn_fluidc""]


@not_implemented_for(""directed"")
@not_implemented_for(""multigraph"")
@py_random_state(3)
@nx._dispatchable
def asyn_fluidc(G, k, max_iter=100, seed=None):
    """"""Returns communities in `G` as detected by Fluid Communities algorithm.

    The asynchronous fluid communities algorithm is described in
    [1]_. The algorithm is based on the simple idea of fluids interacting
    in an environment, expanding and pushing each other. Its initialization is
    random, so found communities may vary on different executions.

    The algorithm proceeds as follows. First each of the initial k communities
    is initialized in a random vertex in the graph. Then the algorithm iterates
    over all vertices in a random order, updating the community of each vertex
    based on its own community and the communities of its neighbors. This
    process is performed several times until convergence.
    At all times, each community has a total density of 1, which is equally
    distributed among the vertices it contains. If a vertex changes of
    community, vertex densities of affected communities are adjusted
    immediately. When a complete iteration over all vertices is done, such that
    no vertex changes the community it belongs to, the algorithm has converged
    and returns.

    This is the original version of the algorithm described in [1]_.
    Unfortunately, it does not support weighted graphs yet.

    Parameters
    ----------
    G : NetworkX graph
        Graph must be simple and undirected.

    k : integer
        The number of communities to be found.

    max_iter : integer
        The number of maximum iterations allowed. By default 100.

    seed : integer, random_state, or None (default)
        Indicator of random number generation state.
        See :ref:`Randomness<randomness>`.

    Returns
    -------
    communities : iterable
        Iterable of communities given as sets of nodes.

    Notes
    -----
    k variable is not an optional argument.

    References
    ----------
    .. [1] Parés F., Garcia-Gasulla D. et al. ""Fluid Communities: A
       Competitive and Highly Scalable Community Detection Algorithm"".
       [https://arxiv.org/pdf/1703.09307.pdf].
    """"""
    # Initial checks
    if not isinstance(k, int):
        raise nx.NetworkXError(""k must be an integer."")
    if not k > 0:
        raise nx.NetworkXError(""k must be greater than 0."")
    if not is_connected(G):
        raise nx.NetworkXError(""Fluid Communities require connected Graphs."")
    if len(G) < k:
        raise nx.NetworkXError(""k cannot be bigger than the number of nodes."")
    if max_iter <= 0:
        msg = f""{max_iter=} must be greater than 0""
        raise ValueError(msg)
    # Initialization
    max_density = 1.0
    vertices = list(G)
    seed.shuffle(vertices)
    communities = {n: i for i, n in enumerate(vertices[:k])}
    density = {}
    com_to_numvertices = {}
    for vertex in communities:
        com_to_numvertices[communities[vertex]] = 1
        density[communities[vertex]] = max_density
    # Set up control variables and start iterating
    iter_count = 0
    cont = True
    while cont and iter_count < max_iter:
        cont = False
        iter_count += 1
        # Loop over all vertices in graph in a random order
        vertices = list(G)
        seed.shuffle(vertices)
        for vertex in vertices:
            # Updating rule
            com_counter = Counter()
            # Take into account self vertex community
            try:
                com_counter.update({communities[vertex]: density[communities[vertex]]})
            except KeyError:
                pass
            # Gather neighbor vertex communities
            for v in G[vertex]:
                try:
                    com_counter.update({communities[v]: density[communities[v]]})
                except KeyError:
                    continue
            # Check which is the community with highest density
            new_com = -1
            if len(com_counter.keys()) > 0:
                max_freq = max(com_counter.values())
                best_communities = [
                    com
                    for com, freq in com_counter.items()
                    if (max_freq - freq) < 0.0001
                ]
                # If actual vertex com in best communities, it is preserved
                try:
                    if communities[vertex] in best_communities:
                        new_com = communities[vertex]
                except KeyError:
                    pass

                # If vertex community changes...
                if new_com == -1:
                    # Set flag of non-convergence
                    cont = True
                    # Randomly chose a new community from candidates
                    new_com = seed.choice(best_communities)
                    # Update previous community status
                    try:
                        com_to_numvertices[communities[vertex]] -= 1
                        density[communities[vertex]] = (
                            max_density / com_to_numvertices[communities[vertex]]
                        )
                    except KeyError:
                        pass
                    # Update new community status
                    communities[vertex] = new_com
                    com_to_numvertices[communities[vertex]] += 1
                    density[communities[vertex]] = (
                        max_density / com_to_numvertices[communities[vertex]]
                    )
    # If maximum iterations reached --> output actual results
    # Return results by grouping communities as list of vertices
    return iter(groups(communities).values())

```
"
E0_025,clean_documented,Sarah,10.0,4.38,4.58,9.3,7.0,7.4,9.2,8.5,8.1,10.0,7.5,9.2,,"You are a senior software engineer performing an expert code review.

Analyze the following Python code and rate it on three dimensions. For ALL three, the scale is the same: 0 to 10 where 10 is BEST and 0 is WORST. Use one decimal place (e.g. 7.5).
  - security: 10 = no vulnerabilities or unsafe patterns; 0 = severe issues (injection, unsafe deserialization, weak crypto, hardcoded secrets).
  - complexity: 10 = simple and cheap (low time/space cost, low cyclomatic complexity); 0 = very complex/expensive. (A simpler algorithm scores HIGHER.)
  - maintainability: 10 = easy to read and maintain (clear naming, typing, docs, no duplication, well-structured); 0 = hard to maintain.

First, in 2-4 short sentences per dimension, explain what you observed in THIS code (cite line numbers). Then output the final scores on the LAST line in EXACTLY this format:
SCORES: security=<x.x>, complexity=<x.x>, maintainability=<x.x>

Code:
```python
""""""Functions for computing rich-club coefficients.""""""

from itertools import accumulate

import networkx as nx
from networkx.utils import not_implemented_for

__all__ = [""rich_club_coefficient""]


@not_implemented_for(""directed"")
@not_implemented_for(""multigraph"")
@nx._dispatchable
def rich_club_coefficient(G, normalized=True, Q=100, seed=None):
    r""""""Returns the rich-club coefficient of the graph `G`.

    For each degree *k*, the *rich-club coefficient* is the ratio of the
    number of actual to the number of potential edges for nodes with
    degree greater than *k*:

    .. math::

        \phi(k) = \frac{2 E_k}{N_k (N_k - 1)}

    where `N_k` is the number of nodes with degree larger than *k*, and
    `E_k` is the number of edges among those nodes.

    Parameters
    ----------
    G : NetworkX graph
        Undirected graph with neither parallel edges nor self-loops.
    normalized : bool (optional)
        Normalize using randomized network as in [1]_
    Q : float (optional, default=100)
        If `normalized` is True, perform `Q * m` double-edge
        swaps, where `m` is the number of edges in `G`, to use as a
        null-model for normalization.
    seed : integer, random_state, or None (default)
        Indicator of random number generation state.
        See :ref:`Randomness<randomness>`.

    Returns
    -------
    rc : dictionary
       A dictionary, keyed by degree, with rich-club coefficient values.

    Raises
    ------
    NetworkXError
        If `G` has fewer than four nodes and ``normalized=True``.
        A randomly sampled graph for normalization cannot be generated in this case.

    Examples
    --------
    >>> G = nx.Graph([(0, 1), (0, 2), (1, 2), (1, 3), (1, 4), (4, 5)])
    >>> rc = nx.rich_club_coefficient(G, normalized=False, seed=42)
    >>> rc[0]
    0.4

    Notes
    -----
    The rich club definition and algorithm are found in [1]_.  This
    algorithm ignores any edge weights and is not defined for directed
    graphs or graphs with parallel edges or self loops.

    Normalization is done by computing the rich club coefficient for a randomly
    sampled graph with the same degree distribution as `G` by
    repeatedly swapping the endpoints of existing edges. For graphs with fewer than 4
    nodes, it is not possible to generate a random graph with a prescribed
    degree distribution, as the degree distribution fully determines the graph
    (hence making the coefficients trivially normalized to 1).
    This function raises an exception in this case.

    Estimates for appropriate values of `Q` are found in [2]_.

    References
    ----------
    .. [1] Julian J. McAuley, Luciano da Fontoura Costa,
       and Tibério S. Caetano,
       ""The rich-club phenomenon across complex network hierarchies"",
       Applied Physics Letters Vol 91 Issue 8, August 2007.
       https://arxiv.org/abs/physics/0701290
    .. [2] R. Milo, N. Kashtan, S. Itzkovitz, M. E. J. Newman, U. Alon,
       ""Uniform generation of random graphs with arbitrary degree
       sequences"", 2006. https://arxiv.org/abs/cond-mat/0312028
    """"""
    if nx.number_of_selfloops(G) > 0:
        raise Exception(
            ""rich_club_coefficient is not implemented for graphs with self loops.""
        )
    rc = _compute_rc(G)
    if normalized:
        # make R a copy of G, randomize with Q*|E| double edge swaps
        # and use rich_club coefficient of R to normalize
        R = G.copy()
        E = R.number_of_edges()
        nx.double_edge_swap(R, Q * E, max_tries=Q * E * 10, seed=seed)
        rcran = _compute_rc(R)
        rc = {k: v / rcran[k] for k, v in rc.items()}
    return rc


def _compute_rc(G):
    """"""Returns the rich-club coefficient for each degree in the graph
    `G`.

    `G` is an undirected graph without multiedges.

    Returns a dictionary mapping degree to rich-club coefficient for
    that degree.

    """"""
    deghist = nx.degree_histogram(G)
    total = sum(deghist)
    # Compute the number of nodes with degree greater than `k`, for each
    # degree `k` (omitting the last entry, which is zero).
    nks = (total - cs for cs in accumulate(deghist) if total - cs > 1)
    # Create a sorted list of pairs of edge endpoint degrees.
    #
    # The list is sorted in reverse order so that we can pop from the
    # right side of the list later, instead of popping from the left
    # side of the list, which would have a linear time cost.
    edge_degrees = sorted((sorted(map(G.degree, e)) for e in G.edges()), reverse=True)
    ek = G.number_of_edges()
    if ek == 0:
        return {}

    k1, k2 = edge_degrees.pop()
    rc = {}
    for d, nk in enumerate(nks):
        while k1 <= d:
            if len(edge_degrees) == 0:
                ek = 0
                break
            k1, k2 = edge_degrees.pop()
            ek -= 1
        rc[d] = 2 * ek / (nk * (nk - 1))
    return rc

```
"
E0_026,clean_documented,Sarah,10.0,9.9,6.18,9.6,9.5,8.3,9.1,9.0,8.4,10.0,8.0,9.5,,"You are a senior software engineer performing an expert code review.

Analyze the following Python code and rate it on three dimensions. For ALL three, the scale is the same: 0 to 10 where 10 is BEST and 0 is WORST. Use one decimal place (e.g. 7.5).
  - security: 10 = no vulnerabilities or unsafe patterns; 0 = severe issues (injection, unsafe deserialization, weak crypto, hardcoded secrets).
  - complexity: 10 = simple and cheap (low time/space cost, low cyclomatic complexity); 0 = very complex/expensive. (A simpler algorithm scores HIGHER.)
  - maintainability: 10 = easy to read and maintain (clear naming, typing, docs, no duplication, well-structured); 0 = hard to maintain.

First, in 2-4 short sentences per dimension, explain what you observed in THIS code (cite line numbers). Then output the final scores on the LAST line in EXACTLY this format:
SCORES: security=<x.x>, complexity=<x.x>, maintainability=<x.x>

Code:
```python
""""""
requests.structures
~~~~~~~~~~~~~~~~~~~

Data structures that power Requests.
""""""

from __future__ import annotations

from collections import OrderedDict
from collections.abc import Iterable, Iterator, Mapping
from typing import Any, Generic, TypeVar, overload

from .compat import MutableMapping

_VT = TypeVar(""_VT"")
_D = TypeVar(""_D"")


class CaseInsensitiveDict(MutableMapping[str, _VT], Generic[_VT]):
    """"""A case-insensitive ``dict``-like object.

    Implements all methods and operations of
    ``MutableMapping`` as well as dict's ``copy``. Also
    provides ``lower_items``.

    All keys are expected to be strings. The structure remembers the
    case of the last key to be set, and ``iter(instance)``,
    ``keys()``, ``items()``, ``iterkeys()``, and ``iteritems()``
    will contain case-sensitive keys. However, querying and contains
    testing is case insensitive::

        cid = CaseInsensitiveDict()
        cid['Accept'] = 'application/json'
        cid['aCCEPT'] == 'application/json'  # True
        list(cid) == ['Accept']  # True

    For example, ``headers['content-encoding']`` will return the
    value of a ``'Content-Encoding'`` response header, regardless
    of how the header name was originally stored.

    If the constructor, ``.update``, or equality comparison
    operations are given keys that have equal ``.lower()``s, the
    behavior is undefined.
    """"""

    _store: OrderedDict[str, tuple[str, _VT]]

    def __init__(
        self,
        data: Mapping[str, _VT] | Iterable[tuple[str, _VT]] | None = None,
        **kwargs: _VT,
    ) -> None:
        self._store = OrderedDict()
        if data is None:
            data = {}
        self.update(data, **kwargs)

    def __setitem__(self, key: str, value: _VT) -> None:
        # Use the lowercased key for lookups, but store the actual
        # key alongside the value.
        self._store[key.lower()] = (key, value)

    def __getitem__(self, key: str) -> _VT:
        return self._store[key.lower()][1]

    def __delitem__(self, key: str) -> None:
        del self._store[key.lower()]

    def __iter__(self) -> Iterator[str]:
        return (casedkey for casedkey, _ in self._store.values())

    def __len__(self) -> int:
        return len(self._store)

    def lower_items(self) -> Iterator[tuple[str, _VT]]:
        """"""Like iteritems(), but with all lowercase keys.""""""
        return ((lowerkey, keyval[1]) for (lowerkey, keyval) in self._store.items())

    def __eq__(self, other: object) -> bool:
        if isinstance(other, Mapping):
            other_dict: CaseInsensitiveDict[Any] = CaseInsensitiveDict(other)  # type: ignore[reportUnknownArgumentType]
        else:
            return NotImplemented
        # Compare insensitively
        return dict(self.lower_items()) == dict(other_dict.lower_items())

    # Copy is required
    def copy(self) -> CaseInsensitiveDict[_VT]:
        return CaseInsensitiveDict(self._store.values())

    def __repr__(self) -> str:
        return str(dict(self.items()))


class LookupDict(dict[str, _VT]):
    """"""Dictionary lookup object.""""""

    name: Any

    def __init__(self, name: Any = None) -> None:
        self.name = name
        super().__init__()

    def __repr__(self) -> str:
        return f""<lookup '{self.name}'>""

    def __getattr__(self, key: str) -> _VT | None:
        # We need this for type checkers to infer typing
        # on attribute access with status_codes.py
        if key in self.__dict__:
            return self.__dict__[key]
        else:
            raise AttributeError(
                f""'{type(self).__name__}' object has no attribute '{key}'""
            )

    def __getitem__(self, key: str) -> _VT | None:  # type: ignore[override]
        # We allow fall-through here, so values default to None

        return self.__dict__.get(key, None)

    @overload
    def get(self, key: str, default: None = None) -> _VT | None: ...

    @overload
    def get(self, key: str, default: _D | _VT) -> _D | _VT: ...

    def get(self, key: str, default: _D | None = None) -> _VT | _D | None:
        return self.__dict__.get(key, default)

```
"
E0_027,complex_algorithms,Sarah,10.0,6.42,4.72,9.4,8.7,8.8,8.3,7.8,7.2,10.0,7.0,9.0,,"You are a senior software engineer performing an expert code review.

Analyze the following Python code and rate it on three dimensions. For ALL three, the scale is the same: 0 to 10 where 10 is BEST and 0 is WORST. Use one decimal place (e.g. 7.5).
  - security: 10 = no vulnerabilities or unsafe patterns; 0 = severe issues (injection, unsafe deserialization, weak crypto, hardcoded secrets).
  - complexity: 10 = simple and cheap (low time/space cost, low cyclomatic complexity); 0 = very complex/expensive. (A simpler algorithm scores HIGHER.)
  - maintainability: 10 = easy to read and maintain (clear naming, typing, docs, no duplication, well-structured); 0 = hard to maintain.

First, in 2-4 short sentences per dimension, explain what you observed in THIS code (cite line numbers). Then output the final scores on the LAST line in EXACTLY this format:
SCORES: security=<x.x>, complexity=<x.x>, maintainability=<x.x>

Code:
```python
""""""
Utilities for generating random numbers, random sequences, and
random selections.
""""""

import networkx as nx
from networkx.utils import py_random_state

__all__ = [
    ""powerlaw_sequence"",
    ""is_valid_tree_degree_sequence"",
    ""zipf_rv"",
    ""cumulative_distribution"",
    ""discrete_sequence"",
    ""random_weighted_sample"",
    ""weighted_choice"",
]


# The same helpers for choosing random sequences from distributions
# uses Python's random module
# https://docs.python.org/3/library/random.html


@py_random_state(2)
def powerlaw_sequence(n, exponent=2.0, seed=None):
    """"""
    Return sample sequence of length n from a power law distribution.
    """"""
    return [seed.paretovariate(exponent - 1) for i in range(n)]


def is_valid_tree_degree_sequence(degree_sequence):
    """"""Check if a degree sequence is valid for a tree.

    Two conditions must be met for a degree sequence to be valid for a tree:

    1. The number of nodes must be one more than the number of edges.
    2. The degree sequence must be trivial or have only strictly positive
       node degrees.

    Parameters
    ----------
    degree_sequence : iterable
        Iterable of node degrees.

    Returns
    -------
    bool
        Whether the degree sequence is valid for a tree.
    str
        Reason for invalidity, or dummy string if valid.
    """"""
    seq = list(degree_sequence)
    number_of_nodes = len(seq)
    twice_number_of_edges = sum(seq)

    if 2 * number_of_nodes - twice_number_of_edges != 2:
        return False, ""tree must have one more node than number of edges""
    elif seq != [0] and any(d <= 0 for d in seq):
        return False, ""nontrivial tree must have strictly positive node degrees""
    return True, """"


@py_random_state(2)
def zipf_rv(alpha, xmin=1, seed=None):
    r""""""Returns a random value chosen from the Zipf distribution.

    The return value is an integer drawn from the probability distribution

    .. math::

        p(x)=\frac{x^{-\alpha}}{\zeta(\alpha, x_{\min})},

    where $\zeta(\alpha, x_{\min})$ is the Hurwitz zeta function.

    Parameters
    ----------
    alpha : float
      Exponent value of the distribution
    xmin : int
      Minimum value
    seed : integer, random_state, or None (default)
        Indicator of random number generation state.
        See :ref:`Randomness<randomness>`.

    Returns
    -------
    x : int
      Random value from Zipf distribution

    Raises
    ------
    ValueError:
      If xmin < 1 or
      If alpha <= 1

    Notes
    -----
    The rejection algorithm generates random values for a the power-law
    distribution in uniformly bounded expected time dependent on
    parameters.  See [1]_ for details on its operation.

    Examples
    --------
    >>> nx.utils.zipf_rv(alpha=2, xmin=3, seed=42)
    8

    References
    ----------
    .. [1] Luc Devroye, Non-Uniform Random Variate Generation,
       Springer-Verlag, New York, 1986.
    """"""
    if xmin < 1:
        raise ValueError(""xmin < 1"")
    if alpha <= 1:
        raise ValueError(""a <= 1.0"")
    a1 = alpha - 1.0
    b = 2**a1
    while True:
        u = 1.0 - seed.random()  # u in (0,1]
        v = seed.random()  # v in [0,1)
        x = int(xmin * u ** -(1.0 / a1))
        t = (1.0 + (1.0 / x)) ** a1
        if v * x * (t - 1.0) / (b - 1.0) <= t / b:
            break
    return x


def cumulative_distribution(distribution):
    """"""Returns normalized cumulative distribution from discrete distribution.""""""

    cdf = [0.0]
    cumulative = 0.0
    for element in distribution:
        cumulative += element
        cdf.append(cumulative)
    return [element / cumulative for element in cdf]


@py_random_state(3)
def discrete_sequence(n, distribution=None, cdistribution=None, seed=None):
    """"""
    Return sample sequence of length n from a given discrete distribution
    or discrete cumulative distribution.

    One of the following must be specified.

    distribution = histogram of values, will be normalized

    cdistribution = normalized discrete cumulative distribution

    """"""
    import bisect

    if cdistribution is not None:
        cdf = cdistribution
    elif distribution is not None:
        cdf = cumulative_distribution(distribution)
    else:
        raise nx.NetworkXError(
            ""discrete_sequence: distribution or cdistribution missing""
        )

    # get a uniform random number
    inputseq = [seed.random() for i in range(n)]

    # choose from CDF
    seq = [bisect.bisect_left(cdf, s) - 1 for s in inputseq]
    return seq


@py_random_state(2)
def random_weighted_sample(mapping, k, seed=None):
    """"""Returns k items without replacement from a weighted sample.

    The input is a dictionary of items with weights as values.
    """"""
    if k > len(mapping):
        raise ValueError(""sample larger than population"")
    sample = set()
    while len(sample) < k:
        sample.add(weighted_choice(mapping, seed))
    return list(sample)


@py_random_state(1)
def weighted_choice(mapping, seed=None):
    """"""Returns a single element from a weighted sample.

    The input is a dictionary of items with weights as values.
    """"""
    # use roulette method
    rnd = seed.random() * sum(mapping.values())
    for k, w in mapping.items():
        rnd -= w
        if rnd < 0:
            return k

```
"
E0_028,ml_data_code,Sarah,10.0,9.77,6.41,8.8,6.9,6.4,8.9,8.2,7.5,10.0,10.0,8.5,,"You are a senior software engineer performing an expert code review.

Analyze the following Python code and rate it on three dimensions. For ALL three, the scale is the same: 0 to 10 where 10 is BEST and 0 is WORST. Use one decimal place (e.g. 7.5).
  - security: 10 = no vulnerabilities or unsafe patterns; 0 = severe issues (injection, unsafe deserialization, weak crypto, hardcoded secrets).
  - complexity: 10 = simple and cheap (low time/space cost, low cyclomatic complexity); 0 = very complex/expensive. (A simpler algorithm scores HIGHER.)
  - maintainability: 10 = easy to read and maintain (clear naming, typing, docs, no duplication, well-structured); 0 = hard to maintain.

First, in 2-4 short sentences per dimension, explain what you observed in THIS code (cite line numbers). Then output the final scores on the LAST line in EXACTLY this format:
SCORES: security=<x.x>, complexity=<x.x>, maintainability=<x.x>

Code:
```python
""""""
Internal module for console introspection
""""""

from __future__ import annotations

from shutil import get_terminal_size


def get_console_size() -> tuple[int | None, int | None]:
    """"""
    Return console size as tuple = (width, height).

    Returns (None,None) in non-interactive session.
    """"""
    from pandas._config.config import _global_config as config

    display_width = config[""display""][""width""]
    display_height = config[""display""][""max_rows""]

    # Consider
    # interactive shell terminal, can detect term size
    # interactive non-shell terminal (ipnb/ipqtconsole), cannot detect term
    # size non-interactive script, should disregard term size

    # in addition
    # width,height have default values, but setting to 'None' signals
    # should use Auto-Detection, But only in interactive shell-terminal.
    # Simple. yeah.

    if in_interactive_session():
        if in_ipython_frontend():
            # sane defaults for interactive non-shell terminal
            # match default for width,height in config_init
            from pandas._config.config import get_default_val

            terminal_width = get_default_val(""display.width"")
            terminal_height = get_default_val(""display.max_rows"")
        else:
            # pure terminal
            terminal_width, terminal_height = get_terminal_size()
    else:
        terminal_width, terminal_height = None, None

    # Note if the User sets width/Height to None (auto-detection)
    # and we're in a script (non-inter), this will return (None,None)
    # caller needs to deal.
    return display_width or terminal_width, display_height or terminal_height


# ----------------------------------------------------------------------
# Detect our environment


def in_interactive_session() -> bool:
    """"""
    Check if we're running in an interactive shell.

    Returns
    -------
    bool
        True if running under python/ipython interactive shell.
    """"""
    from pandas._config.config import _global_config as config

    def check_main() -> bool:
        try:
            import __main__ as main
        except ModuleNotFoundError:
            return config[""mode""][""sim_interactive""]
        return not hasattr(main, ""__file__"") or config[""mode""][""sim_interactive""]

    try:
        # error: Name '__IPYTHON__' is not defined
        return __IPYTHON__ or check_main()  # type: ignore[name-defined]
    except NameError:
        return check_main()


def in_ipython_frontend() -> bool:
    """"""
    Check if we're inside an IPython zmq frontend.

    Returns
    -------
    bool
    """"""
    try:
        # error: Name 'get_ipython' is not defined
        ip = get_ipython()  # type: ignore[name-defined]
        return ""zmq"" in str(type(ip)).lower()
    except NameError:
        pass

    return False

```
"
E0_029,clean_documented,Sarah,10.0,3.84,5.48,9.8,9.5,8.7,9.6,9.1,8.2,10.0,10.0,10.0,,"You are a senior software engineer performing an expert code review.

Analyze the following Python code and rate it on three dimensions. For ALL three, the scale is the same: 0 to 10 where 10 is BEST and 0 is WORST. Use one decimal place (e.g. 7.5).
  - security: 10 = no vulnerabilities or unsafe patterns; 0 = severe issues (injection, unsafe deserialization, weak crypto, hardcoded secrets).
  - complexity: 10 = simple and cheap (low time/space cost, low cyclomatic complexity); 0 = very complex/expensive. (A simpler algorithm scores HIGHER.)
  - maintainability: 10 = easy to read and maintain (clear naming, typing, docs, no duplication, well-structured); 0 = hard to maintain.

First, in 2-4 short sentences per dimension, explain what you observed in THIS code (cite line numbers). Then output the final scores on the LAST line in EXACTLY this format:
SCORES: security=<x.x>, complexity=<x.x>, maintainability=<x.x>

Code:
```python
r""""""
The ``codes`` object defines a mapping from common names for HTTP statuses
to their numerical codes, accessible either as attributes or as dictionary
items.

Example::

    >>> import requests
    >>> requests.codes['temporary_redirect']
    307
    >>> requests.codes.teapot
    418
    >>> requests.codes['\o/']
    200

Some codes have multiple names, and both upper- and lower-case versions of
the names are allowed. For example, ``codes.ok``, ``codes.OK``, and
``codes.okay`` all correspond to the HTTP status code 200.
""""""

from .structures import LookupDict

_codes = {
    # Informational.
    100: (""continue"",),
    101: (""switching_protocols"",),
    102: (""processing"", ""early-hints""),
    103: (""checkpoint"",),
    122: (""uri_too_long"", ""request_uri_too_long""),
    200: (""ok"", ""okay"", ""all_ok"", ""all_okay"", ""all_good"", ""\\o/"", ""✓""),
    201: (""created"",),
    202: (""accepted"",),
    203: (""non_authoritative_info"", ""non_authoritative_information""),
    204: (""no_content"",),
    205: (""reset_content"", ""reset""),
    206: (""partial_content"", ""partial""),
    207: (""multi_status"", ""multiple_status"", ""multi_stati"", ""multiple_stati""),
    208: (""already_reported"",),
    226: (""im_used"",),
    # Redirection.
    300: (""multiple_choices"",),
    301: (""moved_permanently"", ""moved"", ""\\o-""),
    302: (""found"",),
    303: (""see_other"", ""other""),
    304: (""not_modified"",),
    305: (""use_proxy"",),
    306: (""switch_proxy"",),
    307: (""temporary_redirect"", ""temporary_moved"", ""temporary""),
    308: (
        ""permanent_redirect"",
        ""resume_incomplete"",
        ""resume"",
    ),  # ""resume"" and ""resume_incomplete"" to be removed in 3.0
    # Client Error.
    400: (""bad_request"", ""bad""),
    401: (""unauthorized"",),
    402: (""payment_required"", ""payment""),
    403: (""forbidden"",),
    404: (""not_found"", ""-o-""),
    405: (""method_not_allowed"", ""not_allowed""),
    406: (""not_acceptable"",),
    407: (""proxy_authentication_required"", ""proxy_auth"", ""proxy_authentication""),
    408: (""request_timeout"", ""timeout""),
    409: (""conflict"",),
    410: (""gone"",),
    411: (""length_required"",),
    412: (""precondition_failed"", ""precondition""),
    413: (""request_entity_too_large"", ""content_too_large""),
    414: (""request_uri_too_large"", ""uri_too_long""),
    415: (""unsupported_media_type"", ""unsupported_media"", ""media_type""),
    416: (
        ""requested_range_not_satisfiable"",
        ""requested_range"",
        ""range_not_satisfiable"",
    ),
    417: (""expectation_failed"",),
    418: (""im_a_teapot"", ""teapot"", ""i_am_a_teapot""),
    421: (""misdirected_request"",),
    422: (""unprocessable_entity"", ""unprocessable"", ""unprocessable_content""),
    423: (""locked"",),
    424: (""failed_dependency"", ""dependency""),
    425: (""unordered_collection"", ""unordered"", ""too_early""),
    426: (""upgrade_required"", ""upgrade""),
    428: (""precondition_required"", ""precondition""),
    429: (""too_many_requests"", ""too_many""),
    431: (""header_fields_too_large"", ""fields_too_large""),
    444: (""no_response"", ""none""),
    449: (""retry_with"", ""retry""),
    450: (""blocked_by_windows_parental_controls"", ""parental_controls""),
    451: (""unavailable_for_legal_reasons"", ""legal_reasons""),
    499: (""client_closed_request"",),
    # Server Error.
    500: (""internal_server_error"", ""server_error"", ""/o\\"", ""✗""),
    501: (""not_implemented"",),
    502: (""bad_gateway"",),
    503: (""service_unavailable"", ""unavailable""),
    504: (""gateway_timeout"",),
    505: (""http_version_not_supported"", ""http_version""),
    506: (""variant_also_negotiates"",),
    507: (""insufficient_storage"",),
    509: (""bandwidth_limit_exceeded"", ""bandwidth""),
    510: (""not_extended"",),
    511: (""network_authentication_required"", ""network_auth"", ""network_authentication""),
}

codes: LookupDict[int] = LookupDict(name=""status_codes"")


def _init():
    for code, titles in _codes.items():
        for title in titles:
            setattr(codes, title, code)
            if not title.startswith((""\\"", ""/"")):
                setattr(codes, title.upper(), code)

    def doc(code: int) -> str:
        names = "", "".join(f""``{n}``"" for n in _codes[code])
        return ""* %d: %s"" % (code, names)

    global __doc__
    __doc__ = (
        __doc__ + ""\n"" + ""\n"".join(doc(code) for code in sorted(_codes))
        if __doc__ is not None
        else None
    )


_init()

```
"
E0_030,legacy_mixed,Sarah,1.36,9.82,5.17,9.9,9.6,8.2,9.3,9.2,9.2,10.0,10.0,7.0,,"You are a senior software engineer performing an expert code review.

Analyze the following Python code and rate it on three dimensions. For ALL three, the scale is the same: 0 to 10 where 10 is BEST and 0 is WORST. Use one decimal place (e.g. 7.5).
  - security: 10 = no vulnerabilities or unsafe patterns; 0 = severe issues (injection, unsafe deserialization, weak crypto, hardcoded secrets).
  - complexity: 10 = simple and cheap (low time/space cost, low cyclomatic complexity); 0 = very complex/expensive. (A simpler algorithm scores HIGHER.)
  - maintainability: 10 = easy to read and maintain (clear naming, typing, docs, no duplication, well-structured); 0 = hard to maintain.

First, in 2-4 short sentences per dimension, explain what you observed in THIS code (cite line numbers). Then output the final scores on the LAST line in EXACTLY this format:
SCORES: security=<x.x>, complexity=<x.x>, maintainability=<x.x>

Code:
```python
from unittest.mock import Mock

from celery.utils.graph import DependencyGraph
from celery.utils.text import WhateverIO


class test_DependencyGraph:

    def graph1(self):
        res_a = self.app.AsyncResult('A')
        res_b = self.app.AsyncResult('B')
        res_c = self.app.GroupResult('C', [res_a])
        res_d = self.app.GroupResult('D', [res_c, res_b])
        node_a = (res_a, [])
        node_b = (res_b, [])
        node_c = (res_c, [res_a])
        node_d = (res_d, [res_c, res_b])
        return DependencyGraph([
            node_a,
            node_b,
            node_c,
            node_d,
        ])

    def test_repr(self):
        assert repr(self.graph1())

    def test_topsort(self):
        order = self.graph1().topsort()
        # C must start before D
        assert order.index('C') < order.index('D')
        # and B must start before D
        assert order.index('B') < order.index('D')
        # and A must start before C
        assert order.index('A') < order.index('C')

    def test_edges(self):
        edges = self.graph1().edges()
        assert sorted(edges, key=str) == ['C', 'D']

    def test_connect(self):
        x, y = self.graph1(), self.graph1()
        x.connect(y)

    def test_valency_of_when_missing(self):
        x = self.graph1()
        assert x.valency_of('foobarbaz') == 0

    def test_format(self):
        x = self.graph1()
        x.formatter = Mock()
        obj = Mock()
        assert x.format(obj)
        x.formatter.assert_called_with(obj)
        x.formatter = None
        assert x.format(obj) is obj

    def test_items(self):
        assert dict(self.graph1().items()) == {
            'A': [], 'B': [], 'C': ['A'], 'D': ['C', 'B'],
        }

    def test_repr_node(self):
        x = self.graph1()
        assert x.repr_node('fasdswewqewq')

    def test_to_dot(self):
        s = WhateverIO()
        self.graph1().to_dot(s)
        assert s.getvalue()

```
"
E0_031,clean_documented,Hala,10.0,9.87,6.42,10.0,9.8,9.6,9.5,9.0,8.5,10.0,9.5,9.0,,"You are a senior software engineer performing an expert code review.

Analyze the following Python code and rate it on three dimensions. For ALL three, the scale is the same: 0 to 10 where 10 is BEST and 0 is WORST. Use one decimal place (e.g. 7.5).
  - security: 10 = no vulnerabilities or unsafe patterns; 0 = severe issues (injection, unsafe deserialization, weak crypto, hardcoded secrets).
  - complexity: 10 = simple and cheap (low time/space cost, low cyclomatic complexity); 0 = very complex/expensive. (A simpler algorithm scores HIGHER.)
  - maintainability: 10 = easy to read and maintain (clear naming, typing, docs, no duplication, well-structured); 0 = hard to maintain.

First, in 2-4 short sentences per dimension, explain what you observed in THIS code (cite line numbers). Then output the final scores on the LAST line in EXACTLY this format:
SCORES: security=<x.x>, complexity=<x.x>, maintainability=<x.x>

Code:
```python
""""""Pydantic-specific warnings.""""""

from __future__ import annotations as _annotations

from .version import version_short

__all__ = (
    'PydanticDeprecatedSince20',
    'PydanticDeprecatedSince26',
    'PydanticDeprecatedSince29',
    'PydanticDeprecatedSince210',
    'PydanticDeprecatedSince211',
    'PydanticDeprecatedSince212',
    'PydanticDeprecationWarning',
    'PydanticExperimentalWarning',
    'ArbitraryTypeWarning',
    'UnsupportedFieldAttributeWarning',
    'TypedDictExtraConfigWarning',
)


class PydanticDeprecationWarning(DeprecationWarning):
    """"""A Pydantic specific deprecation warning.

    This warning is raised when using deprecated functionality in Pydantic. It provides information on when the
    deprecation was introduced and the expected version in which the corresponding functionality will be removed.

    Attributes:
        message: Description of the warning.
        since: Pydantic version in what the deprecation was introduced.
        expected_removal: Pydantic version in what the corresponding functionality expected to be removed.
    """"""

    message: str
    since: tuple[int, int]
    expected_removal: tuple[int, int]

    def __init__(
        self, message: str, *args: object, since: tuple[int, int], expected_removal: tuple[int, int] | None = None
    ) -> None:
        super().__init__(message, *args)
        self.message = message.rstrip('.')
        self.since = since
        self.expected_removal = expected_removal if expected_removal is not None else (since[0] + 1, 0)

    def __str__(self) -> str:
        message = (
            f'{self.message}. Deprecated in Pydantic V{self.since[0]}.{self.since[1]}'
            f' to be removed in V{self.expected_removal[0]}.{self.expected_removal[1]}.'
        )
        if self.since == (2, 0):
            message += f' See Pydantic V2 Migration Guide at https://errors.pydantic.dev/{version_short()}/migration/'
        return message


class PydanticDeprecatedSince20(PydanticDeprecationWarning):
    """"""A specific `PydanticDeprecationWarning` subclass defining functionality deprecated since Pydantic 2.0.""""""

    def __init__(self, message: str, *args: object) -> None:
        super().__init__(message, *args, since=(2, 0), expected_removal=(3, 0))


class PydanticDeprecatedSince26(PydanticDeprecationWarning):  # pragma: no cover
    """"""A specific `PydanticDeprecationWarning` subclass defining functionality deprecated since Pydantic 2.6.""""""

    def __init__(self, message: str, *args: object) -> None:
        super().__init__(message, *args, since=(2, 6), expected_removal=(3, 0))


class PydanticDeprecatedSince29(PydanticDeprecationWarning):
    """"""A specific `PydanticDeprecationWarning` subclass defining functionality deprecated since Pydantic 2.9.""""""

    def __init__(self, message: str, *args: object) -> None:
        super().__init__(message, *args, since=(2, 9), expected_removal=(3, 0))


class PydanticDeprecatedSince210(PydanticDeprecationWarning):
    """"""A specific `PydanticDeprecationWarning` subclass defining functionality deprecated since Pydantic 2.10.""""""

    def __init__(self, message: str, *args: object) -> None:
        super().__init__(message, *args, since=(2, 10), expected_removal=(3, 0))


class PydanticDeprecatedSince211(PydanticDeprecationWarning):
    """"""A specific `PydanticDeprecationWarning` subclass defining functionality deprecated since Pydantic 2.11.""""""

    def __init__(self, message: str, *args: object) -> None:
        super().__init__(message, *args, since=(2, 11), expected_removal=(3, 0))


class PydanticDeprecatedSince212(PydanticDeprecationWarning):
    """"""A specific `PydanticDeprecationWarning` subclass defining functionality deprecated since Pydantic 2.12.""""""

    def __init__(self, message: str, *args: object) -> None:
        super().__init__(message, *args, since=(2, 12), expected_removal=(3, 0))


class GenericBeforeBaseModelWarning(Warning):
    pass


class PydanticExperimentalWarning(Warning):
    """"""A Pydantic specific experimental functionality warning.

    It is raised to warn users that the functionality may change or be removed in future versions of Pydantic.
    """"""


class CoreSchemaGenerationWarning(UserWarning):
    """"""A warning raised during core schema generation.""""""


class ArbitraryTypeWarning(CoreSchemaGenerationWarning):
    """"""A warning raised when Pydantic fails to generate a core schema for an arbitrary type.""""""


class UnsupportedFieldAttributeWarning(CoreSchemaGenerationWarning):
    """"""A warning raised when a `Field()` attribute isn't supported in the context it is used.""""""


class TypedDictExtraConfigWarning(CoreSchemaGenerationWarning):
    """"""A warning raised when the [`extra`][pydantic.ConfigDict.extra] configuration is incompatible with the `closed` or `extra_items` specification.""""""

```
"
E0_032,clean_documented,Hala,10.0,9.91,6.74,10.0,9.7,9.3,9.5,9.5,8.5,10.0,10.0,9.5,,"You are a senior software engineer performing an expert code review.

Analyze the following Python code and rate it on three dimensions. For ALL three, the scale is the same: 0 to 10 where 10 is BEST and 0 is WORST. Use one decimal place (e.g. 7.5).
  - security: 10 = no vulnerabilities or unsafe patterns; 0 = severe issues (injection, unsafe deserialization, weak crypto, hardcoded secrets).
  - complexity: 10 = simple and cheap (low time/space cost, low cyclomatic complexity); 0 = very complex/expensive. (A simpler algorithm scores HIGHER.)
  - maintainability: 10 = easy to read and maintain (clear naming, typing, docs, no duplication, well-structured); 0 = hard to maintain.

First, in 2-4 short sentences per dimension, explain what you observed in THIS code (cite line numbers). Then output the final scores on the LAST line in EXACTLY this format:
SCORES: security=<x.x>, complexity=<x.x>, maintainability=<x.x>

Code:
```python
from __future__ import annotations

import typing
from types import TracebackType

from .._models import Request, Response

T = typing.TypeVar(""T"", bound=""BaseTransport"")
A = typing.TypeVar(""A"", bound=""AsyncBaseTransport"")

__all__ = [""AsyncBaseTransport"", ""BaseTransport""]


class BaseTransport:
    def __enter__(self: T) -> T:
        return self

    def __exit__(
        self,
        exc_type: type[BaseException] | None = None,
        exc_value: BaseException | None = None,
        traceback: TracebackType | None = None,
    ) -> None:
        self.close()

    def handle_request(self, request: Request) -> Response:
        """"""
        Send a single HTTP request and return a response.

        Developers shouldn't typically ever need to call into this API directly,
        since the Client class provides all the higher level user-facing API
        niceties.

        In order to properly release any network resources, the response
        stream should *either* be consumed immediately, with a call to
        `response.stream.read()`, or else the `handle_request` call should
        be followed with a try/finally block to ensuring the stream is
        always closed.

        Example usage:

            with httpx.HTTPTransport() as transport:
                req = httpx.Request(
                    method=b""GET"",
                    url=(b""https"", b""www.example.com"", 443, b""/""),
                    headers=[(b""Host"", b""www.example.com"")],
                )
                resp = transport.handle_request(req)
                body = resp.stream.read()
                print(resp.status_code, resp.headers, body)


        Takes a `Request` instance as the only argument.

        Returns a `Response` instance.
        """"""
        raise NotImplementedError(
            ""The 'handle_request' method must be implemented.""
        )  # pragma: no cover

    def close(self) -> None:
        pass


class AsyncBaseTransport:
    async def __aenter__(self: A) -> A:
        return self

    async def __aexit__(
        self,
        exc_type: type[BaseException] | None = None,
        exc_value: BaseException | None = None,
        traceback: TracebackType | None = None,
    ) -> None:
        await self.aclose()

    async def handle_async_request(
        self,
        request: Request,
    ) -> Response:
        raise NotImplementedError(
            ""The 'handle_async_request' method must be implemented.""
        )  # pragma: no cover

    async def aclose(self) -> None:
        pass

```
"
E0_033,complex_algorithms,Hala,10.0,9.86,5.84,10.0,9.5,9.4,9.5,9.5,8.5,10.0,10.0,10.0,,"You are a senior software engineer performing an expert code review.

Analyze the following Python code and rate it on three dimensions. For ALL three, the scale is the same: 0 to 10 where 10 is BEST and 0 is WORST. Use one decimal place (e.g. 7.5).
  - security: 10 = no vulnerabilities or unsafe patterns; 0 = severe issues (injection, unsafe deserialization, weak crypto, hardcoded secrets).
  - complexity: 10 = simple and cheap (low time/space cost, low cyclomatic complexity); 0 = very complex/expensive. (A simpler algorithm scores HIGHER.)
  - maintainability: 10 = easy to read and maintain (clear naming, typing, docs, no duplication, well-structured); 0 = hard to maintain.

First, in 2-4 short sentences per dimension, explain what you observed in THIS code (cite line numbers). Then output the final scores on the LAST line in EXACTLY this format:
SCORES: security=<x.x>, complexity=<x.x>, maintainability=<x.x>

Code:
```python
""""""
Functions for identifying isolate (degree zero) nodes.
""""""

import networkx as nx

__all__ = [""is_isolate"", ""isolates"", ""number_of_isolates""]


@nx._dispatchable
def is_isolate(G, n):
    """"""Determines whether a node is an isolate.

    An *isolate* is a node with no neighbors (that is, with degree
    zero). For directed graphs, this means no in-neighbors and no
    out-neighbors.

    Parameters
    ----------
    G : NetworkX graph

    n : node
        A node in `G`.

    Returns
    -------
    is_isolate : bool
       True if and only if `n` has no neighbors.

    Examples
    --------
    >>> G = nx.Graph()
    >>> G.add_edge(1, 2)
    >>> G.add_node(3)
    >>> nx.is_isolate(G, 2)
    False
    >>> nx.is_isolate(G, 3)
    True
    """"""
    return G.degree(n) == 0


@nx._dispatchable
def isolates(G):
    """"""Iterator over isolates in the graph.

    An *isolate* is a node with no neighbors (that is, with degree
    zero). For directed graphs, this means no in-neighbors and no
    out-neighbors.

    Parameters
    ----------
    G : NetworkX graph

    Returns
    -------
    iterator
        An iterator over the isolates of `G`.

    Examples
    --------
    To get a list of all isolates of a graph, use the :class:`list`
    constructor:

    >>> G = nx.Graph()
    >>> G.add_edge(1, 2)
    >>> G.add_node(3)
    >>> list(nx.isolates(G))
    [3]

    To remove all isolates in the graph, first create a list of the
    isolates, then use :meth:`Graph.remove_nodes_from`:

    >>> G.remove_nodes_from(list(nx.isolates(G)))
    >>> list(G)
    [1, 2]

    For digraphs, isolates have zero in-degree and zero out_degree:

    >>> G = nx.DiGraph([(0, 1), (1, 2)])
    >>> G.add_node(3)
    >>> list(nx.isolates(G))
    [3]

    """"""
    return (n for n, d in G.degree() if d == 0)


@nx._dispatchable
def number_of_isolates(G):
    """"""Returns the number of isolates in the graph.

    An *isolate* is a node with no neighbors (that is, with degree
    zero). For directed graphs, this means no in-neighbors and no
    out-neighbors.

    Parameters
    ----------
    G : NetworkX graph

    Returns
    -------
    int
        The number of degree zero nodes in the graph `G`.

    """"""
    return sum(1 for v in isolates(G))

```
"
E0_034,complex_algorithms,Hala,10.0,9.74,5.31,10.0,9.4,9.2,9.0,8.0,7.5,10.0,9.5,9.2,,"You are a senior software engineer performing an expert code review.

Analyze the following Python code and rate it on three dimensions. For ALL three, the scale is the same: 0 to 10 where 10 is BEST and 0 is WORST. Use one decimal place (e.g. 7.5).
  - security: 10 = no vulnerabilities or unsafe patterns; 0 = severe issues (injection, unsafe deserialization, weak crypto, hardcoded secrets).
  - complexity: 10 = simple and cheap (low time/space cost, low cyclomatic complexity); 0 = very complex/expensive. (A simpler algorithm scores HIGHER.)
  - maintainability: 10 = easy to read and maintain (clear naming, typing, docs, no duplication, well-structured); 0 = hard to maintain.

First, in 2-4 short sentences per dimension, explain what you observed in THIS code (cite line numbers). Then output the final scores on the LAST line in EXACTLY this format:
SCORES: security=<x.x>, complexity=<x.x>, maintainability=<x.x>

Code:
```python
""""""Bethe Hessian or deformed Laplacian matrix of graphs.""""""

import networkx as nx
from networkx.utils import not_implemented_for

__all__ = [""bethe_hessian_matrix""]


@not_implemented_for(""directed"")
@not_implemented_for(""multigraph"")
@nx._dispatchable
def bethe_hessian_matrix(G, r=None, nodelist=None):
    r""""""Returns the Bethe Hessian matrix of G.

    The Bethe Hessian is a family of matrices parametrized by r, defined as
    H(r) = (r^2 - 1) I - r A + D where A is the adjacency matrix, D is the
    diagonal matrix of node degrees, and I is the identify matrix. It is equal
    to the graph laplacian when the regularizer r = 1.

    The default choice of regularizer should be the ratio [2]_

    .. math::
      r_m = \left(\sum k_i \right)^{-1}\left(\sum k_i^2 \right) - 1

    Parameters
    ----------
    G : Graph
       A NetworkX graph
    r : float
       Regularizer parameter
    nodelist : list, optional
       The rows and columns are ordered according to the nodes in nodelist.
       If nodelist is None, then the ordering is produced by ``G.nodes()``.

    Returns
    -------
    H : scipy.sparse.csr_array
      The Bethe Hessian matrix of `G`, with parameter `r`.

    Examples
    --------
    >>> k = [3, 2, 2, 1, 0]
    >>> G = nx.havel_hakimi_graph(k)
    >>> H = nx.bethe_hessian_matrix(G)
    >>> H.toarray()
    array([[ 3.5625, -1.25  , -1.25  , -1.25  ,  0.    ],
           [-1.25  ,  2.5625, -1.25  ,  0.    ,  0.    ],
           [-1.25  , -1.25  ,  2.5625,  0.    ,  0.    ],
           [-1.25  ,  0.    ,  0.    ,  1.5625,  0.    ],
           [ 0.    ,  0.    ,  0.    ,  0.    ,  0.5625]])

    See Also
    --------
    bethe_hessian_spectrum
    adjacency_matrix
    laplacian_matrix

    References
    ----------
    .. [1] A. Saade, F. Krzakala and L. Zdeborová
       ""Spectral Clustering of Graphs with the Bethe Hessian"",
       Advances in Neural Information Processing Systems, 2014.
    .. [2] C. M. Le, E. Levina
       ""Estimating the number of communities in networks by spectral methods""
       arXiv:1507.00827, 2015.
    """"""
    import scipy as sp

    if nodelist is None:
        nodelist = list(G)
    if r is None:
        r = sum(d**2 for v, d in nx.degree(G)) / sum(d for v, d in nx.degree(G)) - 1
    A = nx.to_scipy_sparse_array(G, nodelist=nodelist, format=""csr"")
    n, m = A.shape
    D = sp.sparse.dia_array((A.sum(axis=1), 0), shape=(m, n)).tocsr()
    I = sp.sparse.eye_array(m, n, format=""csr"")
    return (r**2 - 1) * I - r * A + D

```
"
E0_035,clean_documented,Hala,10.0,7.54,6.81,7.8,6.9,6.8,3.5,6.0,5.5,2.5,6.5,5.0,,"You are a senior software engineer performing an expert code review.

Analyze the following Python code and rate it on three dimensions. For ALL three, the scale is the same: 0 to 10 where 10 is BEST and 0 is WORST. Use one decimal place (e.g. 7.5).
  - security: 10 = no vulnerabilities or unsafe patterns; 0 = severe issues (injection, unsafe deserialization, weak crypto, hardcoded secrets).
  - complexity: 10 = simple and cheap (low time/space cost, low cyclomatic complexity); 0 = very complex/expensive. (A simpler algorithm scores HIGHER.)
  - maintainability: 10 = easy to read and maintain (clear naming, typing, docs, no duplication, well-structured); 0 = hard to maintain.

First, in 2-4 short sentences per dimension, explain what you observed in THIS code (cite line numbers). Then output the final scores on the LAST line in EXACTLY this format:
SCORES: security=<x.x>, complexity=<x.x>, maintainability=<x.x>

Code:
```python
import base64
import importlib
import re
import sys
import traceback
from io import BytesIO
from pathlib import Path
from zipfile import ZipFile

import micropip
import pyodide
import pytest

# this seems to be required for me on M1 Mac
sys.setrecursionlimit(200)


async def main(tests_zip: str, tag_name: str):
    print(f'Using pyodide version: {pyodide.__version__}')
    print(f'Extracting test files (size: {len(tests_zip):,})...')
    # File saved on the GH release
    pydantic_core_wheel = (
        'https://githubproxy.samuelcolvin.workers.dev/pydantic/pydantic-core/releases/'
        f'download/{tag_name}/pydantic_core-{tag_name.lstrip(""v"")}-cp312-cp312-emscripten_3_1_58_wasm32.whl'
    )
    zip_file = ZipFile(BytesIO(base64.b64decode(tests_zip)))
    count = 0
    for name in zip_file.namelist():
        if name.endswith('.py'):
            path, subs = re.subn(r'^pydantic-core-.+?/tests/', 'tests/', name)
            if subs:
                count += 1
                path = Path(path)
                path.parent.mkdir(parents=True, exist_ok=True)
                with zip_file.open(name, 'r') as f:
                    path.write_bytes(f.read())

    print(f'Mounted {count} test files, installing dependencies...')

    await micropip.install(
        [
            'dirty-equals',
            'hypothesis',
            'pytest-speed',
            'pytest-mock',
            'tzdata',
            'inline-snapshot<0.21',
            'typing-extensions>=4.14.1',
            'typing-inspection',
            pydantic_core_wheel,
        ]
    )
    importlib.invalidate_caches()

    # print('installed packages:')
    # print(micropip.list())
    print('Running tests...')
    pytest.main()


try:
    await main(tests_zip, pydantic_core_version)  # noqa: F821,F704
except Exception:
    traceback.print_exc()
    raise

```
"
E0_036,security_sensitive,Hala,10.0,9.82,5.46,8.4,9.6,8.3,9.0,9.5,7.5,8.5,9.2,9.5,,"You are a senior software engineer performing an expert code review.

Analyze the following Python code and rate it on three dimensions. For ALL three, the scale is the same: 0 to 10 where 10 is BEST and 0 is WORST. Use one decimal place (e.g. 7.5).
  - security: 10 = no vulnerabilities or unsafe patterns; 0 = severe issues (injection, unsafe deserialization, weak crypto, hardcoded secrets).
  - complexity: 10 = simple and cheap (low time/space cost, low cyclomatic complexity); 0 = very complex/expensive. (A simpler algorithm scores HIGHER.)
  - maintainability: 10 = easy to read and maintain (clear naming, typing, docs, no duplication, well-structured); 0 = hard to maintain.

First, in 2-4 short sentences per dimension, explain what you observed in THIS code (cite line numbers). Then output the final scores on the LAST line in EXACTLY this format:
SCORES: security=<x.x>, complexity=<x.x>, maintainability=<x.x>

Code:
```python
from ctypes import POINTER, c_byte, c_double, c_int, c_uint

from django.contrib.gis.geos.libgeos import (
    CS_PTR,
    GEOM_PTR,
    GEOSFuncFactory,
)
from django.contrib.gis.geos.prototypes.errcheck import (
    GEOSException,
    check_predicate,
    last_arg_byref,
)


# ## Error-checking routines specific to coordinate sequences. ##
def check_cs_op(result, func, cargs):
    ""Check the status code of a coordinate sequence operation.""
    if result == 0:
        raise GEOSException(""Could not set value on coordinate sequence"")
    else:
        return result


def check_cs_get(result, func, cargs):
    ""Check the coordinate sequence retrieval.""
    check_cs_op(result, func, cargs)
    # Object in by reference, return its value.
    return last_arg_byref(cargs)


# ## Coordinate sequence prototype factory classes. ##
class CsInt(GEOSFuncFactory):
    ""For coordinate sequence routines that return an integer.""

    argtypes = [CS_PTR, POINTER(c_uint)]
    restype = c_int
    errcheck = staticmethod(check_cs_get)


class CsOperation(GEOSFuncFactory):
    ""For coordinate sequence operations.""

    restype = c_int

    def __init__(self, *args, ordinate=False, get=False, **kwargs):
        if get:
            # Get routines have double parameter passed-in by reference.
            errcheck = check_cs_get
            dbl_param = POINTER(c_double)
        else:
            errcheck = check_cs_op
            dbl_param = c_double

        if ordinate:
            # Get/Set ordinate routines have an extra uint parameter.
            argtypes = [CS_PTR, c_uint, c_uint, dbl_param]
        else:
            argtypes = [CS_PTR, c_uint, dbl_param]

        super().__init__(
            *args, **{**kwargs, ""errcheck"": errcheck, ""argtypes"": argtypes}
        )


class CsOutput(GEOSFuncFactory):
    restype = CS_PTR

    @staticmethod
    def errcheck(result, func, cargs):
        if not result:
            raise GEOSException(
                ""Error encountered checking Coordinate Sequence returned from GEOS ""
                'C function ""%s"".' % func.__name__
            )
        return result


class CsUnaryPredicate(GEOSFuncFactory):
    argtypes = [CS_PTR]
    restype = c_byte
    errcheck = staticmethod(check_predicate)


# ## Coordinate Sequence ctypes prototypes ##

# Coordinate Sequence constructors & cloning.
cs_clone = CsOutput(""GEOSCoordSeq_clone"", argtypes=[CS_PTR])
create_cs = CsOutput(""GEOSCoordSeq_create"", argtypes=[c_uint, c_uint])
get_cs = CsOutput(""GEOSGeom_getCoordSeq"", argtypes=[GEOM_PTR])

# Getting, setting ordinate
cs_getordinate = CsOperation(""GEOSCoordSeq_getOrdinate"", ordinate=True, get=True)
cs_setordinate = CsOperation(""GEOSCoordSeq_setOrdinate"", ordinate=True)

# For getting, x, y, z, m
cs_getx = CsOperation(""GEOSCoordSeq_getX"", get=True)
cs_gety = CsOperation(""GEOSCoordSeq_getY"", get=True)
cs_getz = CsOperation(""GEOSCoordSeq_getZ"", get=True)
cs_getm = CsOperation(""GEOSCoordSeq_getM"", get=True)

# For setting, x, y, z, m
cs_setx = CsOperation(""GEOSCoordSeq_setX"")
cs_sety = CsOperation(""GEOSCoordSeq_setY"")
cs_setz = CsOperation(""GEOSCoordSeq_setZ"")
cs_setm = CsOperation(""GEOSCoordSeq_setM"")

# These routines return size & dimensions.
cs_getsize = CsInt(""GEOSCoordSeq_getSize"")
cs_getdims = CsInt(""GEOSCoordSeq_getDimensions"")

# Unary Predicates
cs_hasm = CsUnaryPredicate(""GEOSCoordSeq_hasM"")

cs_is_ccw = GEOSFuncFactory(
    ""GEOSCoordSeq_isCCW"", restype=c_int, argtypes=[CS_PTR, POINTER(c_byte)]
)

```
"
E0_037,legacy_mixed,Hala,5.25,9.81,6.14,10.0,9.8,8.7,9.5,9.5,8.0,10.0,10.0,9.3,,"You are a senior software engineer performing an expert code review.

Analyze the following Python code and rate it on three dimensions. For ALL three, the scale is the same: 0 to 10 where 10 is BEST and 0 is WORST. Use one decimal place (e.g. 7.5).
  - security: 10 = no vulnerabilities or unsafe patterns; 0 = severe issues (injection, unsafe deserialization, weak crypto, hardcoded secrets).
  - complexity: 10 = simple and cheap (low time/space cost, low cyclomatic complexity); 0 = very complex/expensive. (A simpler algorithm scores HIGHER.)
  - maintainability: 10 = easy to read and maintain (clear naming, typing, docs, no duplication, well-structured); 0 = hard to maintain.

First, in 2-4 short sentences per dimension, explain what you observed in THIS code (cite line numbers). Then output the final scores on the LAST line in EXACTLY this format:
SCORES: security=<x.x>, complexity=<x.x>, maintainability=<x.x>

Code:
```python
""""""Integration tests for broker-connection recovery (GH-9705).

Exercises the two fixes that prevent the worker from hanging indefinitely
after a broker connection loss:

1. ``on_connection_error_after_connected()`` now closes the broken
   connection after calling ``collect()``, so the stale socket is
   released before ``blueprint.restart()`` begins the reconnect cycle.

2. ``on_connection_error_after_connected()`` now passes an explicit
   ``socket_timeout`` to ``collect()`` so that cleanup I/O on a dead
   connection cannot block forever.
""""""
from celery.worker.consumer.connection import Connection
from celery.worker.consumer.consumer import COLLECT_SOCKET_TIMEOUT


class test_connection_recovery:
    """"""Integration tests for GH-9705: worker hang after broker connection loss.""""""

    def test_close_connection_clears_connection(self, celery_session_app):
        """"""Connection.close_connection() must close c.connection and set it to None.

        Before the fix, the broken socket was silently leaked across every
        reconnect cycle because StartStopStep.stop() was a no-op (it guards
        on self.obj, which is always None for the Connection bootstep).
        """"""
        conn = celery_session_app.connection()
        conn.connect()

        consumer = type('Consumer', (), {'connection': conn})()
        step = Connection.__new__(Connection)
        step.close_connection(consumer)

        assert consumer.connection is None

    def test_collect_socket_timeout_is_set(self):
        """"""COLLECT_SOCKET_TIMEOUT must be a positive number.

        Without the fix, collect(socket_timeout=None) sets the global
        socket timeout to blocking-forever, causing the worker to hang
        in _brpop_read() on a dead connection.
        """"""
        assert isinstance(COLLECT_SOCKET_TIMEOUT, (int, float))
        assert COLLECT_SOCKET_TIMEOUT > 0

```
"
E0_038,ml_data_code,Hala,10.0,9.87,6.4,9.6,9.2,8.4,9.5,9.0,7.5,10.0,8.5,9.8,,"You are a senior software engineer performing an expert code review.

Analyze the following Python code and rate it on three dimensions. For ALL three, the scale is the same: 0 to 10 where 10 is BEST and 0 is WORST. Use one decimal place (e.g. 7.5).
  - security: 10 = no vulnerabilities or unsafe patterns; 0 = severe issues (injection, unsafe deserialization, weak crypto, hardcoded secrets).
  - complexity: 10 = simple and cheap (low time/space cost, low cyclomatic complexity); 0 = very complex/expensive. (A simpler algorithm scores HIGHER.)
  - maintainability: 10 = easy to read and maintain (clear naming, typing, docs, no duplication, well-structured); 0 = hard to maintain.

First, in 2-4 short sentences per dimension, explain what you observed in THIS code (cite line numbers). Then output the final scores on the LAST line in EXACTLY this format:
SCORES: security=<x.x>, complexity=<x.x>, maintainability=<x.x>

Code:
```python
""""""
frozen (immutable) data structures to support MultiIndexing

These are used for:

- .names (FrozenList)

""""""

from __future__ import annotations

from typing import (
    TYPE_CHECKING,
    Any,
    NoReturn,
    Self,
)

if TYPE_CHECKING:
    from collections.abc import Iterable
    from typing import SupportsIndex

from pandas.util._decorators import set_module

from pandas.core.base import PandasObject

from pandas.io.formats.printing import pprint_thing


@set_module(""pandas.api.typing"")
class FrozenList(PandasObject, list):
    """"""
    Container that doesn't allow setting item *but*
    because it's technically hashable, will be used
    for lookups, appropriately, etc.
    """"""

    # Side note: This has to be of type list. Otherwise,
    #            it messes up PyTables type checks.

    def union(self, other: list | tuple) -> FrozenList:
        """"""
        Returns a FrozenList with other concatenated to the end of self.

        Parameters
        ----------
        other : list or tuple
            The list or tuple whose elements we are concatenating.

        Returns
        -------
        FrozenList
            The concatenation of self and other.
        """"""
        if isinstance(other, tuple):
            other = list(other)
        return type(self)(super().__add__(other))

    def difference(self, other: Iterable) -> FrozenList:
        """"""
        Returns a FrozenList with elements from other removed from self.

        Parameters
        ----------
        other : array-like
            The array-like whose elements we are removing self.

        Returns
        -------
        FrozenList
            The collection difference between self and other.
        """"""
        other = set(other)
        temp = [x for x in self if x not in other]
        return type(self)(temp)

    # TODO: Consider deprecating these in favor of `union` (xref gh-15506)

    __add__ = __iadd__ = union  # type: ignore[assignment]  # pyright: ignore[reportAssignmentType]

    def __getitem__(self, n: int | slice) -> Any:  # type: ignore[override]
        if isinstance(n, slice):
            return type(self)(super().__getitem__(n))
        return super().__getitem__(n)

    def __radd__(self, other: list | tuple) -> Self:
        if isinstance(other, tuple):
            other = list(other)
        return type(self)(other + list(self))

    def __eq__(self, other: object) -> bool:
        if isinstance(other, (tuple, FrozenList)):
            other = list(other)
        return super().__eq__(other)

    __req__ = __eq__

    def __mul__(self, other: SupportsIndex) -> Self:
        return type(self)(super().__mul__(other))

    __imul__ = __mul__

    def __reduce__(self) -> tuple[type[FrozenList], tuple[list[Any]]]:
        return type(self), (list(self),)

    # error: Signature of ""__hash__"" incompatible with supertype ""list""
    def __hash__(self) -> int:  # type: ignore[override]
        return hash(tuple(self))

    def _disabled(self, *args: Any, **kwargs: Any) -> NoReturn:
        """"""
        This method will not function because object is immutable.
        """"""
        raise TypeError(f""'{type(self).__name__}' does not support mutable operations."")

    def __str__(self) -> str:
        return pprint_thing(
            self, quote_strings=True, escape_chars=(""\t"", ""\r"", ""\n"", ""'"")
        )

    def __repr__(self) -> str:
        return f""{type(self).__name__}({self!s})""

    __setitem__ = __setslice__ = _disabled
    __delitem__ = __delslice__ = _disabled
    pop = append = extend = _disabled
    remove = sort = insert = _disabled  # pyright: ignore[reportAssignmentType]

```
"
E0_039,legacy_mixed,Hala,10.0,9.9,6.7,10.0,9.7,8.9,9.0,9.5,6.5,10.0,10.0,9.2,,"You are a senior software engineer performing an expert code review.

Analyze the following Python code and rate it on three dimensions. For ALL three, the scale is the same: 0 to 10 where 10 is BEST and 0 is WORST. Use one decimal place (e.g. 7.5).
  - security: 10 = no vulnerabilities or unsafe patterns; 0 = severe issues (injection, unsafe deserialization, weak crypto, hardcoded secrets).
  - complexity: 10 = simple and cheap (low time/space cost, low cyclomatic complexity); 0 = very complex/expensive. (A simpler algorithm scores HIGHER.)
  - maintainability: 10 = easy to read and maintain (clear naming, typing, docs, no duplication, well-structured); 0 = hard to maintain.

First, in 2-4 short sentences per dimension, explain what you observed in THIS code (cite line numbers). Then output the final scores on the LAST line in EXACTLY this format:
SCORES: security=<x.x>, complexity=<x.x>, maintainability=<x.x>

Code:
```python
import wx.lib.wxcairo as wxcairo

from .backend_cairo import cairo, FigureCanvasCairo
from .backend_wx import _BackendWx, _FigureCanvasWxBase
from .backend_wx import (  # noqa: F401 # pylint: disable=W0611
    NavigationToolbar2Wx as NavigationToolbar2WxCairo)


class FigureCanvasWxCairo(FigureCanvasCairo, _FigureCanvasWxBase):
    def draw(self, drawDC=None):
        size = self.figure.bbox.size.astype(int)
        surface = cairo.ImageSurface(cairo.FORMAT_ARGB32, *size)
        self._renderer.set_context(cairo.Context(surface))
        self._renderer.dpi = self.figure.dpi
        self.figure.draw(self._renderer)
        self.bitmap = wxcairo.BitmapFromImageSurface(surface)
        self._isDrawn = True
        self.gui_repaint(drawDC=drawDC)


@_BackendWx.export
class _BackendWxCairo(_BackendWx):
    FigureCanvas = FigureCanvasWxCairo

```
"
E0_040,legacy_mixed,Hala,10.0,8.14,07.03,10.0,9.8,9.3,9.0,9.5,8.0,10.0,10.0,9.8,,"You are a senior software engineer performing an expert code review.

Analyze the following Python code and rate it on three dimensions. For ALL three, the scale is the same: 0 to 10 where 10 is BEST and 0 is WORST. Use one decimal place (e.g. 7.5).
  - security: 10 = no vulnerabilities or unsafe patterns; 0 = severe issues (injection, unsafe deserialization, weak crypto, hardcoded secrets).
  - complexity: 10 = simple and cheap (low time/space cost, low cyclomatic complexity); 0 = very complex/expensive. (A simpler algorithm scores HIGHER.)
  - maintainability: 10 = easy to read and maintain (clear naming, typing, docs, no duplication, well-structured); 0 = hard to maintain.

First, in 2-4 short sentences per dimension, explain what you observed in THIS code (cite line numbers). Then output the final scores on the LAST line in EXACTLY this format:
SCORES: security=<x.x>, complexity=<x.x>, maintainability=<x.x>

Code:
```python
def blocking_input_loop(figure, event_names, timeout, handler):
    """"""
    Run *figure*'s event loop while listening to interactive events.

    The events listed in *event_names* are passed to *handler*.

    This function is used to implement `.Figure.waitforbuttonpress`,
    `.Figure.ginput`, and `.Axes.clabel`.

    Parameters
    ----------
    figure : `~matplotlib.figure.Figure`
    event_names : list of str
        The names of the events passed to *handler*.
    timeout : float
        If positive, the event loop is stopped after *timeout* seconds.
    handler : Callable[[Event], Any]
        Function called for each event; it can force an early exit of the event
        loop by calling ``canvas.stop_event_loop()``.
    """"""
    if figure.canvas.manager:
        figure.show()  # Ensure that the figure is shown if we are managing it.
    # Connect the events to the on_event function call.
    cids = [figure.canvas.mpl_connect(name, handler) for name in event_names]
    try:
        figure.canvas.start_event_loop(timeout)  # Start event loop.
    finally:  # Run even on exception like ctrl-c.
        # Disconnect the callbacks.
        for cid in cids:
            figure.canvas.mpl_disconnect(cid)

```
"
E0_041,ml_data_code,Hala,10.0,4.31,6.48,10.0,9.5,8.6,6.5,7.5,7.0,9.5,10.0,9.2,,"You are a senior software engineer performing an expert code review.

Analyze the following Python code and rate it on three dimensions. For ALL three, the scale is the same: 0 to 10 where 10 is BEST and 0 is WORST. Use one decimal place (e.g. 7.5).
  - security: 10 = no vulnerabilities or unsafe patterns; 0 = severe issues (injection, unsafe deserialization, weak crypto, hardcoded secrets).
  - complexity: 10 = simple and cheap (low time/space cost, low cyclomatic complexity); 0 = very complex/expensive. (A simpler algorithm scores HIGHER.)
  - maintainability: 10 = easy to read and maintain (clear naming, typing, docs, no duplication, well-structured); 0 = hard to maintain.

First, in 2-4 short sentences per dimension, explain what you observed in THIS code (cite line numbers). Then output the final scores on the LAST line in EXACTLY this format:
SCORES: security=<x.x>, complexity=<x.x>, maintainability=<x.x>

Code:
```python
""""""
Check that doc/source/reference/testing.rst documents
all exceptions and warnings in pandas/errors/__init__.py.

This is meant to be run as a pre-commit hook - to run it manually, you can do:

    pre-commit run pandas-errors-documented --all-files
""""""

from __future__ import annotations

import argparse
import ast
import pathlib
import sys
from typing import TYPE_CHECKING

if TYPE_CHECKING:
    from collections.abc import Sequence

API_PATH = pathlib.Path(""doc/source/reference/testing.rst"").resolve()


def get_defined_errors(content: str) -> set[str]:
    errors = set()
    for node in ast.walk(ast.parse(content)):
        if isinstance(node, ast.ClassDef):
            errors.add(node.name)
        elif isinstance(node, ast.ImportFrom) and node.module != ""__future__"":
            for alias in node.names:
                errors.add(alias.name)
    return errors


def main(argv: Sequence[str] | None = None) -> None:
    parser = argparse.ArgumentParser()
    parser.add_argument(""path"")
    args = parser.parse_args(argv)
    with open(args.path, encoding=""utf-8"") as f:
        file_errors = get_defined_errors(f.read())
    with open(API_PATH, encoding=""utf-8"") as f:
        doc_errors = {
            line.split(""."")[1].strip() for line in f.readlines() if ""errors"" in line
        }
    missing = file_errors.difference(doc_errors)
    if missing:
        sys.stdout.write(
            f""The following exceptions and/or warnings are not documented ""
            f""in {API_PATH}: {missing}""
        )
        sys.exit(1)
    sys.exit(0)


if __name__ == ""__main__"":
    main()

```
"
E0_042,complex_algorithms,Hala,10.0,08.04,5.6,10.0,7.2,8.3,9.0,6.5,7.5,10.0,5.5,9.2,,"You are a senior software engineer performing an expert code review.

Analyze the following Python code and rate it on three dimensions. For ALL three, the scale is the same: 0 to 10 where 10 is BEST and 0 is WORST. Use one decimal place (e.g. 7.5).
  - security: 10 = no vulnerabilities or unsafe patterns; 0 = severe issues (injection, unsafe deserialization, weak crypto, hardcoded secrets).
  - complexity: 10 = simple and cheap (low time/space cost, low cyclomatic complexity); 0 = very complex/expensive. (A simpler algorithm scores HIGHER.)
  - maintainability: 10 = easy to read and maintain (clear naming, typing, docs, no duplication, well-structured); 0 = hard to maintain.

First, in 2-4 short sentences per dimension, explain what you observed in THIS code (cite line numbers). Then output the final scores on the LAST line in EXACTLY this format:
SCORES: security=<x.x>, complexity=<x.x>, maintainability=<x.x>

Code:
```python
""""""
Spectral bipartivity measure.
""""""

import networkx as nx

__all__ = [""spectral_bipartivity""]


@nx._dispatchable(edge_attrs=""weight"")
def spectral_bipartivity(G, nodes=None, weight=""weight""):
    """"""Returns the spectral bipartivity.

    Parameters
    ----------
    G : NetworkX graph

    nodes : list or container  optional(default is all nodes)
      Nodes to return value of spectral bipartivity contribution.

    weight : string or None  optional (default = 'weight')
      Edge data key to use for edge weights. If None, weights set to 1.

    Returns
    -------
    sb : float or dict
       A single number if the keyword nodes is not specified, or
       a dictionary keyed by node with the spectral bipartivity contribution
       of that node as the value.

    Examples
    --------
    >>> from networkx.algorithms import bipartite
    >>> G = nx.path_graph(4)
    >>> bipartite.spectral_bipartivity(G)
    1.0

    Notes
    -----
    This implementation uses Numpy (dense) matrices which are not efficient
    for storing large sparse graphs.

    See Also
    --------
    color

    References
    ----------
    .. [1] E. Estrada and J. A. Rodríguez-Velázquez, ""Spectral measures of
       bipartivity in complex networks"", PhysRev E 72, 046105 (2005)
    """"""
    import scipy as sp

    nodelist = list(G)  # ordering of nodes in matrix
    A = nx.to_numpy_array(G, nodelist, weight=weight)
    expA = sp.linalg.expm(A)
    expmA = sp.linalg.expm(-A)
    coshA = 0.5 * (expA + expmA)
    if nodes is None:
        # return single number for entire graph
        return float(coshA.diagonal().sum() / expA.diagonal().sum())
    else:
        # contribution for individual nodes
        index = dict(zip(nodelist, range(len(nodelist))))
        sb = {}
        for n in nodes:
            i = index[n]
            sb[n] = coshA.item(i, i) / expA.item(i, i)
        return sb

```
"
E0_043,legacy_mixed,Hala,0.74,9.73,4.19,10.0,9.8,8.7,9.5,9.5,7.0,10.0,10.0,9.5,,"You are a senior software engineer performing an expert code review.

Analyze the following Python code and rate it on three dimensions. For ALL three, the scale is the same: 0 to 10 where 10 is BEST and 0 is WORST. Use one decimal place (e.g. 7.5).
  - security: 10 = no vulnerabilities or unsafe patterns; 0 = severe issues (injection, unsafe deserialization, weak crypto, hardcoded secrets).
  - complexity: 10 = simple and cheap (low time/space cost, low cyclomatic complexity); 0 = very complex/expensive. (A simpler algorithm scores HIGHER.)
  - maintainability: 10 = easy to read and maintain (clear naming, typing, docs, no duplication, well-structured); 0 = hard to maintain.

First, in 2-4 short sentences per dimension, explain what you observed in THIS code (cite line numbers). Then output the final scores on the LAST line in EXACTLY this format:
SCORES: security=<x.x>, complexity=<x.x>, maintainability=<x.x>

Code:
```python
import io
from datetime import datetime, timezone

from celery.events import dumper


def test_humanize_type():
    assert dumper.humanize_type('worker-online') == 'started'
    assert dumper.humanize_type('worker-offline') == 'shutdown'
    assert dumper.humanize_type('worker-heartbeat') == 'heartbeat'


def test_dumper_say():
    buf = io.StringIO()
    d = dumper.Dumper(out=buf)
    d.say('hello world')
    assert 'hello world' in buf.getvalue()


def test_format_task_event_output():
    buf = io.StringIO()
    d = dumper.Dumper(out=buf)
    d.format_task_event(
        hostname='worker1',
        timestamp=datetime(2024, 1, 1, 12, 0, 0),
        type='task-succeeded',
        task='mytask(123) args=(1,) kwargs={}',
        event={'result': 'ok', 'foo': 'bar'}
    )
    output = buf.getvalue()
    assert 'worker1 [2024-01-01 12:00:00]' in output
    assert 'task succeeded' in output
    assert 'mytask(123) args=(1,) kwargs={}' in output
    assert 'result=ok' in output
    assert 'foo=bar' in output


def test_on_event_task_received():
    buf = io.StringIO()
    d = dumper.Dumper(out=buf)
    event = {
        'timestamp': datetime(2024, 1, 1, 12, 0, 0, tzinfo=timezone.utc).timestamp(),
        'type': 'task-received',
        'hostname': 'worker1',
        'uuid': 'abc',
        'name': 'mytask',
        'args': '(1,)',
        'kwargs': '{}',
    }
    d.on_event(event.copy())
    output = buf.getvalue()
    assert 'worker1 [2024-01-01 12:00:00+00:00]' in output
    assert 'task received' in output
    assert 'mytask(abc) args=(1,) kwargs={}' in output


def test_on_event_non_task():
    buf = io.StringIO()
    d = dumper.Dumper(out=buf)
    event = {
        'timestamp': datetime(2024, 1, 1, 12, 0, 0, tzinfo=timezone.utc).timestamp(),
        'type': 'worker-online',
        'hostname': 'worker1',
        'foo': 'bar',
    }
    d.on_event(event.copy())
    output = buf.getvalue()
    assert 'worker1 [2024-01-01 12:00:00+00:00]' in output
    assert 'started' in output
    assert 'foo=bar' in output

```
"
E0_044,ml_data_code,Hala,0.66,9.9,6.45,10.0,9.6,8.4,7.0,8.5,5.5,9.5,7.0,7.5,,"You are a senior software engineer performing an expert code review.

Analyze the following Python code and rate it on three dimensions. For ALL three, the scale is the same: 0 to 10 where 10 is BEST and 0 is WORST. Use one decimal place (e.g. 7.5).
  - security: 10 = no vulnerabilities or unsafe patterns; 0 = severe issues (injection, unsafe deserialization, weak crypto, hardcoded secrets).
  - complexity: 10 = simple and cheap (low time/space cost, low cyclomatic complexity); 0 = very complex/expensive. (A simpler algorithm scores HIGHER.)
  - maintainability: 10 = easy to read and maintain (clear naming, typing, docs, no duplication, well-structured); 0 = hard to maintain.

First, in 2-4 short sentences per dimension, explain what you observed in THIS code (cite line numbers). Then output the final scores on the LAST line in EXACTLY this format:
SCORES: security=<x.x>, complexity=<x.x>, maintainability=<x.x>

Code:
```python
""""""
Benchmarks for pandas at the package-level.
""""""

import subprocess
import sys


class TimeImport:
    def time_import(self):
        # on py37+ we the ""-X importtime"" usage gives us a more precise
        #  measurement of the import time we actually care about,
        #  without the subprocess or interpreter overhead
        cmd = [sys.executable, ""-X"", ""importtime"", ""-c"", ""import pandas as pd""]
        p = subprocess.run(cmd, stderr=subprocess.PIPE, check=True)

        line = p.stderr.splitlines()[-1]
        field = line.split(b""|"")[-2].strip()
        total = int(field)  # microseconds
        return total

```
"
E0_045,complex_algorithms,Hala,8.58,7.76,4.68,9.3,7.6,7.8,6.5,8.0,6.5,9.5,7.5,8.0,,"You are a senior software engineer performing an expert code review.

Analyze the following Python code and rate it on three dimensions. For ALL three, the scale is the same: 0 to 10 where 10 is BEST and 0 is WORST. Use one decimal place (e.g. 7.5).
  - security: 10 = no vulnerabilities or unsafe patterns; 0 = severe issues (injection, unsafe deserialization, weak crypto, hardcoded secrets).
  - complexity: 10 = simple and cheap (low time/space cost, low cyclomatic complexity); 0 = very complex/expensive. (A simpler algorithm scores HIGHER.)
  - maintainability: 10 = easy to read and maintain (clear naming, typing, docs, no duplication, well-structured); 0 = hard to maintain.

First, in 2-4 short sentences per dimension, explain what you observed in THIS code (cite line numbers). Then output the final scores on the LAST line in EXACTLY this format:
SCORES: security=<x.x>, complexity=<x.x>, maintainability=<x.x>

Code:
```python
import importlib
import importlib.util
import inspect
import os
import sys
import types

__all__ = [""attach"", ""_lazy_import""]


def attach(module_name, submodules=None, submod_attrs=None):
    """"""Attach lazily loaded submodules, and functions or other attributes.

    Typically, modules import submodules and attributes as follows::

      import mysubmodule
      import anothersubmodule

      from .foo import someattr

    The idea of  this function is to replace the `__init__.py`
    module's `__getattr__`, `__dir__`, and `__all__` attributes such that
    all imports work exactly the way they normally would, except that the
    actual import is delayed until the resulting module object is first used.

    The typical way to call this function, replacing the above imports, is::

      __getattr__, __lazy_dir__, __all__ = lazy.attach(
          __name__, [""mysubmodule"", ""anothersubmodule""], {""foo"": ""someattr""}
      )

    This functionality requires Python 3.7 or higher.

    Parameters
    ----------
    module_name : str
        Typically use __name__.
    submodules : set
        List of submodules to lazily import.
    submod_attrs : dict
        Dictionary of submodule -> list of attributes / functions.
        These attributes are imported as they are used.

    Returns
    -------
    __getattr__, __dir__, __all__

    """"""
    if submod_attrs is None:
        submod_attrs = {}

    if submodules is None:
        submodules = set()
    else:
        submodules = set(submodules)

    attr_to_modules = {
        attr: mod for mod, attrs in submod_attrs.items() for attr in attrs
    }

    __all__ = list(submodules | attr_to_modules.keys())

    def __getattr__(name):
        if name in submodules:
            return importlib.import_module(f""{module_name}.{name}"")
        elif name in attr_to_modules:
            submod = importlib.import_module(f""{module_name}.{attr_to_modules[name]}"")
            return getattr(submod, name)
        else:
            raise AttributeError(f""No {module_name} attribute {name}"")

    def __dir__():
        return __all__

    if os.environ.get(""EAGER_IMPORT"", """"):
        for attr in set(attr_to_modules.keys()) | submodules:
            __getattr__(attr)

    return __getattr__, __dir__, list(__all__)


class DelayedImportErrorModule(types.ModuleType):
    def __init__(self, frame_data, *args, **kwargs):
        self.__frame_data = frame_data
        super().__init__(*args, **kwargs)

    def __getattr__(self, x):
        if x in (""__class__"", ""__file__"", ""__frame_data""):
            super().__getattr__(x)
        else:
            fd = self.__frame_data
            raise ModuleNotFoundError(
                f""No module named '{fd['spec']}'\n\n""
                ""This error is lazily reported, having originally occurred in\n""
                f""  File {fd['filename']}, line {fd['lineno']}, in {fd['function']}\n\n""
                f""----> {''.join(fd['code_context'] or '').strip()}""
            )


def _lazy_import(fullname):
    """"""Return a lazily imported proxy for a module or library.

    Warning
    -------
    Importing using this function can currently cause trouble
    when the user tries to import from a subpackage of a module before
    the package is fully imported. In particular, this idiom may not work:

      np = lazy_import(""numpy"")
      from numpy.lib import recfunctions

    This is due to a difference in the way Python's LazyLoader handles
    subpackage imports compared to the normal import process. Hopefully
    we will get Python's LazyLoader to fix this, or find a workaround.
    In the meantime, this is a potential problem.

    The workaround is to import numpy before importing from the subpackage.

    Notes
    -----
    We often see the following pattern::

      def myfunc():
          import scipy as sp
          sp.argmin(...)
          ....

    This is to prevent a library, in this case `scipy`, from being
    imported at function definition time, since that can be slow.

    This function provides a proxy module that, upon access, imports
    the actual module.  So the idiom equivalent to the above example is::

      sp = lazy.load(""scipy"")

      def myfunc():
          sp.argmin(...)
          ....

    The initial import time is fast because the actual import is delayed
    until the first attribute is requested. The overall import time may
    decrease as well for users that don't make use of large portions
    of the library.

    Parameters
    ----------
    fullname : str
        The full name of the package or subpackage to import.  For example::

          sp = lazy.load(""scipy"")  # import scipy as sp
          spla = lazy.load(""scipy.linalg"")  # import scipy.linalg as spla

    Returns
    -------
    pm : importlib.util._LazyModule
        Proxy module. Can be used like any regularly imported module.
        Actual loading of the module occurs upon first attribute request.

    """"""
    try:
        return sys.modules[fullname]
    except:
        pass

    # Not previously loaded -- look it up
    spec = importlib.util.find_spec(fullname)

    if spec is None:
        try:
            parent = inspect.stack()[1]
            frame_data = {
                ""spec"": fullname,
                ""filename"": parent.filename,
                ""lineno"": parent.lineno,
                ""function"": parent.function,
                ""code_context"": parent.code_context,
            }
            return DelayedImportErrorModule(frame_data, ""DelayedImportErrorModule"")
        finally:
            del parent

    module = importlib.util.module_from_spec(spec)
    sys.modules[fullname] = module

    loader = importlib.util.LazyLoader(spec.loader)
    loader.exec_module(module)

    return module

```
"
E0_046,clean_documented,Hala,10.0,7.51,5.67,9.6,8.3,8.5,5.5,7.5,6.5,9.0,8.5,9.5,,"You are a senior software engineer performing an expert code review.

Analyze the following Python code and rate it on three dimensions. For ALL three, the scale is the same: 0 to 10 where 10 is BEST and 0 is WORST. Use one decimal place (e.g. 7.5).
  - security: 10 = no vulnerabilities or unsafe patterns; 0 = severe issues (injection, unsafe deserialization, weak crypto, hardcoded secrets).
  - complexity: 10 = simple and cheap (low time/space cost, low cyclomatic complexity); 0 = very complex/expensive. (A simpler algorithm scores HIGHER.)
  - maintainability: 10 = easy to read and maintain (clear naming, typing, docs, no duplication, well-structured); 0 = hard to maintain.

First, in 2-4 short sentences per dimension, explain what you observed in THIS code (cite line numbers). Then output the final scores on the LAST line in EXACTLY this format:
SCORES: security=<x.x>, complexity=<x.x>, maintainability=<x.x>

Code:
```python
import json
from typing import TYPE_CHECKING, Any, Dict, Generator, List, Optional, Sequence, Tuple, Type, Union

from pydantic.v1.json import pydantic_encoder
from pydantic.v1.utils import Representation

if TYPE_CHECKING:
    from typing_extensions import TypedDict

    from pydantic.v1.config import BaseConfig
    from pydantic.v1.types import ModelOrDc
    from pydantic.v1.typing import ReprArgs

    Loc = Tuple[Union[int, str], ...]

    class _ErrorDictRequired(TypedDict):
        loc: Loc
        msg: str
        type: str

    class ErrorDict(_ErrorDictRequired, total=False):
        ctx: Dict[str, Any]


__all__ = 'ErrorWrapper', 'ValidationError'


class ErrorWrapper(Representation):
    __slots__ = 'exc', '_loc'

    def __init__(self, exc: Exception, loc: Union[str, 'Loc']) -> None:
        self.exc = exc
        self._loc = loc

    def loc_tuple(self) -> 'Loc':
        if isinstance(self._loc, tuple):
            return self._loc
        else:
            return (self._loc,)

    def __repr_args__(self) -> 'ReprArgs':
        return [('exc', self.exc), ('loc', self.loc_tuple())]


# ErrorList is something like Union[List[Union[List[ErrorWrapper], ErrorWrapper]], ErrorWrapper]
# but recursive, therefore just use:
ErrorList = Union[Sequence[Any], ErrorWrapper]


class ValidationError(Representation, ValueError):
    __slots__ = 'raw_errors', 'model', '_error_cache'

    def __init__(self, errors: Sequence[ErrorList], model: 'ModelOrDc') -> None:
        self.raw_errors = errors
        self.model = model
        self._error_cache: Optional[List['ErrorDict']] = None

    def errors(self) -> List['ErrorDict']:
        if self._error_cache is None:
            try:
                config = self.model.__config__  # type: ignore
            except AttributeError:
                config = self.model.__pydantic_model__.__config__  # type: ignore
            self._error_cache = list(flatten_errors(self.raw_errors, config))
        return self._error_cache

    def json(self, *, indent: Union[None, int, str] = 2) -> str:
        return json.dumps(self.errors(), indent=indent, default=pydantic_encoder)

    def __str__(self) -> str:
        errors = self.errors()
        no_errors = len(errors)
        return (
            f'{no_errors} validation error{"""" if no_errors == 1 else ""s""} for {self.model.__name__}\n'
            f'{display_errors(errors)}'
        )

    def __repr_args__(self) -> 'ReprArgs':
        return [('model', self.model.__name__), ('errors', self.errors())]


def display_errors(errors: List['ErrorDict']) -> str:
    return '\n'.join(f'{_display_error_loc(e)}\n  {e[""msg""]} ({_display_error_type_and_ctx(e)})' for e in errors)


def _display_error_loc(error: 'ErrorDict') -> str:
    return ' -> '.join(str(e) for e in error['loc'])


def _display_error_type_and_ctx(error: 'ErrorDict') -> str:
    t = 'type=' + error['type']
    ctx = error.get('ctx')
    if ctx:
        return t + ''.join(f'; {k}={v}' for k, v in ctx.items())
    else:
        return t


def flatten_errors(
    errors: Sequence[Any], config: Type['BaseConfig'], loc: Optional['Loc'] = None
) -> Generator['ErrorDict', None, None]:
    for error in errors:
        if isinstance(error, ErrorWrapper):
            if loc:
                error_loc = loc + error.loc_tuple()
            else:
                error_loc = error.loc_tuple()

            if isinstance(error.exc, ValidationError):
                yield from flatten_errors(error.exc.raw_errors, config, error_loc)
            else:
                yield error_dict(error.exc, config, error_loc)
        elif isinstance(error, list):
            yield from flatten_errors(error, config, loc=loc)
        else:
            raise RuntimeError(f'Unknown error object: {error}')


def error_dict(exc: Exception, config: Type['BaseConfig'], loc: 'Loc') -> 'ErrorDict':
    type_ = get_exc_type(exc.__class__)
    msg_template = config.error_msg_templates.get(type_) or getattr(exc, 'msg_template', None)
    ctx = exc.__dict__
    if msg_template:
        msg = msg_template.format(**ctx)
    else:
        msg = str(exc)

    d: 'ErrorDict' = {'loc': loc, 'msg': msg, 'type': type_}

    if ctx:
        d['ctx'] = ctx

    return d


_EXC_TYPE_CACHE: Dict[Type[Exception], str] = {}


def get_exc_type(cls: Type[Exception]) -> str:
    # slightly more efficient than using lru_cache since we don't need to worry about the cache filling up
    try:
        return _EXC_TYPE_CACHE[cls]
    except KeyError:
        r = _get_exc_type(cls)
        _EXC_TYPE_CACHE[cls] = r
        return r


def _get_exc_type(cls: Type[Exception]) -> str:
    if issubclass(cls, AssertionError):
        return 'assertion_error'

    base_name = 'type_error' if issubclass(cls, TypeError) else 'value_error'
    if cls in (TypeError, ValueError):
        # just TypeError or ValueError, no extra code
        return base_name

    # if it's not a TypeError or ValueError, we just take the lowercase of the exception name
    # no chaining or snake case logic, use ""code"" for more complex error types.
    code = getattr(cls, 'code', None) or cls.__name__.replace('Error', '').lower()
    return base_name + '.' + code

```
"
E0_047,clean_documented,Hala,10.0,9.91,6.73,10.0,9.8,8.9,9.5,9.5,7.5,10.0,10.0,10.0,,"You are a senior software engineer performing an expert code review.

Analyze the following Python code and rate it on three dimensions. For ALL three, the scale is the same: 0 to 10 where 10 is BEST and 0 is WORST. Use one decimal place (e.g. 7.5).
  - security: 10 = no vulnerabilities or unsafe patterns; 0 = severe issues (injection, unsafe deserialization, weak crypto, hardcoded secrets).
  - complexity: 10 = simple and cheap (low time/space cost, low cyclomatic complexity); 0 = very complex/expensive. (A simpler algorithm scores HIGHER.)
  - maintainability: 10 = easy to read and maintain (clear naming, typing, docs, no duplication, well-structured); 0 = hard to maintain.

First, in 2-4 short sentences per dimension, explain what you observed in THIS code (cite line numbers). Then output the final scores on the LAST line in EXACTLY this format:
SCORES: security=<x.x>, complexity=<x.x>, maintainability=<x.x>

Code:
```python
from __future__ import annotations

import typing as t
from contextvars import ContextVar

from werkzeug.local import LocalProxy

if t.TYPE_CHECKING:  # pragma: no cover
    from .app import Flask
    from .ctx import _AppCtxGlobals
    from .ctx import AppContext
    from .sessions import SessionMixin
    from .wrappers import Request

    T = t.TypeVar(""T"", covariant=True)

    class ProxyMixin(t.Protocol[T]):
        def _get_current_object(self) -> T: ...

    # These subclasses inform type checkers that the proxy objects look like the
    # proxied type along with the _get_current_object method.
    class FlaskProxy(ProxyMixin[Flask], Flask): ...

    class AppContextProxy(ProxyMixin[AppContext], AppContext): ...

    class _AppCtxGlobalsProxy(ProxyMixin[_AppCtxGlobals], _AppCtxGlobals): ...

    class RequestProxy(ProxyMixin[Request], Request): ...

    class SessionMixinProxy(ProxyMixin[SessionMixin], SessionMixin): ...


_no_app_msg = """"""\
Working outside of application context.

Attempted to use functionality that expected a current application to be set. To
solve this, set up an app context using 'with app.app_context()'. See the
documentation on app context for more information.\
""""""
_cv_app: ContextVar[AppContext] = ContextVar(""flask.app_ctx"")
app_ctx: AppContextProxy = LocalProxy(  # type: ignore[assignment]
    _cv_app, unbound_message=_no_app_msg
)
current_app: FlaskProxy = LocalProxy(  # type: ignore[assignment]
    _cv_app, ""app"", unbound_message=_no_app_msg
)
g: _AppCtxGlobalsProxy = LocalProxy(  # type: ignore[assignment]
    _cv_app, ""g"", unbound_message=_no_app_msg
)

_no_req_msg = """"""\
Working outside of request context.

Attempted to use functionality that expected an active HTTP request. See the
documentation on request context for more information.\
""""""
request: RequestProxy = LocalProxy(  # type: ignore[assignment]
    _cv_app, ""request"", unbound_message=_no_req_msg
)
session: SessionMixinProxy = LocalProxy(  # type: ignore[assignment]
    _cv_app, ""session"", unbound_message=_no_req_msg
)


def __getattr__(name: str) -> t.Any:
    import warnings

    if name == ""request_ctx"":
        warnings.warn(
            ""'request_ctx' has merged with 'app_ctx', and will be removed""
            "" in Flask 4.0. Use 'app_ctx' instead."",
            DeprecationWarning,
            stacklevel=2,
        )
        return app_ctx

    raise AttributeError(name)

```
"
E0_048,security_sensitive,Hala,10.0,9.65,6.19,9.7,9.9,9.2,6.5,9.0,7.0,9.0,10.0,9.5,,"You are a senior software engineer performing an expert code review.

Analyze the following Python code and rate it on three dimensions. For ALL three, the scale is the same: 0 to 10 where 10 is BEST and 0 is WORST. Use one decimal place (e.g. 7.5).
  - security: 10 = no vulnerabilities or unsafe patterns; 0 = severe issues (injection, unsafe deserialization, weak crypto, hardcoded secrets).
  - complexity: 10 = simple and cheap (low time/space cost, low cyclomatic complexity); 0 = very complex/expensive. (A simpler algorithm scores HIGHER.)
  - maintainability: 10 = easy to read and maintain (clear naming, typing, docs, no duplication, well-structured); 0 = hard to maintain.

First, in 2-4 short sentences per dimension, explain what you observed in THIS code (cite line numbers). Then output the final scores on the LAST line in EXACTLY this format:
SCORES: security=<x.x>, complexity=<x.x>, maintainability=<x.x>

Code:
```python
from django.conf import settings
from django.core.exceptions import ImproperlyConfigured
from django.http import HttpResponse
from django.utils.deprecation import MiddlewareMixin

from .utils import get_view_name


class XViewMiddleware(MiddlewareMixin):
    """"""
    Add an X-View header to internal HEAD requests.
    """"""

    def process_view(self, request, view_func, view_args, view_kwargs):
        """"""
        If the request method is HEAD and either the IP is internal or the
        user is a logged-in staff member, return a response with an x-view
        header indicating the view function. This is used to lookup the view
        function for an arbitrary page.
        """"""
        if not hasattr(request, ""user""):
            raise ImproperlyConfigured(
                ""The XView middleware requires authentication middleware to ""
                ""be installed. Edit your MIDDLEWARE setting to insert ""
                ""'django.contrib.auth.middleware.AuthenticationMiddleware'.""
            )
        if request.method == ""HEAD"" and (
            request.META.get(""REMOTE_ADDR"") in settings.INTERNAL_IPS
            or (request.user.is_active and request.user.is_staff)
        ):
            response = HttpResponse()
            response.headers[""X-View""] = get_view_name(view_func)
            return response

```
"
E0_049,legacy_mixed,Hala,10.0,9.91,5.57,10.0,9.8,8.8,7.0,9.0,6.5,10.0,10.0,9.0,,"You are a senior software engineer performing an expert code review.

Analyze the following Python code and rate it on three dimensions. For ALL three, the scale is the same: 0 to 10 where 10 is BEST and 0 is WORST. Use one decimal place (e.g. 7.5).
  - security: 10 = no vulnerabilities or unsafe patterns; 0 = severe issues (injection, unsafe deserialization, weak crypto, hardcoded secrets).
  - complexity: 10 = simple and cheap (low time/space cost, low cyclomatic complexity); 0 = very complex/expensive. (A simpler algorithm scores HIGHER.)
  - maintainability: 10 = easy to read and maintain (clear naming, typing, docs, no duplication, well-structured); 0 = hard to maintain.

First, in 2-4 short sentences per dimension, explain what you observed in THIS code (cite line numbers). Then output the final scores on the LAST line in EXACTLY this format:
SCORES: security=<x.x>, complexity=<x.x>, maintainability=<x.x>

Code:
```python
import pytest
from kombu.utils.encoding import ensure_bytes

from celery.exceptions import SecurityError
from celery.security.key import PrivateKey
from celery.security.utils import get_digest_algorithm

from . import CERT1, ENCKEY1, ENCKEY2, KEY1, KEY2, KEY_ECDSA, KEYPASSWORD
from .case import SecurityCase


class test_PrivateKey(SecurityCase):

    def test_valid_private_key(self):
        PrivateKey(KEY1)
        PrivateKey(KEY2)
        PrivateKey(ENCKEY1, KEYPASSWORD)
        PrivateKey(ENCKEY2, KEYPASSWORD)

    def test_invalid_private_key(self):
        with pytest.raises((SecurityError, TypeError)):
            PrivateKey(None)
        with pytest.raises(SecurityError):
            PrivateKey('')
        with pytest.raises(SecurityError):
            PrivateKey('foo')
        with pytest.raises(SecurityError):
            PrivateKey(KEY1[:20] + KEY1[21:])
        with pytest.raises(SecurityError):
            PrivateKey(ENCKEY1, KEYPASSWORD+b""wrong"")
        with pytest.raises(SecurityError):
            PrivateKey(ENCKEY2, KEYPASSWORD+b""wrong"")
        with pytest.raises(SecurityError):
            PrivateKey(CERT1)
        with pytest.raises(SecurityError):
            PrivateKey(KEY_ECDSA)

    def test_sign(self):
        pkey = PrivateKey(KEY1)
        pkey.sign(ensure_bytes('test'), get_digest_algorithm())
        with pytest.raises(AttributeError):
            pkey.sign(ensure_bytes('test'), get_digest_algorithm('unknown'))

        # pkey = PrivateKey(KEY_ECDSA)
        # pkey.sign(ensure_bytes('test'), get_digest_algorithm())

```
"
E0_050,complex_algorithms,Hala,10.0,2.79,05.01,10.0,9.4,8.7,9.5,8.5,8.0,10.0,10.0,9.8,,"You are a senior software engineer performing an expert code review.

Analyze the following Python code and rate it on three dimensions. For ALL three, the scale is the same: 0 to 10 where 10 is BEST and 0 is WORST. Use one decimal place (e.g. 7.5).
  - security: 10 = no vulnerabilities or unsafe patterns; 0 = severe issues (injection, unsafe deserialization, weak crypto, hardcoded secrets).
  - complexity: 10 = simple and cheap (low time/space cost, low cyclomatic complexity); 0 = very complex/expensive. (A simpler algorithm scores HIGHER.)
  - maintainability: 10 = easy to read and maintain (clear naming, typing, docs, no duplication, well-structured); 0 = hard to maintain.

First, in 2-4 short sentences per dimension, explain what you observed in THIS code (cite line numbers). Then output the final scores on the LAST line in EXACTLY this format:
SCORES: security=<x.x>, complexity=<x.x>, maintainability=<x.x>

Code:
```python
""""""Weakly connected components.""""""

import networkx as nx
from networkx.utils.decorators import not_implemented_for

__all__ = [
    ""number_weakly_connected_components"",
    ""weakly_connected_components"",
    ""is_weakly_connected"",
]


@not_implemented_for(""undirected"")
@nx._dispatchable
def weakly_connected_components(G):
    """"""Generate weakly connected components of G.

    Parameters
    ----------
    G : NetworkX graph
        A directed graph

    Returns
    -------
    comp : generator of sets
        A generator of sets of nodes, one for each weakly connected
        component of G.

    Raises
    ------
    NetworkXNotImplemented
        If G is undirected.

    Examples
    --------
    Generate a sorted list of weakly connected components, largest first.

    >>> G = nx.path_graph(4, create_using=nx.DiGraph())
    >>> nx.add_path(G, [10, 11, 12])
    >>> [
    ...     len(c)
    ...     for c in sorted(nx.weakly_connected_components(G), key=len, reverse=True)
    ... ]
    [4, 3]

    If you only want the largest component, it's more efficient to
    use max instead of sort:

    >>> largest_cc = max(nx.weakly_connected_components(G), key=len)

    See Also
    --------
    connected_components
    strongly_connected_components

    Notes
    -----
    For directed graphs only.

    """"""
    seen = set()
    n = len(G)  # must be outside the loop to avoid performance hit with graph views
    for v in G:
        if v not in seen:
            c = _plain_bfs(G, n - len(seen), v)
            seen.update(c)
            yield c


@not_implemented_for(""undirected"")
@nx._dispatchable
def number_weakly_connected_components(G):
    """"""Returns the number of weakly connected components in G.

    Parameters
    ----------
    G : NetworkX graph
        A directed graph.

    Returns
    -------
    n : integer
        Number of weakly connected components

    Raises
    ------
    NetworkXNotImplemented
        If G is undirected.

    Examples
    --------
    >>> G = nx.DiGraph([(0, 1), (2, 1), (3, 4)])
    >>> nx.number_weakly_connected_components(G)
    2

    See Also
    --------
    weakly_connected_components
    number_connected_components
    number_strongly_connected_components

    Notes
    -----
    For directed graphs only.

    """"""
    return sum(1 for _ in weakly_connected_components(G))


@not_implemented_for(""undirected"")
@nx._dispatchable
def is_weakly_connected(G):
    """"""Test directed graph for weak connectivity.

    A directed graph is weakly connected if and only if the graph
    is connected when the direction of the edge between nodes is ignored.

    Note that if a graph is strongly connected (i.e. the graph is connected
    even when we account for directionality), it is by definition weakly
    connected as well.

    Parameters
    ----------
    G : NetworkX Graph
        A directed graph.

    Returns
    -------
    connected : bool
        True if the graph is weakly connected, False otherwise.

    Raises
    ------
    NetworkXNotImplemented
        If G is undirected.

    Examples
    --------
    >>> G = nx.DiGraph([(0, 1), (2, 1)])
    >>> G.add_node(3)
    >>> nx.is_weakly_connected(G)  # node 3 is not connected to the graph
    False
    >>> G.add_edge(2, 3)
    >>> nx.is_weakly_connected(G)
    True

    See Also
    --------
    is_strongly_connected
    is_semiconnected
    is_connected
    is_biconnected
    weakly_connected_components

    Notes
    -----
    For directed graphs only.

    """"""
    n = len(G)
    if n == 0:
        raise nx.NetworkXPointlessConcept(
            """"""Connectivity is undefined for the null graph.""""""
        )

    return len(next(weakly_connected_components(G))) == n


def _plain_bfs(G, n, source):
    """"""A fast BFS node generator

    The direction of the edge between nodes is ignored.

    For directed graphs only.

    """"""
    Gsucc = G._succ
    Gpred = G._pred
    seen = {source}
    nextlevel = [source]

    while nextlevel:
        thislevel = nextlevel
        nextlevel = []
        for v in thislevel:
            for w in Gsucc[v]:
                if w not in seen:
                    seen.add(w)
                    nextlevel.append(w)
            for w in Gpred[v]:
                if w not in seen:
                    seen.add(w)
                    nextlevel.append(w)
            if len(seen) == n:
                return seen
    return seen

```
"
E0_051,legacy_mixed,Hala,10.0,7.53,5.13,8.5,4.5,4.0,6.0,7.0,5.5,10.0,9.5,8.5,,"You are a senior software engineer performing an expert code review.

Analyze the following Python code and rate it on three dimensions. For ALL three, the scale is the same: 0 to 10 where 10 is BEST and 0 is WORST. Use one decimal place (e.g. 7.5).
  - security: 10 = no vulnerabilities or unsafe patterns; 0 = severe issues (injection, unsafe deserialization, weak crypto, hardcoded secrets).
  - complexity: 10 = simple and cheap (low time/space cost, low cyclomatic complexity); 0 = very complex/expensive. (A simpler algorithm scores HIGHER.)
  - maintainability: 10 = easy to read and maintain (clear naming, typing, docs, no duplication, well-structured); 0 = hard to maintain.

First, in 2-4 short sentences per dimension, explain what you observed in THIS code (cite line numbers). Then output the final scores on the LAST line in EXACTLY this format:
SCORES: security=<x.x>, complexity=<x.x>, maintainability=<x.x>

Code:
```python
""""""
Helper module for the *bbox_inches* parameter in `.Figure.savefig`.
""""""

from matplotlib.transforms import Bbox, TransformedBbox, Affine2D


def adjust_bbox(fig, bbox_inches, renderer, fixed_dpi=None):
    """"""
    Temporarily adjust the figure so that only the specified area
    (bbox_inches) is saved.

    It modifies fig.bbox, fig.bbox_inches,
    fig.transFigure._boxout, and fig.patch.  While the figure size
    changes, the scale of the original figure is conserved.  A
    function which restores the original values are returned.
    """"""
    origBbox = fig.bbox
    origBboxInches = fig.bbox_inches
    _boxout = fig.transFigure._boxout

    old_aspect = []
    locator_list = []
    sentinel = object()
    for ax in fig.axes:
        locator = ax.get_axes_locator()
        if locator is not None:
            ax.apply_aspect(locator(ax, renderer))
        locator_list.append(locator)
        current_pos = ax.get_position(original=False).frozen()
        ax.set_axes_locator(lambda a, r, _pos=current_pos: _pos)
        # override the method that enforces the aspect ratio on the Axes
        if 'apply_aspect' in ax.__dict__:
            old_aspect.append(ax.apply_aspect)
        else:
            old_aspect.append(sentinel)
        ax.apply_aspect = lambda pos=None: None

    def restore_bbox():
        for ax, loc, aspect in zip(fig.axes, locator_list, old_aspect):
            ax.set_axes_locator(loc)
            if aspect is sentinel:
                # delete our no-op function which un-hides the original method
                del ax.apply_aspect
            else:
                ax.apply_aspect = aspect

        fig.bbox = origBbox
        fig.bbox_inches = origBboxInches
        fig.transFigure._boxout = _boxout
        fig.transFigure.invalidate()
        fig.patch.set_bounds(0, 0, 1, 1)

    if fixed_dpi is None:
        fixed_dpi = fig.dpi
    tr = Affine2D().scale(fixed_dpi)
    dpi_scale = fixed_dpi / fig.dpi

    fig.bbox_inches = Bbox.from_bounds(0, 0, *bbox_inches.size)
    x0, y0 = tr.transform(bbox_inches.p0)
    w1, h1 = fig.bbox.size * dpi_scale
    fig.transFigure._boxout = Bbox.from_bounds(-x0, -y0, w1, h1)
    fig.transFigure.invalidate()

    fig.bbox = TransformedBbox(fig.bbox_inches, tr)

    fig.patch.set_bounds(x0 / w1, y0 / h1,
                         fig.bbox.width / w1, fig.bbox.height / h1)

    return restore_bbox


def process_figure_for_rasterizing(fig, bbox_inches_restore, renderer, fixed_dpi=None):
    """"""
    A function that needs to be called when figure dpi changes during the
    drawing (e.g., rasterizing).  It recovers the bbox and re-adjust it with
    the new dpi.
    """"""

    bbox_inches, restore_bbox = bbox_inches_restore
    restore_bbox()
    r = adjust_bbox(fig, bbox_inches, renderer, fixed_dpi)

    return bbox_inches, r

```
"
E0_052,security_sensitive,Hala,10.0,2.64,5.49,9.0,5.0,6.0,6.0,7.0,6.5,7.5,7.0,6.5,,"You are a senior software engineer performing an expert code review.

Analyze the following Python code and rate it on three dimensions. For ALL three, the scale is the same: 0 to 10 where 10 is BEST and 0 is WORST. Use one decimal place (e.g. 7.5).
  - security: 10 = no vulnerabilities or unsafe patterns; 0 = severe issues (injection, unsafe deserialization, weak crypto, hardcoded secrets).
  - complexity: 10 = simple and cheap (low time/space cost, low cyclomatic complexity); 0 = very complex/expensive. (A simpler algorithm scores HIGHER.)
  - maintainability: 10 = easy to read and maintain (clear naming, typing, docs, no duplication, well-structured); 0 = hard to maintain.

First, in 2-4 short sentences per dimension, explain what you observed in THIS code (cite line numbers). Then output the final scores on the LAST line in EXACTLY this format:
SCORES: security=<x.x>, complexity=<x.x>, maintainability=<x.x>

Code:
```python
""""""
This module includes some utility functions for inspecting the layout
of a GDAL data source -- the functionality is analogous to the output
produced by the `ogrinfo` utility.
""""""

from django.contrib.gis.gdal import DataSource
from django.contrib.gis.gdal.geometries import GEO_CLASSES


def ogrinfo(data_source, num_features=10):
    """"""
    Walk the available layers in the supplied `data_source`, displaying
    the fields for the first `num_features` features.
    """"""

    # Checking the parameters.
    if isinstance(data_source, str):
        data_source = DataSource(data_source)
    elif isinstance(data_source, DataSource):
        pass
    else:
        raise Exception(
            ""Data source parameter must be a string or a DataSource object.""
        )

    for i, layer in enumerate(data_source):
        print(""data source : %s"" % data_source.name)
        print(""==== layer %s"" % i)
        print(""  shape type: %s"" % GEO_CLASSES[layer.geom_type.num].__name__)
        print(""  # features: %s"" % len(layer))
        print(""         srs: %s"" % layer.srs)
        extent_tup = layer.extent.tuple
        print(""      extent: %s - %s"" % (extent_tup[0:2], extent_tup[2:4]))
        print(""Displaying the first %s features ===="" % num_features)

        width = max(*map(len, layer.fields))
        fmt = "" %%%ss: %%s"" % width
        for j, feature in enumerate(layer[:num_features]):
            print(""=== Feature %s"" % j)
            for fld_name in layer.fields:
                type_name = feature[fld_name].type_name
                output = fmt % (fld_name, type_name)
                val = feature.get(fld_name)
                if val:
                    if isinstance(val, str):
                        val_fmt = ' (""%s"")'
                    else:
                        val_fmt = "" (%s)""
                    output += val_fmt % val
                else:
                    output += "" (None)""
                print(output)

```
"
E0_053,ml_data_code,Hala,10.0,4.14,5.48,9.2,6.0,6.5,7.0,8.0,7.5,8.5,7.0,8.0,,"You are a senior software engineer performing an expert code review.

Analyze the following Python code and rate it on three dimensions. For ALL three, the scale is the same: 0 to 10 where 10 is BEST and 0 is WORST. Use one decimal place (e.g. 7.5).
  - security: 10 = no vulnerabilities or unsafe patterns; 0 = severe issues (injection, unsafe deserialization, weak crypto, hardcoded secrets).
  - complexity: 10 = simple and cheap (low time/space cost, low cyclomatic complexity); 0 = very complex/expensive. (A simpler algorithm scores HIGHER.)
  - maintainability: 10 = easy to read and maintain (clear naming, typing, docs, no duplication, well-structured); 0 = hard to maintain.

First, in 2-4 short sentences per dimension, explain what you observed in THIS code (cite line numbers). Then output the final scores on the LAST line in EXACTLY this format:
SCORES: security=<x.x>, complexity=<x.x>, maintainability=<x.x>

Code:
```python
# pyright: reportMissingImports=false
from __future__ import annotations

from typing import (
    TYPE_CHECKING,
    Any,
)
import warnings

from pandas.compat._optional import import_optional_dependency
from pandas.errors import Pandas4Warning
from pandas.util._exceptions import find_stack_level

from pandas.io.excel._base import BaseExcelReader

if TYPE_CHECKING:
    from pyxlsb import (
        Workbook,
        Worksheet,
    )

    from pandas._typing import (
        FilePath,
        ReadBuffer,
        Scalar,
        StorageOptions,
    )


class PyxlsbReader(BaseExcelReader[""Workbook""]):
    def __init__(
        self,
        filepath_or_buffer: FilePath | ReadBuffer[bytes],
        storage_options: StorageOptions | None = None,
        engine_kwargs: dict | None = None,
    ) -> None:
        """"""
        Reader using pyxlsb engine.

        Parameters
        ----------
        filepath_or_buffer : str, path object, or Workbook
            Object to be parsed.
        storage_options : dict, optional
            Extra options that make sense for a particular storage connection, e.g.
            host, port, username, password, etc. For HTTP(S) URLs the key-value pairs
            are forwarded to ``urllib.request.Request`` as header options. For other
            URLs (e.g. starting with ""s3://"", and ""gcs://"") the key-value pairs are
            forwarded to ``fsspec.open``. Please see ``fsspec`` and ``urllib`` for more
            details, and for more examples on storage options refer `here
            <https://pandas.pydata.org/docs/user_guide/io.html?
            highlight=storage_options#reading-writing-remote-files>`_.
        engine_kwargs : dict, optional
            Arbitrary keyword arguments passed to excel engine.
        """"""
        import_optional_dependency(""pyxlsb"")
        warnings.warn(
            ""The pyxlsb engine is deprecated and will be removed in a future version. ""
            ""Use the calamine engine instead, by setting engine='calamine'."",
            Pandas4Warning,
            stacklevel=find_stack_level(),
        )
        # This will call load_workbook on the filepath or buffer
        # And set the result to the book-attribute
        super().__init__(
            filepath_or_buffer,
            storage_options=storage_options,
            engine_kwargs=engine_kwargs,
        )

    @property
    def _workbook_class(self) -> type[Workbook]:
        from pyxlsb import Workbook

        return Workbook

    def load_workbook(
        self,
        filepath_or_buffer: FilePath | ReadBuffer[bytes],
        engine_kwargs: dict[str, Any],
    ) -> Workbook:
        from pyxlsb import open_workbook

        # TODO: hack in buffer capability
        # This might need some modifications to the Pyxlsb library
        # Actual work for opening it is in xlsbpackage.py, line 20-ish

        return open_workbook(filepath_or_buffer, **engine_kwargs)

    @property
    def sheet_names(self) -> list[str]:
        return self.book.sheets

    def get_sheet_by_name(self, name: str) -> Worksheet:
        self.raise_if_bad_sheet_by_name(name)
        return self.book.get_sheet(name)

    def get_sheet_by_index(self, index: int) -> Worksheet:
        self.raise_if_bad_sheet_by_index(index)
        # pyxlsb sheets are indexed from 1 onwards
        # There's a fix for this in the source, but the pypi package doesn't have it
        return self.book.get_sheet(index + 1)

    def _convert_cell(self, cell: Any) -> Scalar:
        # TODO: there is no way to distinguish between floats and datetimes in pyxlsb
        # This means that there is no way to read datetime types from an xlsb file yet
        if cell.v is None:
            return """"  # Prevents non-named columns from not showing up as Unnamed: i
        if isinstance(cell.v, float):
            val = int(cell.v)
            if val == cell.v:
                return val
            else:
                return float(cell.v)

        return cell.v

    def get_sheet_data(
        self,
        sheet: Worksheet,
        file_rows_needed: int | None = None,
    ) -> list[list[Scalar]]:
        data: list[list[Scalar]] = []
        previous_row_number = -1
        # When sparse=True the rows can have different lengths and empty rows are
        # not returned. The cells are namedtuples of row, col, value (r, c, v).
        for row in sheet.rows(sparse=True):
            row_number = row[0].r
            converted_row = [self._convert_cell(cell) for cell in row]
            while converted_row and converted_row[-1] == """":
                # trim trailing empty elements
                converted_row.pop()
            if converted_row:
                data.extend([[]] * (row_number - previous_row_number - 1))
                data.append(converted_row)
                previous_row_number = row_number
            if file_rows_needed is not None and len(data) >= file_rows_needed:
                break
        if data:
            # extend rows to max_width
            max_width = max(len(data_row) for data_row in data)
            if min(len(data_row) for data_row in data) < max_width:
                empty_cell: list[Scalar] = [""""]
                data = [
                    data_row + (max_width - len(data_row)) * empty_cell
                    for data_row in data
                ]
        return data

```
"
E0_054,complex_algorithms,Hala,10.0,08.07,5.83,9.5,7.5,7.0,9.5,9.0,7.0,10.0,7.0,9.2,,"You are a senior software engineer performing an expert code review.

Analyze the following Python code and rate it on three dimensions. For ALL three, the scale is the same: 0 to 10 where 10 is BEST and 0 is WORST. Use one decimal place (e.g. 7.5).
  - security: 10 = no vulnerabilities or unsafe patterns; 0 = severe issues (injection, unsafe deserialization, weak crypto, hardcoded secrets).
  - complexity: 10 = simple and cheap (low time/space cost, low cyclomatic complexity); 0 = very complex/expensive. (A simpler algorithm scores HIGHER.)
  - maintainability: 10 = easy to read and maintain (clear naming, typing, docs, no duplication, well-structured); 0 = hard to maintain.

First, in 2-4 short sentences per dimension, explain what you observed in THIS code (cite line numbers). Then output the final scores on the LAST line in EXACTLY this format:
SCORES: security=<x.x>, complexity=<x.x>, maintainability=<x.x>

Code:
```python
""""""Benchmarks for a certain set of algorithms""""""

import networkx as nx


class HarmonicCentralityBenchmarks:
    timeout = 120
    nodes = [10, 100, 1000]
    params = [f""wheel_graph({i})"" for i in nodes] + [
        f""directed_wheel({i})"" for i in nodes
    ]
    param_names = [""graph""]

    def setup(self, graph):
        def directed_wheel(n):
            # bidirectional edges on the rim with directed edges to the central node
            G = nx.DiGraph(nx.cycle_graph(range(1, n)))
            G.add_node(0)
            G.add_edges_from((0, i) for i in range(1, n))
            return G

        self.graphs_dict = {}
        for n in self.nodes:
            self.graphs_dict[f""wheel_graph({n})""] = nx.wheel_graph(n)
            self.graphs_dict[f""directed_wheel({n})""] = directed_wheel(n)

    def time_harmonic_centrality(self, graph):
        _ = nx.harmonic_centrality(self.graphs_dict[graph])

    def time_harmonic_centrality_single_node(self, graph):
        _ = nx.harmonic_centrality(self.graphs_dict[graph], nbunch=[0])

    def time_harmonic_centrality_node_subset(self, graph):
        _ = nx.harmonic_centrality(self.graphs_dict[graph], nbunch=[0, 1, 2, 3])

```
"
E0_055,legacy_mixed,Hala,10.0,9.91,7.31,9.2,6.5,6.8,6.5,9.0,6.5,9.0,10.0,10.0,,"You are a senior software engineer performing an expert code review.

Analyze the following Python code and rate it on three dimensions. For ALL three, the scale is the same: 0 to 10 where 10 is BEST and 0 is WORST. Use one decimal place (e.g. 7.5).
  - security: 10 = no vulnerabilities or unsafe patterns; 0 = severe issues (injection, unsafe deserialization, weak crypto, hardcoded secrets).
  - complexity: 10 = simple and cheap (low time/space cost, low cyclomatic complexity); 0 = very complex/expensive. (A simpler algorithm scores HIGHER.)
  - maintainability: 10 = easy to read and maintain (clear naming, typing, docs, no duplication, well-structured); 0 = hard to maintain.

First, in 2-4 short sentences per dimension, explain what you observed in THIS code (cite line numbers). Then output the final scores on the LAST line in EXACTLY this format:
SCORES: security=<x.x>, complexity=<x.x>, maintainability=<x.x>

Code:
```python
from typing import Any

import pytest
from pytest_celery import CeleryTestWorker, CeleryWorkerContainer, defaults
from pytest_docker_tools import build, container, fxtr

from celery import Celery


class CeleryLatestWorkerContainer(CeleryWorkerContainer):
    """"""Defines the configurations for a Celery worker container.

    This worker will install the latest version of Celery from PyPI.
    """"""

    @property
    def client(self) -> Any:
        return self

    @classmethod
    def log_level(cls) -> str:
        return ""INFO""

    @classmethod
    def worker_name(cls) -> str:
        return ""celery_latest_tests_worker""

    @classmethod
    def worker_queue(cls) -> str:
        return ""celery_latest_tests_queue""


# Build the image from the PyPI Dockerfile
celery_latest_worker_image = build(
    path=""."",
    dockerfile=""t/smoke/workers/docker/pypi"",
    tag=""t/smoke/worker:latest"",
    buildargs=CeleryLatestWorkerContainer.buildargs(),
)


# Define container settings
celery_latest_worker_container = container(
    image=""{celery_latest_worker_image.id}"",
    environment=fxtr(""default_worker_env""),
    network=""{default_pytest_celery_network.name}"",
    volumes={""{default_worker_volume.name}"": defaults.DEFAULT_WORKER_VOLUME},
    wrapper_class=CeleryLatestWorkerContainer,
    timeout=defaults.DEFAULT_WORKER_CONTAINER_TIMEOUT,
    command=CeleryLatestWorkerContainer.command(),
)


@pytest.fixture
def celery_latest_worker(
    celery_latest_worker_container: CeleryLatestWorkerContainer,
    celery_setup_app: Celery,
) -> CeleryTestWorker:
    """"""Creates a pytest-celery worker node from the worker container.""""""
    worker = CeleryTestWorker(celery_latest_worker_container, app=celery_setup_app)
    yield worker
    worker.teardown()

```
"
E0_056,legacy_mixed,Hala,1.17,7.63,4.83,9.6,6.8,7.0,6.5,9.0,6.0,9.5,10.0,5.5,,"You are a senior software engineer performing an expert code review.

Analyze the following Python code and rate it on three dimensions. For ALL three, the scale is the same: 0 to 10 where 10 is BEST and 0 is WORST. Use one decimal place (e.g. 7.5).
  - security: 10 = no vulnerabilities or unsafe patterns; 0 = severe issues (injection, unsafe deserialization, weak crypto, hardcoded secrets).
  - complexity: 10 = simple and cheap (low time/space cost, low cyclomatic complexity); 0 = very complex/expensive. (A simpler algorithm scores HIGHER.)
  - maintainability: 10 = easy to read and maintain (clear naming, typing, docs, no duplication, well-structured); 0 = hard to maintain.

First, in 2-4 short sentences per dimension, explain what you observed in THIS code (cite line numbers). Then output the final scores on the LAST line in EXACTLY this format:
SCORES: security=<x.x>, complexity=<x.x>, maintainability=<x.x>

Code:
```python
from unittest.mock import Mock, patch

import pytest

from celery.app.events import Events
from celery.events.snapshot import Polaroid, evcam


class MockTimer:
    installed = []

    def call_repeatedly(self, secs, fun, *args, **kwargs):
        self.installed.append(fun)
        return Mock(name='TRef')


timer = MockTimer()


class test_Polaroid:

    def setup_method(self):
        self.state = self.app.events.State()

    def test_constructor(self):
        x = Polaroid(self.state, app=self.app)
        assert x.app is self.app
        assert x.state is self.state
        assert x.freq
        assert x.cleanup_freq
        assert x.logger
        assert not x.maxrate

    def test_install_timers(self):
        x = Polaroid(self.state, app=self.app)
        x.timer = timer
        x.__exit__()
        x.__enter__()
        assert x.capture in MockTimer.installed
        assert x.cleanup in MockTimer.installed
        x._tref.cancel.assert_not_called()
        x._ctref.cancel.assert_not_called()
        x.__exit__()
        x._tref.cancel.assert_called()
        x._ctref.cancel.assert_called()
        x._tref.assert_called()
        x._ctref.assert_not_called()

    def test_cleanup(self):
        x = Polaroid(self.state, app=self.app)
        cleanup_signal_sent = [False]

        def handler(**kwargs):
            cleanup_signal_sent[0] = True

        x.cleanup_signal.connect(handler)
        x.cleanup()
        assert cleanup_signal_sent[0]

    def test_shutter__capture(self):
        x = Polaroid(self.state, app=self.app)
        shutter_signal_sent = [False]

        def handler(**kwargs):
            shutter_signal_sent[0] = True

        x.shutter_signal.connect(handler)
        x.shutter()
        assert shutter_signal_sent[0]

        shutter_signal_sent[0] = False
        x.capture()
        assert shutter_signal_sent[0]

    def test_shutter_maxrate(self):
        x = Polaroid(self.state, app=self.app, maxrate='1/h')
        shutter_signal_sent = [0]

        def handler(**kwargs):
            shutter_signal_sent[0] += 1

        x.shutter_signal.connect(handler)
        for i in range(30):
            x.shutter()
            x.shutter()
            x.shutter()
        assert shutter_signal_sent[0] == 1


class test_evcam:

    class MockReceiver:
        raise_keyboard_interrupt = False

        def capture(self, **kwargs):
            if self.__class__.raise_keyboard_interrupt:
                raise KeyboardInterrupt()

    class MockEvents(Events):

        def Receiver(self, *args, **kwargs):
            return test_evcam.MockReceiver()

    def setup_method(self):
        self.app.events = self.MockEvents()
        self.app.events.app = self.app

    def test_evcam(self, restore_logging):
        evcam(Polaroid, timer=timer, app=self.app)
        evcam(Polaroid, timer=timer, loglevel='CRITICAL', app=self.app)
        self.MockReceiver.raise_keyboard_interrupt = True
        try:
            with pytest.raises(SystemExit):
                evcam(Polaroid, timer=timer, app=self.app)
        finally:
            self.MockReceiver.raise_keyboard_interrupt = False

    @patch('celery.platforms.create_pidlock')
    def test_evcam_pidfile(self, create_pidlock):
        evcam(Polaroid, timer=timer, pidfile='/var/pid', app=self.app)
        create_pidlock.assert_called_with('/var/pid')

```
"
E0_057,ml_data_code,Hala,6.51,3.51,5.2,9.3,5.5,5.8,6.5,8.5,7.0,10.0,9.5,10.0,,"You are a senior software engineer performing an expert code review.

Analyze the following Python code and rate it on three dimensions. For ALL three, the scale is the same: 0 to 10 where 10 is BEST and 0 is WORST. Use one decimal place (e.g. 7.5).
  - security: 10 = no vulnerabilities or unsafe patterns; 0 = severe issues (injection, unsafe deserialization, weak crypto, hardcoded secrets).
  - complexity: 10 = simple and cheap (low time/space cost, low cyclomatic complexity); 0 = very complex/expensive. (A simpler algorithm scores HIGHER.)
  - maintainability: 10 = easy to read and maintain (clear naming, typing, docs, no duplication, well-structured); 0 = hard to maintain.

First, in 2-4 short sentences per dimension, explain what you observed in THIS code (cite line numbers). Then output the final scores on the LAST line in EXACTLY this format:
SCORES: security=<x.x>, complexity=<x.x>, maintainability=<x.x>

Code:
```python
""""""Common utilities for Numba operations with groupby ops""""""

from __future__ import annotations

import functools
import inspect
from typing import (
    TYPE_CHECKING,
    Any,
)

import numpy as np

from pandas.compat._optional import import_optional_dependency

from pandas.core.util.numba_ import (
    NumbaUtilError,
    jit_user_function,
)

if TYPE_CHECKING:
    from collections.abc import Callable

    from pandas._typing import Scalar


def validate_udf(func: Callable) -> None:
    """"""
    Validate user defined function for ops when using Numba with groupby ops.

    The first signature arguments should include:

    def f(values, index, ...):
        ...

    Parameters
    ----------
    func : function, default False
        user defined function

    Returns
    -------
    None

    Raises
    ------
    NumbaUtilError
    """"""
    if not callable(func):
        raise NotImplementedError(
            ""Numba engine can only be used with a single function.""
        )
    udf_signature = list(inspect.signature(func).parameters.keys())
    expected_args = [""values"", ""index""]
    min_number_args = len(expected_args)
    if (
        len(udf_signature) < min_number_args
        or udf_signature[:min_number_args] != expected_args
    ):
        raise NumbaUtilError(
            f""The first {min_number_args} arguments to {func.__name__} must be ""
            f""{expected_args}""
        )


@functools.cache
def generate_numba_agg_func(
    func: Callable[..., Scalar],
    nogil: bool,
    parallel: bool,
) -> Callable[[np.ndarray, np.ndarray, np.ndarray, np.ndarray, int, Any], np.ndarray]:
    """"""
    Generate a numba jitted agg function specified by values from engine_kwargs.

    1. jit the user's function
    2. Return a groupby agg function with the jitted function inline

    Configurations specified in engine_kwargs apply to both the user's
    function _AND_ the groupby evaluation loop.

    Parameters
    ----------
    func : function
        function to be applied to each group and will be JITed
    nogil : bool
        nogil to be passed into numba.jit
    parallel : bool
        parallel to be passed into numba.jit

    Returns
    -------
    Numba function
    """"""
    numba_func = jit_user_function(func)
    if TYPE_CHECKING:
        import numba
    else:
        numba = import_optional_dependency(""numba"")

    @numba.jit(nogil=nogil, parallel=parallel)
    def group_agg(
        values: np.ndarray,
        index: np.ndarray,
        begin: np.ndarray,
        end: np.ndarray,
        num_columns: int,
        *args: Any,
    ) -> np.ndarray:
        assert len(begin) == len(end)
        num_groups = len(begin)

        result = np.empty((num_groups, num_columns))
        for i in numba.prange(num_groups):
            group_index = index[begin[i] : end[i]]
            for j in numba.prange(num_columns):
                group = values[begin[i] : end[i], j]
                result[i, j] = numba_func(group, group_index, *args)
        return result

    return group_agg


@functools.cache
def generate_numba_transform_func(
    func: Callable[..., np.ndarray],
    nogil: bool,
    parallel: bool,
) -> Callable[[np.ndarray, np.ndarray, np.ndarray, np.ndarray, int, Any], np.ndarray]:
    """"""
    Generate a numba jitted transform function specified by values from engine_kwargs.

    1. jit the user's function
    2. Return a groupby transform function with the jitted function inline

    Configurations specified in engine_kwargs apply to both the user's
    function _AND_ the groupby evaluation loop.

    Parameters
    ----------
    func : function
        function to be applied to each window and will be JITed
    nogil : bool
        nogil to be passed into numba.jit
    parallel : bool
        parallel to be passed into numba.jit

    Returns
    -------
    Numba function
    """"""
    numba_func = jit_user_function(func)
    if TYPE_CHECKING:
        import numba
    else:
        numba = import_optional_dependency(""numba"")

    @numba.jit(nogil=nogil, parallel=parallel)
    def group_transform(
        values: np.ndarray,
        index: np.ndarray,
        begin: np.ndarray,
        end: np.ndarray,
        num_columns: int,
        *args: Any,
    ) -> np.ndarray:
        assert len(begin) == len(end)
        num_groups = len(begin)

        result = np.empty((len(values), num_columns))
        for i in numba.prange(num_groups):
            group_index = index[begin[i] : end[i]]
            for j in numba.prange(num_columns):
                group = values[begin[i] : end[i], j]
                result[begin[i] : end[i], j] = numba_func(group, group_index, *args)
        return result

    return group_transform

```
"
E0_058,security_sensitive,Hala,10.0,9.85,6.46,9.2,9.5,8.7,9.0,9.5,7.5,10.0,10.0,9.8,,"You are a senior software engineer performing an expert code review.

Analyze the following Python code and rate it on three dimensions. For ALL three, the scale is the same: 0 to 10 where 10 is BEST and 0 is WORST. Use one decimal place (e.g. 7.5).
  - security: 10 = no vulnerabilities or unsafe patterns; 0 = severe issues (injection, unsafe deserialization, weak crypto, hardcoded secrets).
  - complexity: 10 = simple and cheap (low time/space cost, low cyclomatic complexity); 0 = very complex/expensive. (A simpler algorithm scores HIGHER.)
  - maintainability: 10 = easy to read and maintain (clear naming, typing, docs, no duplication, well-structured); 0 = hard to maintain.

First, in 2-4 short sentences per dimension, explain what you observed in THIS code (cite line numbers). Then output the final scores on the LAST line in EXACTLY this format:
SCORES: security=<x.x>, complexity=<x.x>, maintainability=<x.x>

Code:
```python
from django.apps import AppConfig
from django.core import checks
from django.db.models.query_utils import DeferredAttribute
from django.db.models.signals import post_migrate
from django.utils.translation import gettext_lazy as _

from . import get_user_model
from .checks import check_middleware, check_models_permissions, check_user_model
from .management import create_permissions, rename_permissions_after_model_rename
from .signals import user_logged_in


class AuthConfig(AppConfig):
    default_auto_field = ""django.db.models.AutoField""
    name = ""django.contrib.auth""
    verbose_name = _(""Authentication and Authorization"")

    def ready(self):
        post_migrate.connect(
            rename_permissions_after_model_rename,
            dispatch_uid=""django.contrib.auth.management.rename_permissions"",
        )
        post_migrate.connect(
            create_permissions,
            dispatch_uid=""django.contrib.auth.management.create_permissions"",
        )
        last_login_field = getattr(get_user_model(), ""last_login"", None)
        # Register the handler only if UserModel.last_login is a field.
        if isinstance(last_login_field, DeferredAttribute):
            from .models import update_last_login

            user_logged_in.connect(update_last_login, dispatch_uid=""update_last_login"")
        checks.register(check_user_model, checks.Tags.models)
        checks.register(check_models_permissions, checks.Tags.models)
        checks.register(check_middleware)

```
"
E0_059,ml_data_code,Hala,10.0,7.85,4.51,9.8,7.8,8.3,9.5,9.0,6.5,10.0,8.5,7.5,,"You are a senior software engineer performing an expert code review.

Analyze the following Python code and rate it on three dimensions. For ALL three, the scale is the same: 0 to 10 where 10 is BEST and 0 is WORST. Use one decimal place (e.g. 7.5).
  - security: 10 = no vulnerabilities or unsafe patterns; 0 = severe issues (injection, unsafe deserialization, weak crypto, hardcoded secrets).
  - complexity: 10 = simple and cheap (low time/space cost, low cyclomatic complexity); 0 = very complex/expensive. (A simpler algorithm scores HIGHER.)
  - maintainability: 10 = easy to read and maintain (clear naming, typing, docs, no duplication, well-structured); 0 = hard to maintain.

First, in 2-4 short sentences per dimension, explain what you observed in THIS code (cite line numbers). Then output the final scores on the LAST line in EXACTLY this format:
SCORES: security=<x.x>, complexity=<x.x>, maintainability=<x.x>

Code:
```python
import numpy as np

import pandas as pd

ops = [""mean"", ""sum"", ""median"", ""std"", ""skew"", ""kurt"", ""prod"", ""sem"", ""var""]


class FrameOps:
    params = [ops, [""float"", ""int"", ""Int64""], [0, 1, None]]
    param_names = [""op"", ""dtype"", ""axis""]

    def setup(self, op, dtype, axis):
        values = np.random.randn(100000, 4)
        if dtype == ""Int64"":
            values = values.astype(int)
        df = pd.DataFrame(values).astype(dtype)
        self.df_func = getattr(df, op)

    def time_op(self, op, dtype, axis):
        self.df_func(axis=axis)


class FrameMixedDtypesOps:
    params = [ops, [0, 1, None]]
    param_names = [""op"", ""axis""]

    def setup(self, op, axis):
        if op in (""sum"", ""skew"", ""kurt"", ""prod"", ""sem"", ""var"") or (
            (op, axis)
            in (
                (""mean"", 1),
                (""mean"", None),
                (""median"", 1),
                (""median"", None),
                (""std"", 1),
                (""std"", None),
            )
        ):
            # Skipping cases where datetime aggregations are not implemented
            raise NotImplementedError

        N = 1_000_000
        df = pd.DataFrame(
            {
                ""f"": np.random.normal(0.0, 1.0, N),
                ""i"": np.random.randint(0, N, N),
                ""ts"": pd.date_range(start=""1/1/2000"", periods=N, freq=""h""),
            }
        )

        self.df_func = getattr(df, op)

    def time_op(self, op, axis):
        self.df_func(axis=axis)


class FrameMultiIndexOps:
    params = [ops]
    param_names = [""op""]

    def setup(self, op):
        levels = [np.arange(10), np.arange(100), np.arange(100)]
        codes = [
            np.arange(10).repeat(10000),
            np.tile(np.arange(100).repeat(100), 10),
            np.tile(np.tile(np.arange(100), 100), 10),
        ]
        index = pd.MultiIndex(levels=levels, codes=codes)
        df = pd.DataFrame(np.random.randn(len(index), 4), index=index)
        self.df_func = getattr(df, op)

    def time_op(self, op):
        self.df_func()


class SeriesOps:
    params = [ops, [""float"", ""int""]]
    param_names = [""op"", ""dtype""]

    def setup(self, op, dtype):
        s = pd.Series(np.random.randn(100000)).astype(dtype)
        self.s_func = getattr(s, op)

    def time_op(self, op, dtype):
        self.s_func()


class SeriesMultiIndexOps:
    params = [ops]
    param_names = [""op""]

    def setup(self, op):
        levels = [np.arange(10), np.arange(100), np.arange(100)]
        codes = [
            np.arange(10).repeat(10000),
            np.tile(np.arange(100).repeat(100), 10),
            np.tile(np.tile(np.arange(100), 100), 10),
        ]
        index = pd.MultiIndex(levels=levels, codes=codes)
        s = pd.Series(np.random.randn(len(index)), index=index)
        self.s_func = getattr(s, op)

    def time_op(self, op):
        self.s_func()


class Rank:
    params = [[""DataFrame"", ""Series""], [True, False]]
    param_names = [""constructor"", ""pct""]

    def setup(self, constructor, pct):
        values = np.random.randn(10**5)
        self.data = getattr(pd, constructor)(values)

    def time_rank(self, constructor, pct):
        self.data.rank(pct=pct)

    def time_average_old(self, constructor, pct):
        self.data.rank(pct=pct) / len(self.data)


class Correlation:
    params = [[""spearman"", ""kendall"", ""pearson""]]
    param_names = [""method""]

    def setup(self, method):
        self.df = pd.DataFrame(np.random.randn(500, 15))
        self.df2 = pd.DataFrame(np.random.randn(500, 15))
        self.df_wide = pd.DataFrame(np.random.randn(500, 100))
        self.df_wide_nans = self.df_wide.where(np.random.random((500, 100)) < 0.9)
        self.s = pd.Series(np.random.randn(500))
        self.s2 = pd.Series(np.random.randn(500))

    def time_corr(self, method):
        self.df.corr(method=method)

    def time_corr_wide(self, method):
        self.df_wide.corr(method=method)

    def time_corr_wide_nans(self, method):
        self.df_wide_nans.corr(method=method)

    def peakmem_corr_wide(self, method):
        self.df_wide.corr(method=method)

    def time_corr_series(self, method):
        self.s.corr(self.s2, method=method)

    def time_corrwith_cols(self, method):
        self.df.corrwith(self.df2, method=method)

    def time_corrwith_rows(self, method):
        self.df.corrwith(self.df2, axis=1, method=method)


class Covariance:
    params = []
    param_names = []

    def setup(self):
        self.s = pd.Series(np.random.randn(100000))
        self.s2 = pd.Series(np.random.randn(100000))

    def time_cov_series(self):
        self.s.cov(self.s2)


from .pandas_vb_common import setup  # noqa: F401 isort:skip

```
"
E0_060,complex_algorithms,Hala,10.0,8.1,06.05,9.9,9.0,8.8,9.5,9.5,7.0,10.0,10.0,9.5,,"You are a senior software engineer performing an expert code review.

Analyze the following Python code and rate it on three dimensions. For ALL three, the scale is the same: 0 to 10 where 10 is BEST and 0 is WORST. Use one decimal place (e.g. 7.5).
  - security: 10 = no vulnerabilities or unsafe patterns; 0 = severe issues (injection, unsafe deserialization, weak crypto, hardcoded secrets).
  - complexity: 10 = simple and cheap (low time/space cost, low cyclomatic complexity); 0 = very complex/expensive. (A simpler algorithm scores HIGHER.)
  - maintainability: 10 = easy to read and maintain (clear naming, typing, docs, no duplication, well-structured); 0 = hard to maintain.

First, in 2-4 short sentences per dimension, explain what you observed in THIS code (cite line numbers). Then output the final scores on the LAST line in EXACTLY this format:
SCORES: security=<x.x>, complexity=<x.x>, maintainability=<x.x>

Code:
```python
import networkx as nx


class ToNetworkXGraphBenchmark:
    params = [nx.Graph, nx.DiGraph]
    param_names = [""graph_type""]

    def setup(self, graph_type):
        self.edges = [(0, 1), (1, 2), (2, 3), (3, 4), (4, 5), (5, 6)]

    def time_to_networkx_graph_direct(self, graph_type):
        _ = nx.to_networkx_graph(self.edges, create_using=graph_type)

    def time_to_networkx_graph_via_constructor(self, graph_type):
        _ = graph_type(self.edges)

    ### NOTE: Multi-instance checks are explicitly included to cover the case
    # where many graph instances are created, which is not uncommon in graph
    # analysis. The reason why multi-instance is explicitly probed (rather than
    # relying solely on the number of repeats/runs from `timeit` in the benchmark
    # suite) is to capture/amplify any distinctions from potential import
    # caching of the try-excepts in the *same* run

    def time_to_networkx_graph_direct_multi_instance(self, graph_type):
        for _ in range(500):  # Creating many graph instances
            _ = nx.to_networkx_graph(self.edges, create_using=graph_type)

    def time_to_networkx_graph_via_constructor_multi_instance(self, graph_type):
        for _ in range(500):  # Creating many graph instances
            _ = graph_type(self.edges)

```
"
E0_061,legacy_mixed,Ruba,10.0,7.76,5.14,8.8,8.7,8.9,6.5,8.5,7.5,9.5,9.5,9.0,,"You are a senior software engineer performing an expert code review.

Analyze the following Python code and rate it on three dimensions. For ALL three, the scale is the same: 0 to 10 where 10 is BEST and 0 is WORST. Use one decimal place (e.g. 7.5).
  - security: 10 = no vulnerabilities or unsafe patterns; 0 = severe issues (injection, unsafe deserialization, weak crypto, hardcoded secrets).
  - complexity: 10 = simple and cheap (low time/space cost, low cyclomatic complexity); 0 = very complex/expensive. (A simpler algorithm scores HIGHER.)
  - maintainability: 10 = easy to read and maintain (clear naming, typing, docs, no duplication, well-structured); 0 = hard to maintain.

First, in 2-4 short sentences per dimension, explain what you observed in THIS code (cite line numbers). Then output the final scores on the LAST line in EXACTLY this format:
SCORES: security=<x.x>, complexity=<x.x>, maintainability=<x.x>

Code:
```python
""""""
Custom roles for the Matplotlib documentation.

.. warning::

    These roles are considered semi-public. They are only intended to be used in
    the Matplotlib documentation.

However, it can happen that downstream packages end up pulling these roles into
their documentation, which will result in documentation build errors. The following
describes the exact mechanism and how to fix the errors.

There are two ways, Matplotlib docstrings can end up in downstream documentation.
You have to subclass a Matplotlib class and either use the ``:inherited-members:``
option in your autodoc configuration, or you have to override a method without
specifying a new docstring; the new method will inherit the original docstring and
still render in your autodoc. If the docstring contains one of the custom sphinx
roles, you'll see one of the following error messages:

.. code-block:: none

    Unknown interpreted text role ""mpltype"".
    Unknown interpreted text role ""rc"".

To fix this, you can add this module as extension to your sphinx :file:`conf.py`::

    extensions = [
        'matplotlib.sphinxext.roles',
        # Other extensions.
    ]

.. warning::

    Direct use of these roles in other packages is not officially supported. We
    reserve the right to modify or remove these roles without prior notification.
""""""

from urllib.parse import urlsplit, urlunsplit

from docutils import nodes

import matplotlib
from matplotlib import rcParamsDefault


class _QueryReference(nodes.Inline, nodes.TextElement):
    """"""
    Wraps a reference or pending reference to add a query string.

    The query string is generated from the attributes added to this node.

    Also equivalent to a `~docutils.nodes.literal` node.
    """"""

    def to_query_string(self):
        """"""Generate query string from node attributes.""""""
        return '&'.join(f'{name}={value}' for name, value in self.attlist())


def _visit_query_reference_node(self, node):
    """"""
    Resolve *node* into query strings on its ``reference`` children.

    Then act as if this is a `~docutils.nodes.literal`.
    """"""
    query = node.to_query_string()
    for refnode in node.findall(nodes.reference):
        uri = urlsplit(refnode['refuri'])._replace(query=query)
        refnode['refuri'] = urlunsplit(uri)

    self.visit_literal(node)


def _depart_query_reference_node(self, node):
    """"""
    Act as if this is a `~docutils.nodes.literal`.
    """"""
    self.depart_literal(node)


# We sometimes want to use special notation in rcParam references, e.g.
# to use wildcards. This mapping maps such special notations to real rcParams,
# typically to the first relevant parameter in the group.
_RC_WILDCARD_LINK_MAPPING = {
    ""animation.[name-of-encoder]_args"": ""animation.ffmpeg_args"",
    ""figure.subplot.*"": ""figure.subplot.left"",
    ""figure.subplot.[name]"": ""figure.subplot.left"",
    ""font.*"": ""font.family"",
    ""lines.*"": ""lines.linewidth"",
    ""patch.*"": ""patch.edgecolor"",
    ""grid.major.*"": ""grid.major.color"",
    ""grid.minor.*"": ""grid.minor.color"",
    ""grid.*"": ""grid.color"",
}


def _rcparam_role(name, rawtext, text, lineno, inliner, options=None, content=None):
    """"""
    Sphinx role ``:rc:`` to highlight and link ``rcParams`` entries.

    Usage: Give the desired ``rcParams`` key as parameter.

    :code:`:rc:`figure.dpi`` will render as: :rc:`figure.dpi`
    """"""
    # Generate a pending cross-reference so that Sphinx will ensure this link
    # isn't broken at some point in the future.
    title = f'rcParams[""{text}""]'
    rc_param_name = _RC_WILDCARD_LINK_MAPPING.get(text, text)
    target = f'rcparam_{rc_param_name.replace(""."", ""_"")}'
    ref_nodes, messages = inliner.interpreted(title, f'{title} <{target}>',
                                              'ref', lineno)

    qr = _QueryReference(rawtext, highlight=text)
    qr += ref_nodes
    node_list = [qr]

    # The default backend would be printed as ""agg"", but that's not correct (as
    # the default is actually determined by fallback).
    if text in rcParamsDefault and text != ""backend"":
        node_list.extend([
            nodes.Text(' (default: '),
            nodes.literal('', repr(rcParamsDefault[text])),
            nodes.Text(')'),
            ])

    return node_list, messages


def _mpltype_role(name, rawtext, text, lineno, inliner, options=None, content=None):
    """"""
    Sphinx role ``:mpltype:`` for custom matplotlib types.

    In Matplotlib, there are a number of type-like concepts that do not have a
    direct type representation; example: color. This role allows to properly
    highlight them in the docs and link to their definition.

    Currently supported values:

    - :code:`:mpltype:`color`` will render as: :mpltype:`color`

    """"""
    mpltype = text
    type_to_link_target = {
        'color': 'colors_def',
        'hatch': 'hatch_def',
    }
    if mpltype not in type_to_link_target:
        raise ValueError(f""Unknown mpltype: {mpltype!r}"")

    node_list, messages = inliner.interpreted(
        mpltype, f'{mpltype} <{type_to_link_target[mpltype]}>', 'ref', lineno)
    return node_list, messages


def setup(app):
    app.add_role(""rc"", _rcparam_role)
    app.add_role(""mpltype"", _mpltype_role)
    app.add_node(
        _QueryReference,
        html=(_visit_query_reference_node, _depart_query_reference_node),
        latex=(_visit_query_reference_node, _depart_query_reference_node),
        text=(_visit_query_reference_node, _depart_query_reference_node),
    )
    return {""version"": matplotlib.__version__,
            ""parallel_read_safe"": True, ""parallel_write_safe"": True}

```
"
E0_062,clean_documented,Ruba,10.0,9.81,6.27,9.7,9.8,9.5,6.5,8.5,7.5,10.0,10.0,10.0,,"You are a senior software engineer performing an expert code review.

Analyze the following Python code and rate it on three dimensions. For ALL three, the scale is the same: 0 to 10 where 10 is BEST and 0 is WORST. Use one decimal place (e.g. 7.5).
  - security: 10 = no vulnerabilities or unsafe patterns; 0 = severe issues (injection, unsafe deserialization, weak crypto, hardcoded secrets).
  - complexity: 10 = simple and cheap (low time/space cost, low cyclomatic complexity); 0 = very complex/expensive. (A simpler algorithm scores HIGHER.)
  - maintainability: 10 = easy to read and maintain (clear naming, typing, docs, no duplication, well-structured); 0 = hard to maintain.

First, in 2-4 short sentences per dimension, explain what you observed in THIS code (cite line numbers). Then output the final scores on the LAST line in EXACTLY this format:
SCORES: security=<x.x>, complexity=<x.x>, maintainability=<x.x>

Code:
```python
""""""
requests.exceptions
~~~~~~~~~~~~~~~~~~~

This module contains the set of Requests' exceptions.
""""""

from __future__ import annotations

from typing import TYPE_CHECKING, Any

from urllib3.exceptions import HTTPError as BaseHTTPError

from .compat import JSONDecodeError as CompatJSONDecodeError

if TYPE_CHECKING:
    from .models import PreparedRequest, Request, Response


class RequestException(IOError):
    """"""There was an ambiguous exception that occurred while handling your
    request.
    """"""

    response: Response | None
    request: Request | PreparedRequest | None

    def __init__(self, *args: Any, **kwargs: Any) -> None:
        """"""Initialize RequestException with `request` and `response` objects.""""""
        response: Response | None = kwargs.pop(""response"", None)
        self.response = response
        self.request = kwargs.pop(""request"", None)
        if response is not None and not self.request and hasattr(response, ""request""):
            self.request = response.request
        super().__init__(*args, **kwargs)


class InvalidJSONError(RequestException):
    """"""A JSON error occurred.""""""


class JSONDecodeError(InvalidJSONError, CompatJSONDecodeError):
    """"""Couldn't decode the text into json""""""

    def __init__(self, *args: Any, **kwargs: Any) -> None:
        """"""
        Construct the JSONDecodeError instance first with all
        args. Then use it's args to construct the IOError so that
        the json specific args aren't used as IOError specific args
        and the error message from JSONDecodeError is preserved.
        """"""
        CompatJSONDecodeError.__init__(self, *args)
        InvalidJSONError.__init__(self, *self.args, **kwargs)

    def __reduce__(self) -> tuple[Any, ...] | str:
        """"""
        The __reduce__ method called when pickling the object must
        be the one from the JSONDecodeError (be it json/simplejson)
        as it expects all the arguments for instantiation, not just
        one like the IOError, and the MRO would by default call the
        __reduce__ method from the IOError due to the inheritance order.
        """"""
        return CompatJSONDecodeError.__reduce__(self)


class HTTPError(RequestException):
    """"""An HTTP error occurred.""""""


class ConnectionError(RequestException):
    """"""A Connection error occurred.""""""


class ProxyError(ConnectionError):
    """"""A proxy error occurred.""""""


class SSLError(ConnectionError):
    """"""An SSL error occurred.""""""


class Timeout(RequestException):
    """"""The request timed out.

    Catching this error will catch both
    :exc:`~requests.exceptions.ConnectTimeout` and
    :exc:`~requests.exceptions.ReadTimeout` errors.
    """"""


class ConnectTimeout(ConnectionError, Timeout):
    """"""The request timed out while trying to connect to the remote server.

    Requests that produced this error are safe to retry.
    """"""


class ReadTimeout(Timeout):
    """"""The server did not send any data in the allotted amount of time.""""""


class URLRequired(RequestException):
    """"""A valid URL is required to make a request.""""""


class TooManyRedirects(RequestException):
    """"""Too many redirects.""""""


class MissingSchema(RequestException, ValueError):
    """"""The URL scheme (e.g. http or https) is missing.""""""


class InvalidSchema(RequestException, ValueError):
    """"""The URL scheme provided is either invalid or unsupported.""""""


class InvalidURL(RequestException, ValueError):
    """"""The URL provided was somehow invalid.""""""


class InvalidHeader(RequestException, ValueError):
    """"""The header value provided was somehow invalid.""""""


class InvalidProxyURL(InvalidURL):
    """"""The proxy URL provided is invalid.""""""


class ChunkedEncodingError(RequestException):
    """"""The server declared chunked encoding but sent an invalid chunk.""""""


class ContentDecodingError(RequestException, BaseHTTPError):
    """"""Failed to decode response content.""""""


class StreamConsumedError(RequestException, TypeError):
    """"""The content for this response was already consumed.""""""


class RetryError(RequestException):
    """"""Custom retries logic failed""""""


class UnrewindableBodyError(RequestException):
    """"""Requests encountered an error when trying to rewind a body.""""""


# Warnings


class RequestsWarning(Warning):
    """"""Base warning for Requests.""""""


class FileModeWarning(RequestsWarning, DeprecationWarning):
    """"""A file was opened in text mode, but Requests determined its binary length.""""""


class RequestsDependencyWarning(RequestsWarning):
    """"""An imported dependency doesn't match the expected version range.""""""

```
"
E0_063,clean_documented,Ruba,10.0,9.86,6.11,9.3,9.0,8.8,9.0,9.5,8.0,9.5,9.5,10.0,,"You are a senior software engineer performing an expert code review.

Analyze the following Python code and rate it on three dimensions. For ALL three, the scale is the same: 0 to 10 where 10 is BEST and 0 is WORST. Use one decimal place (e.g. 7.5).
  - security: 10 = no vulnerabilities or unsafe patterns; 0 = severe issues (injection, unsafe deserialization, weak crypto, hardcoded secrets).
  - complexity: 10 = simple and cheap (low time/space cost, low cyclomatic complexity); 0 = very complex/expensive. (A simpler algorithm scores HIGHER.)
  - maintainability: 10 = easy to read and maintain (clear naming, typing, docs, no duplication, well-structured); 0 = hard to maintain.

First, in 2-4 short sentences per dimension, explain what you observed in THIS code (cite line numbers). Then output the final scores on the LAST line in EXACTLY this format:
SCORES: security=<x.x>, complexity=<x.x>, maintainability=<x.x>

Code:
```python
from __future__ import annotations

import json
import warnings
from collections.abc import Callable
from typing import TYPE_CHECKING, Any, TypeVar, Union

from typing_extensions import deprecated

from ..json_schema import DEFAULT_REF_TEMPLATE, GenerateJsonSchema
from ..type_adapter import TypeAdapter
from ..warnings import PydanticDeprecatedSince20

if not TYPE_CHECKING:
    # See PyCharm issues https://youtrack.jetbrains.com/issue/PY-21915
    # and https://youtrack.jetbrains.com/issue/PY-51428
    DeprecationWarning = PydanticDeprecatedSince20

__all__ = 'parse_obj_as', 'schema_of', 'schema_json_of'

NameFactory = Union[str, Callable[[type[Any]], str]]


T = TypeVar('T')


@deprecated(
    '`parse_obj_as` is deprecated. Use `pydantic.TypeAdapter.validate_python` instead.',
    category=None,
)
def parse_obj_as(type_: type[T], obj: Any, type_name: NameFactory | None = None) -> T:
    warnings.warn(
        '`parse_obj_as` is deprecated. Use `pydantic.TypeAdapter.validate_python` instead.',
        category=PydanticDeprecatedSince20,
        stacklevel=2,
    )
    if type_name is not None:  # pragma: no cover
        warnings.warn(
            'The type_name parameter is deprecated. parse_obj_as no longer creates temporary models',
            DeprecationWarning,
            stacklevel=2,
        )
    return TypeAdapter(type_).validate_python(obj)


@deprecated(
    '`schema_of` is deprecated. Use `pydantic.TypeAdapter.json_schema` instead.',
    category=None,
)
def schema_of(
    type_: Any,
    *,
    title: NameFactory | None = None,
    by_alias: bool = True,
    ref_template: str = DEFAULT_REF_TEMPLATE,
    schema_generator: type[GenerateJsonSchema] = GenerateJsonSchema,
) -> dict[str, Any]:
    """"""Generate a JSON schema (as dict) for the passed model or dynamically generated one.""""""
    warnings.warn(
        '`schema_of` is deprecated. Use `pydantic.TypeAdapter.json_schema` instead.',
        category=PydanticDeprecatedSince20,
        stacklevel=2,
    )
    res = TypeAdapter(type_).json_schema(
        by_alias=by_alias,
        schema_generator=schema_generator,
        ref_template=ref_template,
    )
    if title is not None:
        if isinstance(title, str):
            res['title'] = title
        else:
            warnings.warn(
                'Passing a callable for the `title` parameter is deprecated and no longer supported',
                DeprecationWarning,
                stacklevel=2,
            )
            res['title'] = title(type_)
    return res


@deprecated(
    '`schema_json_of` is deprecated. Use `pydantic.TypeAdapter.json_schema` instead.',
    category=None,
)
def schema_json_of(
    type_: Any,
    *,
    title: NameFactory | None = None,
    by_alias: bool = True,
    ref_template: str = DEFAULT_REF_TEMPLATE,
    schema_generator: type[GenerateJsonSchema] = GenerateJsonSchema,
    **dumps_kwargs: Any,
) -> str:
    """"""Generate a JSON schema (as JSON) for the passed model or dynamically generated one.""""""
    warnings.warn(
        '`schema_json_of` is deprecated. Use `pydantic.TypeAdapter.json_schema` instead.',
        category=PydanticDeprecatedSince20,
        stacklevel=2,
    )
    return json.dumps(
        schema_of(type_, title=title, by_alias=by_alias, ref_template=ref_template, schema_generator=schema_generator),
        **dumps_kwargs,
    )

```
"
E0_064,complex_algorithms,Ruba,10.0,9.84,6.18,9.9,9.8,9.6,8.5,9.5,7.5,10.0,9.0,10.0,,"You are a senior software engineer performing an expert code review.

Analyze the following Python code and rate it on three dimensions. For ALL three, the scale is the same: 0 to 10 where 10 is BEST and 0 is WORST. Use one decimal place (e.g. 7.5).
  - security: 10 = no vulnerabilities or unsafe patterns; 0 = severe issues (injection, unsafe deserialization, weak crypto, hardcoded secrets).
  - complexity: 10 = simple and cheap (low time/space cost, low cyclomatic complexity); 0 = very complex/expensive. (A simpler algorithm scores HIGHER.)
  - maintainability: 10 = easy to read and maintain (clear naming, typing, docs, no duplication, well-structured); 0 = hard to maintain.

First, in 2-4 short sentences per dimension, explain what you observed in THIS code (cite line numbers). Then output the final scores on the LAST line in EXACTLY this format:
SCORES: security=<x.x>, complexity=<x.x>, maintainability=<x.x>

Code:
```python
""""""Functions related to graph covers.""""""

import networkx as nx
from networkx.algorithms.bipartite.matching import hopcroft_karp_matching
from networkx.algorithms.covering import min_edge_cover as _min_edge_cover
from networkx.utils import not_implemented_for

__all__ = [""min_edge_cover""]


@not_implemented_for(""directed"")
@not_implemented_for(""multigraph"")
@nx._dispatchable(name=""bipartite_min_edge_cover"")
def min_edge_cover(G, matching_algorithm=None):
    """"""Returns a set of edges which constitutes
    the minimum edge cover of the graph.

    The smallest edge cover can be found in polynomial time by finding
    a maximum matching and extending it greedily so that all nodes
    are covered.

    Parameters
    ----------
    G : NetworkX graph
        An undirected bipartite graph.

    matching_algorithm : function
        A function that returns a maximum cardinality matching in a
        given bipartite graph. The function must take one input, the
        graph ``G``, and return a dictionary mapping each node to its
        mate. If not specified,
        :func:`~networkx.algorithms.bipartite.matching.hopcroft_karp_matching`
        will be used. Other possibilities include
        :func:`~networkx.algorithms.bipartite.matching.eppstein_matching`,

    Returns
    -------
    set
        A set of the edges in a minimum edge cover of the graph, given as
        pairs of nodes. It contains both the edges `(u, v)` and `(v, u)`
        for given nodes `u` and `v` among the edges of minimum edge cover.

    Notes
    -----
    An edge cover of a graph is a set of edges such that every node of
    the graph is incident to at least one edge of the set.
    A minimum edge cover is an edge covering of smallest cardinality.

    Due to its implementation, the worst-case running time of this algorithm
    is bounded by the worst-case running time of the function
    ``matching_algorithm``.
    """"""
    if G.order() == 0:  # Special case for the empty graph
        return set()
    if matching_algorithm is None:
        matching_algorithm = hopcroft_karp_matching
    return _min_edge_cover(G, matching_algorithm=matching_algorithm)

```
"
E0_065,legacy_mixed,Ruba,10.0,9.95,06.09,9.8,9.4,8.7,7.0,6.5,5.5,10.0,10.0,8.5,,"You are a senior software engineer performing an expert code review.

Analyze the following Python code and rate it on three dimensions. For ALL three, the scale is the same: 0 to 10 where 10 is BEST and 0 is WORST. Use one decimal place (e.g. 7.5).
  - security: 10 = no vulnerabilities or unsafe patterns; 0 = severe issues (injection, unsafe deserialization, weak crypto, hardcoded secrets).
  - complexity: 10 = simple and cheap (low time/space cost, low cyclomatic complexity); 0 = very complex/expensive. (A simpler algorithm scores HIGHER.)
  - maintainability: 10 = easy to read and maintain (clear naming, typing, docs, no duplication, well-structured); 0 = hard to maintain.

First, in 2-4 short sentences per dimension, explain what you observed in THIS code (cite line numbers). Then output the final scores on the LAST line in EXACTLY this format:
SCORES: security=<x.x>, complexity=<x.x>, maintainability=<x.x>

Code:
```python
from unittest.mock import Mock, patch

import pytest

from celery import bootsteps
from celery.worker.loops import synloop


def test_synloop_perform_pending_operations_on_system_exit():
    # Mock dependencies
    obj = Mock()
    connection = Mock()
    consumer = Mock()
    blueprint = Mock()
    hub = Mock()
    qos = Mock()
    heartbeat = Mock()
    clock = Mock()

    # Set up the necessary attributes
    obj.create_task_handler.return_value = Mock()
    obj.perform_pending_operations = Mock()
    obj.on_ready = Mock()
    obj.pool.is_green = False
    obj.connection = True

    blueprint.state = bootsteps.RUN  # Simulate RUN state

    qos.prev = qos.value = Mock()

    # Mock state.maybe_shutdown to raise SystemExit
    with patch(""celery.worker.loops.state"") as mock_state:
        mock_state.maybe_shutdown.side_effect = SystemExit

        # Call synloop and expect SystemExit to be raised
        with pytest.raises(SystemExit):
            synloop(
                obj,
                connection,
                consumer,
                blueprint,
                hub,
                qos,
                heartbeat,
                clock,
                hbrate=2.0,
            )

    # Assert that perform_pending_operations was called even after SystemExit
    obj.perform_pending_operations.assert_called_once()

    # Assert that connection.drain_events was called
    connection.drain_events.assert_called_with(timeout=2.0)

    # Assert other important method calls
    obj.on_ready.assert_called_once()
    consumer.consume.assert_called_once()

```
"
E0_066,ml_data_code,Ruba,10.0,9.79,6.61,8.8,9.3,9.4,8.5,9.0,8.5,8.5,9.5,10.0,,"You are a senior software engineer performing an expert code review.

Analyze the following Python code and rate it on three dimensions. For ALL three, the scale is the same: 0 to 10 where 10 is BEST and 0 is WORST. Use one decimal place (e.g. 7.5).
  - security: 10 = no vulnerabilities or unsafe patterns; 0 = severe issues (injection, unsafe deserialization, weak crypto, hardcoded secrets).
  - complexity: 10 = simple and cheap (low time/space cost, low cyclomatic complexity); 0 = very complex/expensive. (A simpler algorithm scores HIGHER.)
  - maintainability: 10 = easy to read and maintain (clear naming, typing, docs, no duplication, well-structured); 0 = hard to maintain.

First, in 2-4 short sentences per dimension, explain what you observed in THIS code (cite line numbers). Then output the final scores on the LAST line in EXACTLY this format:
SCORES: security=<x.x>, complexity=<x.x>, maintainability=<x.x>

Code:
```python
from __future__ import annotations

from typing import (
    TYPE_CHECKING,
    Any,
)

from pandas._libs import lib
from pandas.compat._optional import import_optional_dependency
from pandas.util._decorators import set_module
from pandas.util._validators import check_dtype_backend

from pandas.core.dtypes.inference import is_list_like

from pandas.io.common import stringify_path

if TYPE_CHECKING:
    from collections.abc import Sequence
    from pathlib import Path

    from pandas._typing import DtypeBackend

    from pandas import DataFrame


@set_module(""pandas"")
def read_spss(
    path: str | Path,
    usecols: Sequence[str] | None = None,
    convert_categoricals: bool = True,
    dtype_backend: DtypeBackend | lib.NoDefault = lib.no_default,
    **kwargs: Any,
) -> DataFrame:
    """"""
    Load an SPSS file from the file path, returning a DataFrame.

    This function reads data saved in the SPSS ``.sav`` format using the
    ``pyreadstat`` library, which must be installed separately.

    Parameters
    ----------
    path : str or Path
        File path.
    usecols : list-like, optional
        Return a subset of the columns. If None, return all columns.
    convert_categoricals : bool, default is True
        Convert categorical columns into pd.Categorical.
    dtype_backend : {'numpy_nullable', 'pyarrow'}
        Back-end data type applied to the resultant :class:`DataFrame`
        (still experimental). If not specified, the default behavior
        is to not use nullable data types. If specified, the behavior
        is as follows:

        * ``""numpy_nullable""``: returns nullable-dtype-backed :class:`DataFrame`
        * ``""pyarrow""``: returns pyarrow-backed
          nullable :class:`ArrowDtype` :class:`DataFrame`

        .. versionadded:: 2.0
    **kwargs
        Additional keyword arguments that can be passed to :func:`pyreadstat.read_sav`.

        .. versionadded:: 3.0

    Returns
    -------
    DataFrame
        DataFrame based on the SPSS file.

    See Also
    --------
    read_csv : Read a comma-separated values (csv) file into a pandas DataFrame.
    read_excel : Read an Excel file into a pandas DataFrame.
    read_sas : Read an SAS file into a pandas DataFrame.
    read_orc : Load an ORC object into a pandas DataFrame.
    read_feather : Load a feather-format object into a pandas DataFrame.

    Examples
    --------
    >>> df = pd.read_spss(""spss_data.sav"")  # doctest: +SKIP
    """"""
    pyreadstat = import_optional_dependency(""pyreadstat"")
    check_dtype_backend(dtype_backend)

    if usecols is not None:
        if not is_list_like(usecols):
            raise TypeError(""usecols must be list-like."")
        usecols = list(usecols)  # pyreadstat requires a list

    df, metadata = pyreadstat.read_sav(
        stringify_path(path),
        usecols=usecols,
        apply_value_formats=convert_categoricals,
        **kwargs,
    )
    df.attrs = metadata.__dict__
    if dtype_backend is not lib.no_default:
        df = df.convert_dtypes(dtype_backend=dtype_backend)
    return df

```
"
E0_067,legacy_mixed,Ruba,10.0,9.9,6.45,10.0,9.9,9.0,9.0,9.5,6.0,10.0,10.0,7.0,,"You are a senior software engineer performing an expert code review.

Analyze the following Python code and rate it on three dimensions. For ALL three, the scale is the same: 0 to 10 where 10 is BEST and 0 is WORST. Use one decimal place (e.g. 7.5).
  - security: 10 = no vulnerabilities or unsafe patterns; 0 = severe issues (injection, unsafe deserialization, weak crypto, hardcoded secrets).
  - complexity: 10 = simple and cheap (low time/space cost, low cyclomatic complexity); 0 = very complex/expensive. (A simpler algorithm scores HIGHER.)
  - maintainability: 10 = easy to read and maintain (clear naming, typing, docs, no duplication, well-structured); 0 = hard to maintain.

First, in 2-4 short sentences per dimension, explain what you observed in THIS code (cite line numbers). Then output the final scores on the LAST line in EXACTLY this format:
SCORES: security=<x.x>, complexity=<x.x>, maintainability=<x.x>

Code:
```python
""""""UnitDblFormatter module containing class UnitDblFormatter.""""""

import matplotlib.ticker as ticker

__all__ = ['UnitDblFormatter']


class UnitDblFormatter(ticker.ScalarFormatter):
    """"""
    The formatter for UnitDbl data types.

    This allows for formatting with the unit string.
    """"""

    def __call__(self, x, pos=None):
        # docstring inherited
        if len(self._locs) == 0:
            return ''
        else:
            return f'{x:.12}'

    def format_data_short(self, value):
        # docstring inherited
        return f'{value:.12}'

    def format_data(self, value):
        # docstring inherited
        return f'{value:.12}'

```
"
E0_068,ml_data_code,Ruba,10.0,7.85,4.53,9.9,8.2,8.5,9.5,8.5,5.5,10.0,9.0,5.5,,"You are a senior software engineer performing an expert code review.

Analyze the following Python code and rate it on three dimensions. For ALL three, the scale is the same: 0 to 10 where 10 is BEST and 0 is WORST. Use one decimal place (e.g. 7.5).
  - security: 10 = no vulnerabilities or unsafe patterns; 0 = severe issues (injection, unsafe deserialization, weak crypto, hardcoded secrets).
  - complexity: 10 = simple and cheap (low time/space cost, low cyclomatic complexity); 0 = very complex/expensive. (A simpler algorithm scores HIGHER.)
  - maintainability: 10 = easy to read and maintain (clear naming, typing, docs, no duplication, well-structured); 0 = hard to maintain.

First, in 2-4 short sentences per dimension, explain what you observed in THIS code (cite line numbers). Then output the final scores on the LAST line in EXACTLY this format:
SCORES: security=<x.x>, complexity=<x.x>, maintainability=<x.x>

Code:
```python
import numpy as np

import pandas as pd


class UniqueForLargePyObjectInts:
    def setup(self):
        lst = [x << 32 for x in range(5000)]
        self.arr = np.array(lst, dtype=np.object_)

    def time_unique(self):
        pd.unique(self.arr)


class Float64GroupIndex:
    # GH28303
    def setup(self):
        self.df = pd.date_range(
            start=""1/1/2018"", end=""1/2/2018"", periods=10**6
        ).to_frame()
        self.group_index = np.round(self.df.index.astype(int) / 10**9)

    def time_groupby(self):
        self.df.groupby(self.group_index).last()


class UniqueAndFactorizeArange:
    params = range(4, 16)
    param_names = [""exponent""]

    def setup(self, exponent):
        a = np.arange(10**4, dtype=""float64"")
        self.a2 = (a + 10**exponent).repeat(100)

    def time_factorize(self, exponent):
        pd.factorize(self.a2)

    def time_unique(self, exponent):
        pd.unique(self.a2)


class Unique:
    params = [""Int64"", ""Float64""]
    param_names = [""dtype""]

    def setup(self, dtype):
        self.ser = pd.Series(([1, pd.NA, 2, *range(100000)]) * 3, dtype=dtype)
        self.ser_unique = pd.Series([*range(300000), pd.NA], dtype=dtype)

    def time_unique_with_duplicates(self, exponent):
        pd.unique(self.ser)

    def time_unique(self, exponent):
        pd.unique(self.ser_unique)


class NumericSeriesIndexing:
    params = [
        (np.int64, np.uint64, np.float64),
        (10**4, 10**5, 5 * 10**5, 10**6, 5 * 10**6),
    ]
    param_names = [""dtype"", ""N""]

    def setup(self, dtype, N):
        vals = np.array([*range(55), 54, *range(55, N - 1)], dtype=dtype)
        indices = pd.Index(vals)
        self.data = pd.Series(np.arange(N), index=indices)

    def time_loc_slice(self, index, N):
        # trigger building of mapping
        self.data.loc[:800]


class NumericSeriesIndexingShuffled:
    params = [
        (np.int64, np.uint64, np.float64),
        (10**4, 10**5, 5 * 10**5, 10**6, 5 * 10**6),
    ]
    param_names = [""dtype"", ""N""]

    def setup(self, dtype, N):
        vals = np.array([*range(55), 54, *range(55, N - 1)], dtype=dtype)
        np.random.shuffle(vals)
        indices = pd.Index(vals)
        self.data = pd.Series(np.arange(N), index=indices)

    def time_loc_slice(self, index, N):
        # trigger building of mapping
        self.data.loc[:800]

```
"
E0_069,complex_algorithms,Ruba,10.0,9.84,5.98,9.9,8.9,9.5,8.5,8.5,8.0,10.0,9.5,10.0,,"You are a senior software engineer performing an expert code review.

Analyze the following Python code and rate it on three dimensions. For ALL three, the scale is the same: 0 to 10 where 10 is BEST and 0 is WORST. Use one decimal place (e.g. 7.5).
  - security: 10 = no vulnerabilities or unsafe patterns; 0 = severe issues (injection, unsafe deserialization, weak crypto, hardcoded secrets).
  - complexity: 10 = simple and cheap (low time/space cost, low cyclomatic complexity); 0 = very complex/expensive. (A simpler algorithm scores HIGHER.)
  - maintainability: 10 = easy to read and maintain (clear naming, typing, docs, no duplication, well-structured); 0 = hard to maintain.

First, in 2-4 short sentences per dimension, explain what you observed in THIS code (cite line numbers). Then output the final scores on the LAST line in EXACTLY this format:
SCORES: security=<x.x>, complexity=<x.x>, maintainability=<x.x>

Code:
```python
""""""Functions for computing the Voronoi cells of a graph.""""""

import networkx as nx
from networkx.utils import groups

__all__ = [""voronoi_cells""]


@nx._dispatchable(edge_attrs=""weight"")
def voronoi_cells(G, center_nodes, weight=""weight""):
    """"""Returns the Voronoi cells centered at `center_nodes` with respect
    to the shortest-path distance metric.

    If $C$ is a set of nodes in the graph and $c$ is an element of $C$,
    the *Voronoi cell* centered at a node $c$ is the set of all nodes
    $v$ that are closer to $c$ than to any other center node in $C$ with
    respect to the shortest-path distance metric. [1]_

    For directed graphs, this will compute the ""outward"" Voronoi cells,
    as defined in [1]_, in which distance is measured from the center
    nodes to the target node. For the ""inward"" Voronoi cells, use the
    :meth:`DiGraph.reverse` method to reverse the orientation of the
    edges before invoking this function on the directed graph.

    Parameters
    ----------
    G : NetworkX graph

    center_nodes : set
        A nonempty set of nodes in the graph `G` that represent the
        center of the Voronoi cells.

    weight : string or function
        The edge attribute (or an arbitrary function) representing the
        weight of an edge. This keyword argument is as described in the
        documentation for :func:`~networkx.multi_source_dijkstra_path`,
        for example.

    Returns
    -------
    dictionary
        A mapping from center node to set of all nodes in the graph
        closer to that center node than to any other center node. The
        keys of the dictionary are the element of `center_nodes`, and
        the values of the dictionary form a partition of the nodes of
        `G`.

    Examples
    --------
    To get only the partition of the graph induced by the Voronoi cells,
    take the collection of all values in the returned dictionary::

        >>> G = nx.path_graph(6)
        >>> center_nodes = {0, 3}
        >>> cells = nx.voronoi_cells(G, center_nodes)
        >>> partition = set(map(frozenset, cells.values()))
        >>> sorted(map(sorted, partition))
        [[0, 1], [2, 3, 4, 5]]

    Raises
    ------
    ValueError
        If `center_nodes` is empty.

    References
    ----------
    .. [1] Erwig, Martin. (2000),""The graph Voronoi diagram with applications.""
        *Networks*, 36: 156--163.
        https://doi.org/10.1002/1097-0037(200010)36:3<156::AID-NET2>3.0.CO;2-L

    """"""
    # Determine the shortest paths from any one of the center nodes to
    # every node in the graph.
    #
    # This raises `ValueError` if `center_nodes` is an empty set.
    paths = nx.multi_source_dijkstra_path(G, center_nodes, weight=weight)
    # Determine the center node from which the shortest path originates.
    nearest = {v: p[0] for v, p in paths.items()}
    # Get the mapping from center node to all nodes closer to it than to
    # any other center node.
    cells = groups(nearest)
    # We collect all unreachable nodes under a special key, if there are any.
    unreachable = set(G) - set(nearest)
    if unreachable:
        cells[""unreachable""] = unreachable
    return cells

```
"
E0_070,complex_algorithms,Ruba,10.0,9.64,4.71,9.8,7.8,8.9,9.0,6.5,7.0,10.0,7.0,9.5,,"You are a senior software engineer performing an expert code review.

Analyze the following Python code and rate it on three dimensions. For ALL three, the scale is the same: 0 to 10 where 10 is BEST and 0 is WORST. Use one decimal place (e.g. 7.5).
  - security: 10 = no vulnerabilities or unsafe patterns; 0 = severe issues (injection, unsafe deserialization, weak crypto, hardcoded secrets).
  - complexity: 10 = simple and cheap (low time/space cost, low cyclomatic complexity); 0 = very complex/expensive. (A simpler algorithm scores HIGHER.)
  - maintainability: 10 = easy to read and maintain (clear naming, typing, docs, no duplication, well-structured); 0 = hard to maintain.

First, in 2-4 short sentences per dimension, explain what you observed in THIS code (cite line numbers). Then output the final scores on the LAST line in EXACTLY this format:
SCORES: security=<x.x>, complexity=<x.x>, maintainability=<x.x>

Code:
```python
r""""""Computation of graph non-randomness.""""""

import math

import networkx as nx
from networkx.utils import not_implemented_for

__all__ = [""non_randomness""]


@not_implemented_for(""directed"")
@not_implemented_for(""multigraph"")
@nx._dispatchable(edge_attrs=""weight"")
def non_randomness(G, k=None, weight=""weight""):
    """"""Compute the non-randomness of a graph.

    The first value $R_G$ is the sum of non-randomness values of all
    edges within the graph (where the non-randomness of an edge tends to be
    small when the two nodes linked by that edge are from two different
    communities).

    The second value $R_G^*$ is a relative measure that indicates
    to what extent `G` is different from a random graph in terms
    of probability. The closer it is to 0, the higher the likelihood
    the graph was generated by an Erdős--Rényi model.

    Parameters
    ----------
    G : NetworkX graph
        Graph must be undirected, connected, and without self-loops.

    k : int or None, optional (default=None)
        The number of communities in `G`.
        If `k` is not set, the function uses a default community detection
        algorithm (:func:`~networkx.algorithms.community.label_propagation_communities`)
        to set it.

    weight : string or None, optional (default=""weight"")
        The name of an edge attribute that holds the numerical value used
        as a weight. If `None`, then each edge has weight 1, i.e., the graph is
        binary.

    Returns
    -------
    (float, float) tuple
        The first value is $R_G$, the non-randomness of the graph,
        the second is $R_G^*$, the relative non-randomness
        w.r.t. the Erdős--Rényi model.

    Raises
    ------
    NetworkXNotImplemented
        If the input graph is directed or a multigraph.

    NetworkXException
        If the input graph is not connected.

    NetworkXError
        If the input graph contains self-loops or has no edges.

    ValueError
        If `k` is not in $\\{1, \\dots, n-1\\}$, where $n$ is the number of nodes,
        or if `k` is such that the computed edge probability
        $p = \\frac{2km}{n(n-k)}$ does not satisfy $0 < p < 1$.

    Examples
    --------
    >>> G = nx.karate_club_graph()
    >>> nr, nr_rd = nx.non_randomness(G, 2)
    >>> nr, nr_rd = nx.non_randomness(G, 2, ""weight"")

    When the number of communities `k` is not specified,
    :func:`~networkx.algorithms.community.label_propagation_communities`
    is used to compute it.
    This algorithm can give different results depending on
    the order of nodes and edges in the graph.
    For example, while the following graphs are identical,
    computing the non-randomness of each of them yields different results:

    >>> G1, G2 = nx.Graph(), nx.Graph()
    >>> G1.add_edges_from([(0, 1), (1, 2), (1, 3), (3, 4)])
    >>> G2.add_edges_from([(0, 1), (1, 3), (1, 2), (3, 4)])
    >>> [round(r, 6) for r in nx.non_randomness(G1)]
    [-1.847759, -5.842437]
    >>> [round(r, 6) for r in nx.non_randomness(G2)]
    Traceback (most recent call last):
     ...
    ValueError: invalid number of communities for graph with 5 nodes and 4 edges: 2

    This is because the community detection algorithm finds
    1 community in `G1` and 2 communities in `G2`.
    This can be resolved by specifying the number of communities `k`:

    >>> [round(r, 6) for r in nx.non_randomness(G2, k=1)]
    [-1.847759, -5.842437]

    Notes
    -----
    If a `weight` argument is passed, this algorithm will use the eigenvalues
    of the weighted adjacency matrix instead.

    The output of this function corresponds to (4.4) and (4.5) in [1]_.
    A lower value of $R^*_G$ indicates a more random graph;
    one can think of $1 - \\Phi(R_G^*)$ as the similarity
    between the graph and a random graph,
    where $\\Phi(x)$ is the cumulative distribution function
    of the standard normal distribution.

    Theorem 2 in [2]_ states that for any graph $G$
    with $n$ nodes, $m$ edges, and $k$ communities,
    its non-randomness is bounded below by the non-randomness of an
    $r$-regular graph (a graph where each node has degree $r$),
    and bounded above by the non-randomness of an $l$-complete graph
    (a graph where each community is a clique of $l$ nodes).

    References
    ----------
    .. [1] Xiaowei Ying and Xintao Wu,
           On Randomness Measures for Social Networks,
           SIAM International Conference on Data Mining. 2009
           https://doi.org/10.1137/1.9781611972795.61
    .. [2] Ying, Xiaowei & Wu, Leting & Wu, Xintao. (2012).
           A Spectrum-Based Framework for Quantifying Randomness of Social Networks.
           IEEE Transactions on Knowledge and Data Engineering 23(12):1842--1856.
           https://dl.acm.org/doi/abs/10.1109/TKDE.2010.218
    """"""
    import numpy as np

    # corner case: graph has no edges
    if nx.is_empty(G):
        raise nx.NetworkXError(""non_randomness not applicable to empty graphs"")
    if not nx.is_connected(G):
        raise nx.NetworkXException(""Non connected graph."")
    if len(list(nx.selfloop_edges(G))) > 0:
        raise nx.NetworkXError(""Graph must not contain self-loops"")

    n = G.number_of_nodes()
    m = G.number_of_edges()

    if k is None:
        k = len(tuple(nx.community.label_propagation_communities(G)))
    if not 1 <= k < n or not 0 < (p := (2 * k * m) / (n * (n - k))) < 1:
        err = (
            f""invalid number of communities for graph with {n} nodes and {m} edges: {k}""
        )
        raise ValueError(err)

    # eq. 4.4
    eigenvalues = np.linalg.eigvals(nx.to_numpy_array(G, weight=weight))
    nr = float(np.real(np.sum(eigenvalues[:k])))

    # eq. 4.5
    nr_rd = (nr - ((n - 2 * k) * p + k)) / math.sqrt(2 * k * p * (1 - p))

    return nr, nr_rd

```
"
E0_071,complex_algorithms,Ruba,10.0,6.69,5.59,9.9,8.9,9.2,9.0,8.0,7.5,10.0,10.0,8.5,,"You are a senior software engineer performing an expert code review.

Analyze the following Python code and rate it on three dimensions. For ALL three, the scale is the same: 0 to 10 where 10 is BEST and 0 is WORST. Use one decimal place (e.g. 7.5).
  - security: 10 = no vulnerabilities or unsafe patterns; 0 = severe issues (injection, unsafe deserialization, weak crypto, hardcoded secrets).
  - complexity: 10 = simple and cheap (low time/space cost, low cyclomatic complexity); 0 = very complex/expensive. (A simpler algorithm scores HIGHER.)
  - maintainability: 10 = easy to read and maintain (clear naming, typing, docs, no duplication, well-structured); 0 = hard to maintain.

First, in 2-4 short sentences per dimension, explain what you observed in THIS code (cite line numbers). Then output the final scores on the LAST line in EXACTLY this format:
SCORES: security=<x.x>, complexity=<x.x>, maintainability=<x.x>

Code:
```python
""""""
Union-find data structure.
""""""

from networkx.utils import groups


class UnionFind:
    """"""Union-find data structure.

    Each unionFind instance X maintains a family of disjoint sets of
    hashable objects, supporting the following two methods:

    - X[item] returns a name for the set containing the given item.
      Each set is named by an arbitrarily-chosen one of its members; as
      long as the set remains unchanged it will keep the same name. If
      the item is not yet part of a set in X, a new singleton set is
      created for it.

    - X.union(item1, item2, ...) merges the sets containing each item
      into a single larger set.  If any item is not yet part of a set
      in X, it is added to X as one of the members of the merged set.

      Union-find data structure. Based on Josiah Carlson's code,
      https://code.activestate.com/recipes/215912/
      with significant additional changes by D. Eppstein.
      http://www.ics.uci.edu/~eppstein/PADS/UnionFind.py

    """"""

    def __init__(self, elements=None):
        """"""Create a new empty union-find structure.

        If *elements* is an iterable, this structure will be initialized
        with the discrete partition on the given set of elements.

        """"""
        if elements is None:
            elements = ()
        self.parents = {}
        self.weights = {}
        for x in elements:
            self.weights[x] = 1
            self.parents[x] = x

    def __getitem__(self, object):
        """"""Find and return the name of the set containing the object.""""""

        # check for previously unknown object
        if object not in self.parents:
            self.parents[object] = object
            self.weights[object] = 1
            return object

        # find path of objects leading to the root
        path = []
        root = self.parents[object]
        while root != object:
            path.append(object)
            object = root
            root = self.parents[object]

        # compress the path and return
        for ancestor in path:
            self.parents[ancestor] = root
        return root

    def __iter__(self):
        """"""Iterate through all items ever found or unioned by this structure.""""""
        return iter(self.parents)

    def to_sets(self):
        """"""Iterates over the sets stored in this structure.

        For example::

            >>> partition = UnionFind(""xyz"")
            >>> sorted(map(sorted, partition.to_sets()))
            [['x'], ['y'], ['z']]
            >>> partition.union(""x"", ""y"")
            >>> sorted(map(sorted, partition.to_sets()))
            [['x', 'y'], ['z']]

        """"""
        # Ensure fully pruned paths
        for x in self.parents:
            _ = self[x]  # Evaluated for side-effect only

        yield from groups(self.parents).values()

    def union(self, *objects):
        """"""Find the sets containing the objects and merge them all.""""""
        # Find the heaviest root according to its weight.
        roots = iter(
            sorted(
                {self[x] for x in objects}, key=lambda r: self.weights[r], reverse=True
            )
        )
        try:
            root = next(roots)
        except StopIteration:
            return

        for r in roots:
            self.weights[root] += self.weights[r]
            self.parents[r] = root

```
"
E0_072,legacy_mixed,Ruba,08.07,9.8,4.72,8.9,7.9,8.5,6.5,8.0,6.0,9.5,9.0,7.5,,"You are a senior software engineer performing an expert code review.

Analyze the following Python code and rate it on three dimensions. For ALL three, the scale is the same: 0 to 10 where 10 is BEST and 0 is WORST. Use one decimal place (e.g. 7.5).
  - security: 10 = no vulnerabilities or unsafe patterns; 0 = severe issues (injection, unsafe deserialization, weak crypto, hardcoded secrets).
  - complexity: 10 = simple and cheap (low time/space cost, low cyclomatic complexity); 0 = very complex/expensive. (A simpler algorithm scores HIGHER.)
  - maintainability: 10 = easy to read and maintain (clear naming, typing, docs, no duplication, well-structured); 0 = hard to maintain.

First, in 2-4 short sentences per dimension, explain what you observed in THIS code (cite line numbers). Then output the final scores on the LAST line in EXACTLY this format:
SCORES: security=<x.x>, complexity=<x.x>, maintainability=<x.x>

Code:
```python
""""""Pool Autoscaling.

This module implements the internal thread responsible
for growing and shrinking the pool according to the
current autoscale settings.

The autoscale thread is only enabled if
the :option:`celery worker --autoscale` option is used.
""""""
import os
import threading
from time import monotonic, sleep

from kombu.asynchronous.semaphore import DummyLock

from celery import bootsteps
from celery.utils.log import get_logger
from celery.utils.threads import bgThread

from . import state
from .components import Pool

__all__ = ('Autoscaler', 'WorkerComponent')

logger = get_logger(__name__)
debug, info, error = logger.debug, logger.info, logger.error

AUTOSCALE_KEEPALIVE = float(os.environ.get('AUTOSCALE_KEEPALIVE', 30))


class WorkerComponent(bootsteps.StartStopStep):
    """"""Bootstep that starts the autoscaler thread/timer in the worker.""""""

    label = 'Autoscaler'
    conditional = True
    requires = (Pool,)

    def __init__(self, w, **kwargs):
        self.enabled = w.autoscale
        w.autoscaler = None

    def create(self, w):
        scaler = w.autoscaler = self.instantiate(
            w.autoscaler_cls,
            w.pool, w.max_concurrency, w.min_concurrency,
            worker=w, mutex=DummyLock() if w.use_eventloop else None,
        )
        return scaler if not w.use_eventloop else None

    def register_with_event_loop(self, w, hub):
        w.consumer.on_task_message.add(w.autoscaler.maybe_scale)
        hub.call_repeatedly(
            w.autoscaler.keepalive, w.autoscaler.maybe_scale,
        )

    def info(self, w):
        """"""Return `Autoscaler` info.""""""
        return {'autoscaler': w.autoscaler.info()}


class Autoscaler(bgThread):
    """"""Background thread to autoscale pool workers.""""""

    def __init__(self, pool, max_concurrency,
                 min_concurrency=0, worker=None,
                 keepalive=AUTOSCALE_KEEPALIVE, mutex=None):
        super().__init__()
        self.pool = pool
        self.mutex = mutex or threading.Lock()
        self.max_concurrency = max_concurrency
        self.min_concurrency = min_concurrency
        self.keepalive = keepalive
        self._last_scale_up = None
        self.worker = worker

        assert self.keepalive, 'cannot scale down too fast.'

    def body(self):
        with self.mutex:
            self.maybe_scale()
        sleep(1.0)

    def _maybe_scale(self, req=None):
        procs = self.processes
        cur = min(self.qty, self.max_concurrency)
        if cur > procs:
            self.scale_up(cur - procs)
            return True
        cur = max(self.qty, self.min_concurrency)
        if cur < procs:
            self.scale_down(procs - cur)
            return True

    def maybe_scale(self, req=None):
        if self._maybe_scale(req):
            self.pool.maintain_pool()

    def update(self, max=None, min=None):
        with self.mutex:
            if max is not None:
                if max < self.processes:
                    self._shrink(self.processes - max)
                self._update_consumer_prefetch_count(max)
                self.max_concurrency = max
            if min is not None:
                if min > self.processes:
                    self._grow(min - self.processes)
                self.min_concurrency = min
            return self.max_concurrency, self.min_concurrency

    def scale_up(self, n):
        self._last_scale_up = monotonic()
        return self._grow(n)

    def scale_down(self, n):
        if self._last_scale_up and (
                monotonic() - self._last_scale_up > self.keepalive):
            return self._shrink(n)

    def _grow(self, n):
        info('Scaling up %s processes.', n)
        self.pool.grow(n)

    def _shrink(self, n):
        info('Scaling down %s processes.', n)
        try:
            self.pool.shrink(n)
        except ValueError:
            debug(""Autoscaler won't scale down: all processes busy."")
        except Exception as exc:
            error('Autoscaler: scale_down: %r', exc, exc_info=True)

    def _update_consumer_prefetch_count(self, new_max):
        diff = new_max - self.max_concurrency
        if diff:
            self.worker.consumer._update_prefetch_count(
                diff
            )

    def info(self):
        return {
            'max': self.max_concurrency,
            'min': self.min_concurrency,
            'current': self.processes,
            'qty': self.qty,
        }

    @property
    def qty(self):
        return len(state.reserved_requests)

    @property
    def processes(self):
        return self.pool.num_processes

```
"
E0_073,clean_documented,Ruba,10.0,9.83,5.96,9.4,8.4,8.8,8.5,9.0,8.0,10.0,10.0,10.0,,"You are a senior software engineer performing an expert code review.

Analyze the following Python code and rate it on three dimensions. For ALL three, the scale is the same: 0 to 10 where 10 is BEST and 0 is WORST. Use one decimal place (e.g. 7.5).
  - security: 10 = no vulnerabilities or unsafe patterns; 0 = severe issues (injection, unsafe deserialization, weak crypto, hardcoded secrets).
  - complexity: 10 = simple and cheap (low time/space cost, low cyclomatic complexity); 0 = very complex/expensive. (A simpler algorithm scores HIGHER.)
  - maintainability: 10 = easy to read and maintain (clear naming, typing, docs, no duplication, well-structured); 0 = hard to maintain.

First, in 2-4 short sentences per dimension, explain what you observed in THIS code (cite line numbers). Then output the final scores on the LAST line in EXACTLY this format:
SCORES: security=<x.x>, complexity=<x.x>, maintainability=<x.x>

Code:
```python
""""""Types and utility functions used by various other internal tools.""""""

from __future__ import annotations

from collections.abc import Callable
from typing import TYPE_CHECKING, Any, Literal

from pydantic_core import core_schema

from ..annotated_handlers import GetCoreSchemaHandler, GetJsonSchemaHandler

if TYPE_CHECKING:
    from ..json_schema import GenerateJsonSchema, JsonSchemaValue
    from ._core_utils import CoreSchemaOrField
    from ._generate_schema import GenerateSchema
    from ._namespace_utils import NamespacesTuple

    GetJsonSchemaFunction = Callable[[CoreSchemaOrField, GetJsonSchemaHandler], JsonSchemaValue]
    HandlerOverride = Callable[[CoreSchemaOrField], JsonSchemaValue]


class GenerateJsonSchemaHandler(GetJsonSchemaHandler):
    """"""JsonSchemaHandler implementation that doesn't do ref unwrapping by default.

    This is used for any Annotated metadata so that we don't end up with conflicting
    modifications to the definition schema.

    Used internally by Pydantic, please do not rely on this implementation.
    See `GetJsonSchemaHandler` for the handler API.
    """"""

    def __init__(self, generate_json_schema: GenerateJsonSchema, handler_override: HandlerOverride | None) -> None:
        self.generate_json_schema = generate_json_schema
        self.handler = handler_override or generate_json_schema.generate_inner
        self.mode = generate_json_schema.mode

    def __call__(self, core_schema: CoreSchemaOrField, /) -> JsonSchemaValue:
        return self.handler(core_schema)

    def resolve_ref_schema(self, maybe_ref_json_schema: JsonSchemaValue) -> JsonSchemaValue:
        """"""Resolves `$ref` in the json schema.

        This returns the input json schema if there is no `$ref` in json schema.

        Args:
            maybe_ref_json_schema: The input json schema that may contains `$ref`.

        Returns:
            Resolved json schema.

        Raises:
            LookupError: If it can't find the definition for `$ref`.
        """"""
        if '$ref' not in maybe_ref_json_schema:
            return maybe_ref_json_schema
        ref = maybe_ref_json_schema['$ref']
        json_schema = self.generate_json_schema.get_schema_from_definitions(ref)
        if json_schema is None:
            raise LookupError(
                f'Could not find a ref for {ref}.'
                ' Maybe you tried to call resolve_ref_schema from within a recursive model?'
            )
        return json_schema


class CallbackGetCoreSchemaHandler(GetCoreSchemaHandler):
    """"""Wrapper to use an arbitrary function as a `GetCoreSchemaHandler`.

    Used internally by Pydantic, please do not rely on this implementation.
    See `GetCoreSchemaHandler` for the handler API.
    """"""

    def __init__(
        self,
        handler: Callable[[Any], core_schema.CoreSchema],
        generate_schema: GenerateSchema,
        ref_mode: Literal['to-def', 'unpack'] = 'to-def',
    ) -> None:
        self._handler = handler
        self._generate_schema = generate_schema
        self._ref_mode = ref_mode

    def __call__(self, source_type: Any, /) -> core_schema.CoreSchema:
        schema = self._handler(source_type)
        if self._ref_mode == 'to-def':
            ref = schema.get('ref')
            if ref is not None:
                return self._generate_schema.defs.create_definition_reference_schema(schema)
            return schema
        else:  # ref_mode = 'unpack'
            return self.resolve_ref_schema(schema)

    def _get_types_namespace(self) -> NamespacesTuple:
        return self._generate_schema._types_namespace

    def generate_schema(self, source_type: Any, /) -> core_schema.CoreSchema:
        return self._generate_schema.generate_schema(source_type)

    @property
    def field_name(self) -> str | None:
        return self._generate_schema.field_name_stack.get()

    def resolve_ref_schema(self, maybe_ref_schema: core_schema.CoreSchema) -> core_schema.CoreSchema:
        """"""Resolves reference in the core schema.

        Args:
            maybe_ref_schema: The input core schema that may contains reference.

        Returns:
            Resolved core schema.

        Raises:
            LookupError: If it can't find the definition for reference.
        """"""
        if maybe_ref_schema['type'] == 'definition-ref':
            ref = maybe_ref_schema['schema_ref']
            definition = self._generate_schema.defs.get_schema_from_ref(ref)
            if definition is None:
                raise LookupError(
                    f'Could not find a ref for {ref}.'
                    ' Maybe you tried to call resolve_ref_schema from within a recursive model?'
                )
            return definition
        elif maybe_ref_schema['type'] == 'definitions':
            return self.resolve_ref_schema(maybe_ref_schema['schema'])
        return maybe_ref_schema

```
"
E0_074,ml_data_code,Ruba,10.0,7.85,05.01,10.0,8.8,8.6,9.5,9.0,4.5,10.0,9.5,7.5,,"You are a senior software engineer performing an expert code review.

Analyze the following Python code and rate it on three dimensions. For ALL three, the scale is the same: 0 to 10 where 10 is BEST and 0 is WORST. Use one decimal place (e.g. 7.5).
  - security: 10 = no vulnerabilities or unsafe patterns; 0 = severe issues (injection, unsafe deserialization, weak crypto, hardcoded secrets).
  - complexity: 10 = simple and cheap (low time/space cost, low cyclomatic complexity); 0 = very complex/expensive. (A simpler algorithm scores HIGHER.)
  - maintainability: 10 = easy to read and maintain (clear naming, typing, docs, no duplication, well-structured); 0 = hard to maintain.

First, in 2-4 short sentences per dimension, explain what you observed in THIS code (cite line numbers). Then output the final scores on the LAST line in EXACTLY this format:
SCORES: security=<x.x>, complexity=<x.x>, maintainability=<x.x>

Code:
```python
import numpy as np

import pandas as pd
from pandas import offsets


class DatetimeStrftime:
    timeout = 1500
    params = [1000, 10000]
    param_names = [""nobs""]

    def setup(self, nobs):
        d = ""2018-11-29""
        dt = ""2018-11-26 11:18:27.0""
        self.data = pd.DataFrame(
            {
                ""dt"": [np.datetime64(dt)] * nobs,
                ""d"": [np.datetime64(d)] * nobs,
                ""r"": [np.random.uniform()] * nobs,
            }
        )

    def time_frame_date_to_str(self, nobs):
        self.data[""d""].astype(str)

    def time_frame_date_formatting_default(self, nobs):
        self.data[""d""].dt.strftime(date_format=None)

    def time_frame_date_formatting_default_explicit(self, nobs):
        self.data[""d""].dt.strftime(date_format=""%Y-%m-%d"")

    def time_frame_date_formatting_custom(self, nobs):
        self.data[""d""].dt.strftime(date_format=""%Y---%m---%d"")

    def time_frame_datetime_to_str(self, nobs):
        self.data[""dt""].astype(str)

    def time_frame_datetime_formatting_default(self, nobs):
        self.data[""dt""].dt.strftime(date_format=None)

    def time_frame_datetime_formatting_default_explicit_date_only(self, nobs):
        self.data[""dt""].dt.strftime(date_format=""%Y-%m-%d"")

    def time_frame_datetime_formatting_default_explicit(self, nobs):
        self.data[""dt""].dt.strftime(date_format=""%Y-%m-%d %H:%M:%S"")

    def time_frame_datetime_formatting_default_with_float(self, nobs):
        self.data[""dt""].dt.strftime(date_format=""%Y-%m-%d %H:%M:%S.%f"")

    def time_frame_datetime_formatting_custom(self, nobs):
        self.data[""dt""].dt.strftime(date_format=""%Y-%m-%d --- %H:%M:%S"")


class PeriodStrftime:
    timeout = 1500
    params = ([1000, 10000], [""D"", ""h""])
    param_names = [""nobs"", ""freq""]

    def setup(self, nobs, freq):
        self.data = pd.DataFrame(
            {
                ""p"": pd.period_range(start=""2000-01-01"", periods=nobs, freq=freq),
                ""r"": [np.random.uniform()] * nobs,
            }
        )
        self.data[""i""] = self.data[""p""]
        self.data.set_index(""i"", inplace=True)
        if freq == ""D"":
            self.default_fmt = ""%Y-%m-%d""
        elif freq == ""h"":
            self.default_fmt = ""%Y-%m-%d %H:00""

    def time_frame_period_to_str(self, nobs, freq):
        self.data[""p""].astype(str)

    def time_frame_period_formatting_default(self, nobs, freq):
        self.data[""p""].dt.strftime(date_format=None)

    def time_frame_period_formatting_default_explicit(self, nobs, freq):
        self.data[""p""].dt.strftime(date_format=self.default_fmt)

    def time_frame_period_formatting_custom(self, nobs, freq):
        self.data[""p""].dt.strftime(date_format=""%Y-%m-%d --- %H:%M:%S"")

    def time_frame_period_formatting_iso8601_strftime_Z(self, nobs, freq):
        self.data[""p""].dt.strftime(date_format=""%Y-%m-%dT%H:%M:%SZ"")

    def time_frame_period_formatting_iso8601_strftime_offset(self, nobs, freq):
        """"""Not optimized yet as %z is not supported by `convert_strftime_format`""""""
        self.data[""p""].dt.strftime(date_format=""%Y-%m-%dT%H:%M:%S%z"")


class BusinessHourStrftime:
    timeout = 1500
    params = [1000, 10000]
    param_names = [""nobs""]

    def setup(self, nobs):
        self.data = pd.DataFrame(
            {
                ""off"": [offsets.BusinessHour()] * nobs,
            }
        )

    def time_frame_offset_str(self, nobs):
        self.data[""off""].apply(str)

    def time_frame_offset_repr(self, nobs):
        self.data[""off""].apply(repr)

```
"
E0_075,security_sensitive,Ruba,10.0,7.56,4.89,9.8,9.5,8.7,9.0,8.5,6.5,10.0,9.5,7.0,,"You are a senior software engineer performing an expert code review.

Analyze the following Python code and rate it on three dimensions. For ALL three, the scale is the same: 0 to 10 where 10 is BEST and 0 is WORST. Use one decimal place (e.g. 7.5).
  - security: 10 = no vulnerabilities or unsafe patterns; 0 = severe issues (injection, unsafe deserialization, weak crypto, hardcoded secrets).
  - complexity: 10 = simple and cheap (low time/space cost, low cyclomatic complexity); 0 = very complex/expensive. (A simpler algorithm scores HIGHER.)
  - maintainability: 10 = easy to read and maintain (clear naming, typing, docs, no duplication, well-structured); 0 = hard to maintain.

First, in 2-4 short sentences per dimension, explain what you observed in THIS code (cite line numbers). Then output the final scores on the LAST line in EXACTLY this format:
SCORES: security=<x.x>, complexity=<x.x>, maintainability=<x.x>

Code:
```python
from itertools import chain

from django.apps import apps
from django.core.checks import Error


def check_generic_foreign_keys(app_configs, **kwargs):
    from .fields import GenericForeignKeyDescriptor

    if app_configs is None:
        models = apps.get_models()
    else:
        models = chain.from_iterable(
            app_config.get_models() for app_config in app_configs
        )
    errors = []
    descriptors = (
        obj
        for model in models
        for obj in vars(model).values()
        if isinstance(obj, GenericForeignKeyDescriptor)
    )
    for descriptor in descriptors:
        errors.extend(descriptor.field.check())
    return errors


def check_model_name_lengths(app_configs, **kwargs):
    if app_configs is None:
        models = apps.get_models()
    else:
        models = chain.from_iterable(
            app_config.get_models() for app_config in app_configs
        )
    errors = []
    for model in models:
        if len(model._meta.model_name) > 100:
            errors.append(
                Error(
                    ""Model names must be at most 100 characters (got %d).""
                    % (len(model._meta.model_name),),
                    obj=model,
                    id=""contenttypes.E005"",
                )
            )
    return errors

```
"
E0_076,clean_documented,Ruba,10.0,9.89,7.55,9.4,9.2,8.6,7.0,9.5,6.5,10.0,10.0,7.5,,"You are a senior software engineer performing an expert code review.

Analyze the following Python code and rate it on three dimensions. For ALL three, the scale is the same: 0 to 10 where 10 is BEST and 0 is WORST. Use one decimal place (e.g. 7.5).
  - security: 10 = no vulnerabilities or unsafe patterns; 0 = severe issues (injection, unsafe deserialization, weak crypto, hardcoded secrets).
  - complexity: 10 = simple and cheap (low time/space cost, low cyclomatic complexity); 0 = very complex/expensive. (A simpler algorithm scores HIGHER.)
  - maintainability: 10 = easy to read and maintain (clear naming, typing, docs, no duplication, well-structured); 0 = hard to maintain.

First, in 2-4 short sentences per dimension, explain what you observed in THIS code (cite line numbers). Then output the final scores on the LAST line in EXACTLY this format:
SCORES: security=<x.x>, complexity=<x.x>, maintainability=<x.x>

Code:
```python
""""""Experimental module exposing a function to generate a core schema that validates callable arguments.""""""

from __future__ import annotations

from collections.abc import Callable
from typing import Any, Literal

from pydantic_core import CoreSchema

from pydantic import ConfigDict
from pydantic._internal import _config, _generate_schema, _namespace_utils


def generate_arguments_schema(
    func: Callable[..., Any],
    schema_type: Literal['arguments', 'arguments-v3'] = 'arguments-v3',
    parameters_callback: Callable[[int, str, Any], Literal['skip'] | None] | None = None,
    config: ConfigDict | None = None,
) -> CoreSchema:
    """"""Generate the schema for the arguments of a function.

    Args:
        func: The function to generate the schema for.
        schema_type: The type of schema to generate.
        parameters_callback: A callable that will be invoked for each parameter. The callback
            should take three required arguments: the index, the name and the type annotation
            (or [`Parameter.empty`][inspect.Parameter.empty] if not annotated) of the parameter.
            The callback can optionally return `'skip'`, so that the parameter gets excluded
            from the resulting schema.
        config: The configuration to use.

    Returns:
        The generated schema.
    """"""
    generate_schema = _generate_schema.GenerateSchema(
        _config.ConfigWrapper(config),
        ns_resolver=_namespace_utils.NsResolver(namespaces_tuple=_namespace_utils.ns_for_function(func)),
    )

    if schema_type == 'arguments':
        schema = generate_schema._arguments_schema(func, parameters_callback)  # pyright: ignore[reportArgumentType]
    else:
        schema = generate_schema._arguments_v3_schema(func, parameters_callback)  # pyright: ignore[reportArgumentType]
    return generate_schema.clean_schema(schema)

```
"
E0_077,legacy_mixed,Ruba,10.0,9.95,6.57,8.5,9.3,8.9,5.5,9.5,5.5,8.5,10.0,8.5,,"You are a senior software engineer performing an expert code review.

Analyze the following Python code and rate it on three dimensions. For ALL three, the scale is the same: 0 to 10 where 10 is BEST and 0 is WORST. Use one decimal place (e.g. 7.5).
  - security: 10 = no vulnerabilities or unsafe patterns; 0 = severe issues (injection, unsafe deserialization, weak crypto, hardcoded secrets).
  - complexity: 10 = simple and cheap (low time/space cost, low cyclomatic complexity); 0 = very complex/expensive. (A simpler algorithm scores HIGHER.)
  - maintainability: 10 = easy to read and maintain (clear naming, typing, docs, no duplication, well-structured); 0 = hard to maintain.

First, in 2-4 short sentences per dimension, explain what you observed in THIS code (cite line numbers). Then output the final scores on the LAST line in EXACTLY this format:
SCORES: security=<x.x>, complexity=<x.x>, maintainability=<x.x>

Code:
```python
""""""The ``celery call`` program used to send tasks from the command-line.""""""
import click

from celery.bin.base import (ISO8601, ISO8601_OR_FLOAT, JSON_ARRAY, JSON_OBJECT, CeleryCommand, CeleryOption,
                             handle_preload_options)


@click.command(cls=CeleryCommand)
@click.argument('name')
@click.option('-a',
              '--args',
              cls=CeleryOption,
              type=JSON_ARRAY,
              default='[]',
              help_group=""Calling Options"",
              help=""Positional arguments."")
@click.option('-k',
              '--kwargs',
              cls=CeleryOption,
              type=JSON_OBJECT,
              default='{}',
              help_group=""Calling Options"",
              help=""Keyword arguments."")
@click.option('--eta',
              cls=CeleryOption,
              type=ISO8601,
              help_group=""Calling Options"",
              help=""scheduled time."")
@click.option('--countdown',
              cls=CeleryOption,
              type=float,
              help_group=""Calling Options"",
              help=""eta in seconds from now."")
@click.option('--expires',
              cls=CeleryOption,
              type=ISO8601_OR_FLOAT,
              help_group=""Calling Options"",
              help=""expiry time."")
@click.option('--serializer',
              cls=CeleryOption,
              default='json',
              help_group=""Calling Options"",
              help=""task serializer."")
@click.option('--queue',
              cls=CeleryOption,
              help_group=""Routing Options"",
              help=""custom queue name."")
@click.option('--exchange',
              cls=CeleryOption,
              help_group=""Routing Options"",
              help=""custom exchange name."")
@click.option('--routing-key',
              cls=CeleryOption,
              help_group=""Routing Options"",
              help=""custom routing key."")
@click.pass_context
@handle_preload_options
def call(ctx, name, args, kwargs, eta, countdown, expires, serializer, queue, exchange, routing_key):
    """"""Call a task by name.""""""
    task_id = ctx.obj.app.send_task(
        name,
        args=args, kwargs=kwargs,
        countdown=countdown,
        serializer=serializer,
        queue=queue,
        exchange=exchange,
        routing_key=routing_key,
        eta=eta,
        expires=expires
    ).id
    ctx.obj.echo(task_id)

```
"
E0_078,security_sensitive,Ruba,10.0,7.88,5.86,8.8,9.2,9.3,7.5,9.5,7.0,10.0,10.0,9.5,,"You are a senior software engineer performing an expert code review.

Analyze the following Python code and rate it on three dimensions. For ALL three, the scale is the same: 0 to 10 where 10 is BEST and 0 is WORST. Use one decimal place (e.g. 7.5).
  - security: 10 = no vulnerabilities or unsafe patterns; 0 = severe issues (injection, unsafe deserialization, weak crypto, hardcoded secrets).
  - complexity: 10 = simple and cheap (low time/space cost, low cyclomatic complexity); 0 = very complex/expensive. (A simpler algorithm scores HIGHER.)
  - maintainability: 10 = easy to read and maintain (clear naming, typing, docs, no duplication, well-structured); 0 = hard to maintain.

First, in 2-4 short sentences per dimension, explain what you observed in THIS code (cite line numbers). Then output the final scores on the LAST line in EXACTLY this format:
SCORES: security=<x.x>, complexity=<x.x>, maintainability=<x.x>

Code:
```python
import functools
from pathlib import Path

from django.conf import settings
from django.template.backends.django import DjangoTemplates
from django.template.loader import get_template
from django.utils.functional import cached_property
from django.utils.module_loading import import_string


@functools.lru_cache
def get_default_renderer():
    renderer_class = import_string(settings.FORM_RENDERER)
    return renderer_class()


class BaseRenderer:
    form_template_name = ""django/forms/div.html""
    formset_template_name = ""django/forms/formsets/div.html""
    field_template_name = ""django/forms/field.html""

    bound_field_class = None

    def get_template(self, template_name):
        raise NotImplementedError(""subclasses must implement get_template()"")

    def render(self, template_name, context, request=None):
        template = self.get_template(template_name)
        return template.render(context, request=request).strip()


class EngineMixin:
    def get_template(self, template_name):
        return self.engine.get_template(template_name)

    @cached_property
    def engine(self):
        return self.backend(
            {
                ""APP_DIRS"": True,
                ""DIRS"": [Path(__file__).parent / self.backend.app_dirname],
                ""NAME"": ""djangoforms"",
                ""OPTIONS"": {},
            }
        )


class DjangoTemplates(EngineMixin, BaseRenderer):
    """"""
    Load Django templates from the built-in widget templates in
    django/forms/templates and from apps' 'templates' directory.
    """"""

    backend = DjangoTemplates


class Jinja2(EngineMixin, BaseRenderer):
    """"""
    Load Jinja2 templates from the built-in widget templates in
    django/forms/jinja2 and from apps' 'jinja2' directory.
    """"""

    @cached_property
    def backend(self):
        from django.template.backends.jinja2 import Jinja2

        return Jinja2


class TemplatesSetting(BaseRenderer):
    """"""
    Load templates using template.loader.get_template() which is configured
    based on settings.TEMPLATES.
    """"""

    def get_template(self, template_name):
        return get_template(template_name)

```
"
E0_079,ml_data_code,Ruba,10.0,9.76,6.93,8.3,9.1,8.8,4.0,9.0,5.5,3.0,9.5,5.0,,"You are a senior software engineer performing an expert code review.

Analyze the following Python code and rate it on three dimensions. For ALL three, the scale is the same: 0 to 10 where 10 is BEST and 0 is WORST. Use one decimal place (e.g. 7.5).
  - security: 10 = no vulnerabilities or unsafe patterns; 0 = severe issues (injection, unsafe deserialization, weak crypto, hardcoded secrets).
  - complexity: 10 = simple and cheap (low time/space cost, low cyclomatic complexity); 0 = very complex/expensive. (A simpler algorithm scores HIGHER.)
  - maintainability: 10 = easy to read and maintain (clear naming, typing, docs, no duplication, well-structured); 0 = hard to maintain.

First, in 2-4 short sentences per dimension, explain what you observed in THIS code (cite line numbers). Then output the final scores on the LAST line in EXACTLY this format:
SCORES: security=<x.x>, complexity=<x.x>, maintainability=<x.x>

Code:
```python
#!/usr/bin/env python3

# Note: This file has to live next to meson.build or versioneer will not work
import argparse
import os
import sys

import versioneer

sys.path.insert(0, """")


def write_version_info(path) -> None:
    version = None
    git_version = None

    try:
        import _version_meson

        version = _version_meson.__version__
        git_version = _version_meson.__git_version__
    except ImportError:
        version = versioneer.get_version()
        git_version = versioneer.get_versions()[""full-revisionid""]
    if os.environ.get(""MESON_DIST_ROOT""):
        path = os.path.join(os.environ.get(""MESON_DIST_ROOT""), path)
    with open(path, ""w"", encoding=""utf-8"") as file:
        file.write(f'__version__=""{version}""\n')
        file.write(f'__git_version__=""{git_version}""\n')


def main() -> None:
    parser = argparse.ArgumentParser()
    parser.add_argument(
        ""-o"",
        ""--outfile"",
        type=str,
        help=""Path to write version info to"",
        required=False,
    )
    parser.add_argument(
        ""--print"",
        default=False,
        action=""store_true"",
        help=""Whether to print out the version"",
        required=False,
    )
    args = parser.parse_args()

    if args.outfile:
        if not args.outfile.endswith("".py""):
            raise ValueError(
                f""Output file must be a Python file. ""
                f""Got: {args.outfile} as filename instead""
            )

        write_version_info(args.outfile)

    if args.print:
        try:
            import _version_meson

            version = _version_meson.__version__
        except ImportError:
            version = versioneer.get_version()
        print(version)


main()

```
"
E0_080,ml_data_code,Ruba,6.51,7.87,6.48,8.7,8.9,9.1,6.5,8.5,7.0,8.0,9.5,8.5,,"You are a senior software engineer performing an expert code review.

Analyze the following Python code and rate it on three dimensions. For ALL three, the scale is the same: 0 to 10 where 10 is BEST and 0 is WORST. Use one decimal place (e.g. 7.5).
  - security: 10 = no vulnerabilities or unsafe patterns; 0 = severe issues (injection, unsafe deserialization, weak crypto, hardcoded secrets).
  - complexity: 10 = simple and cheap (low time/space cost, low cyclomatic complexity); 0 = very complex/expensive. (A simpler algorithm scores HIGHER.)
  - maintainability: 10 = easy to read and maintain (clear naming, typing, docs, no duplication, well-structured); 0 = hard to maintain.

First, in 2-4 short sentences per dimension, explain what you observed in THIS code (cite line numbers). Then output the final scores on the LAST line in EXACTLY this format:
SCORES: security=<x.x>, complexity=<x.x>, maintainability=<x.x>

Code:
```python
from __future__ import annotations

import json
import locale
import os
import platform
import struct
import sys
from typing import TYPE_CHECKING

from pandas.util._decorators import set_module

if TYPE_CHECKING:
    from pandas._typing import JSONSerializable

from pandas.compat._optional import (
    VERSIONS,
    get_version,
    import_optional_dependency,
)


def _get_commit_hash() -> str | None:
    """"""
    Use vendored versioneer code to get git hash, which handles
    git worktree correctly.
    """"""
    from pandas._version_meson import (  # pyright: ignore [reportMissingImports]
        __git_version__,
    )

    return __git_version__


def _get_sys_info() -> dict[str, JSONSerializable]:
    """"""
    Returns system information as a JSON serializable dictionary.
    """"""
    uname_result = platform.uname()
    language_code, encoding = locale.getlocale()
    return {
        ""commit"": _get_commit_hash(),
        ""python"": platform.python_version(),
        ""python-bits"": struct.calcsize(""P"") * 8,
        ""OS"": uname_result.system,
        ""OS-release"": uname_result.release,
        ""Version"": uname_result.version,
        ""machine"": uname_result.machine,
        ""processor"": uname_result.processor,
        ""byteorder"": sys.byteorder,
        ""LC_ALL"": os.environ.get(""LC_ALL""),
        ""LANG"": os.environ.get(""LANG""),
        ""LOCALE"": {""language-code"": language_code, ""encoding"": encoding},
    }


def _get_dependency_info() -> dict[str, JSONSerializable]:
    """"""
    Returns dependency information as a JSON serializable dictionary.
    """"""
    deps = [
        ""pandas"",
        # required
        ""numpy"",
        ""dateutil"",
        # install / build,
        ""pip"",
        ""Cython"",
        # docs
        ""sphinx"",
        # Other, not imported.
        ""IPython"",
    ]
    # Optional dependencies
    deps.extend(list(VERSIONS))

    result: dict[str, JSONSerializable] = {}
    for modname in deps:
        try:
            mod = import_optional_dependency(modname, errors=""ignore"")
        except Exception:
            # Dependency conflicts may cause a non ImportError
            result[modname] = ""N/A""
        else:
            result[modname] = get_version(mod) if mod else None
    return result


@set_module(""pandas"")
def show_versions(as_json: str | bool = False) -> None:
    """"""
    Provide useful information, important for bug reports.

    It comprises info about hosting operation system, pandas version,
    and versions of other installed relative packages.

    Parameters
    ----------
    as_json : str or bool, default False
        * If False, outputs info in a human readable form to the console.
        * If str, it will be considered as a path to a file.
          Info will be written to that file in JSON format.
        * If True, outputs info in JSON format to the console.

    See Also
    --------
    get_option : Retrieve the value of the specified option.
    set_option : Set the value of the specified option or options.

    Examples
    --------
    >>> pd.show_versions()  # doctest: +SKIP
    Your output may look something like this:
    INSTALLED VERSIONS
    ------------------
    commit           : 37ea63d540fd27274cad6585082c91b1283f963d
    python           : 3.10.6.final.0
    python-bits      : 64
    OS               : Linux
    OS-release       : 5.10.102.1-microsoft-standard-WSL2
    Version          : #1 SMP Wed Mar 2 00:30:59 UTC 2022
    machine          : x86_64
    processor        : x86_64
    byteorder        : little
    LC_ALL           : None
    LANG             : en_GB.UTF-8
    LOCALE           : en_GB.UTF-8
    pandas           : 2.0.1
    numpy            : 1.24.3
    ...
    """"""
    sys_info = _get_sys_info()
    deps = _get_dependency_info()

    if as_json:
        j = {""system"": sys_info, ""dependencies"": deps}

        if as_json is True:
            sys.stdout.writelines(json.dumps(j, indent=2))
        else:
            assert isinstance(as_json, str)  # needed for mypy
            with open(as_json, ""w"", encoding=""utf-8"") as f:
                json.dump(j, f, indent=2)

    else:
        assert isinstance(sys_info[""LOCALE""], dict)  # needed for mypy
        language_code = sys_info[""LOCALE""][""language-code""]
        encoding = sys_info[""LOCALE""][""encoding""]
        sys_info[""LOCALE""] = f""{language_code}.{encoding}""

        maxlen = max(len(x) for x in deps)
        print(""\nINSTALLED VERSIONS"")
        print(""------------------"")
        for k, v in sys_info.items():
            print(f""{k:<{maxlen}}: {v}"")
        print("""")
        for k, v in deps.items():
            print(f""{k:<{maxlen}}: {v}"")

```
"
E0_081,legacy_mixed,Ruba,10.0,7.79,7.66,9.8,9.9,9.4,9.0,9.5,7.5,10.0,10.0,10.0,,"You are a senior software engineer performing an expert code review.

Analyze the following Python code and rate it on three dimensions. For ALL three, the scale is the same: 0 to 10 where 10 is BEST and 0 is WORST. Use one decimal place (e.g. 7.5).
  - security: 10 = no vulnerabilities or unsafe patterns; 0 = severe issues (injection, unsafe deserialization, weak crypto, hardcoded secrets).
  - complexity: 10 = simple and cheap (low time/space cost, low cyclomatic complexity); 0 = very complex/expensive. (A simpler algorithm scores HIGHER.)
  - maintainability: 10 = easy to read and maintain (clear naming, typing, docs, no duplication, well-structured); 0 = hard to maintain.

First, in 2-4 short sentences per dimension, explain what you observed in THIS code (cite line numbers). Then output the final scores on the LAST line in EXACTLY this format:
SCORES: security=<x.x>, complexity=<x.x>, maintainability=<x.x>

Code:
```python
from __future__ import annotations


def detect_quorum_queues(app, driver_type: str) -> tuple[bool, str]:
    """"""Detect if any of the queues are quorum queues.

    Returns:
        tuple[bool, str]: A tuple containing a boolean indicating if any of the queues are quorum queues
        and the name of the first quorum queue found or an empty string if no quorum queues were found.
    """"""
    is_rabbitmq_broker = driver_type == 'amqp'

    if is_rabbitmq_broker:
        queues = app.amqp.queues
        for qname in queues:
            qarguments = queues[qname].queue_arguments or {}
            if qarguments.get(""x-queue-type"") == ""quorum"":
                return True, qname

    return False, """"

```
"
E0_082,security_sensitive,Ruba,10.0,9.82,5.49,9.4,9.0,8.8,7.5,8.5,6.5,10.0,10.0,7.5,,"You are a senior software engineer performing an expert code review.

Analyze the following Python code and rate it on three dimensions. For ALL three, the scale is the same: 0 to 10 where 10 is BEST and 0 is WORST. Use one decimal place (e.g. 7.5).
  - security: 10 = no vulnerabilities or unsafe patterns; 0 = severe issues (injection, unsafe deserialization, weak crypto, hardcoded secrets).
  - complexity: 10 = simple and cheap (low time/space cost, low cyclomatic complexity); 0 = very complex/expensive. (A simpler algorithm scores HIGHER.)
  - maintainability: 10 = easy to read and maintain (clear naming, typing, docs, no duplication, well-structured); 0 = hard to maintain.

First, in 2-4 short sentences per dimension, explain what you observed in THIS code (cite line numbers). Then output the final scores on the LAST line in EXACTLY this format:
SCORES: security=<x.x>, complexity=<x.x>, maintainability=<x.x>

Code:
```python
from django.conf import settings
from django.core import checks
from django.core.exceptions import FieldDoesNotExist
from django.db import models


class CurrentSiteManager(models.Manager):
    ""Use this to limit objects to those associated with the current site.""

    use_in_migrations = True

    def __init__(self, field_name=None):
        super().__init__()
        self.__field_name = field_name

    def check(self, **kwargs):
        errors = super().check(**kwargs)
        errors.extend(self._check_field_name())
        return errors

    def _check_field_name(self):
        field_name = self._get_field_name()
        try:
            field = self.model._meta.get_field(field_name)
        except FieldDoesNotExist:
            return [
                checks.Error(
                    ""CurrentSiteManager could not find a field named '%s'.""
                    % field_name,
                    obj=self,
                    id=""sites.E001"",
                )
            ]

        if not field.many_to_many and not isinstance(field, (models.ForeignKey)):
            return [
                checks.Error(
                    ""CurrentSiteManager cannot use '%s.%s' as it is not a foreign key ""
                    ""or a many-to-many field.""
                    % (self.model._meta.object_name, field_name),
                    obj=self,
                    id=""sites.E002"",
                )
            ]

        return []

    def _get_field_name(self):
        """"""Return self.__field_name or 'site' or 'sites'.""""""

        if not self.__field_name:
            try:
                self.model._meta.get_field(""site"")
            except FieldDoesNotExist:
                self.__field_name = ""sites""
            else:
                self.__field_name = ""site""
        return self.__field_name

    def get_queryset(self):
        return (
            super()
            .get_queryset()
            .filter(**{self._get_field_name() + ""__id"": settings.SITE_ID})
        )

```
"
E0_083,complex_algorithms,Ruba,10.0,3.67,5.41,9.9,7.6,9.1,9.5,7.0,8.0,10.0,7.0,9.5,,"You are a senior software engineer performing an expert code review.

Analyze the following Python code and rate it on three dimensions. For ALL three, the scale is the same: 0 to 10 where 10 is BEST and 0 is WORST. Use one decimal place (e.g. 7.5).
  - security: 10 = no vulnerabilities or unsafe patterns; 0 = severe issues (injection, unsafe deserialization, weak crypto, hardcoded secrets).
  - complexity: 10 = simple and cheap (low time/space cost, low cyclomatic complexity); 0 = very complex/expensive. (A simpler algorithm scores HIGHER.)
  - maintainability: 10 = easy to read and maintain (clear naming, typing, docs, no duplication, well-structured); 0 = hard to maintain.

First, in 2-4 short sentences per dimension, explain what you observed in THIS code (cite line numbers). Then output the final scores on the LAST line in EXACTLY this format:
SCORES: security=<x.x>, complexity=<x.x>, maintainability=<x.x>

Code:
```python
from collections import defaultdict

import networkx as nx

__all__ = [""k_clique_communities""]


@nx._dispatchable
def k_clique_communities(G, k, cliques=None):
    """"""Find k-clique communities in graph using the percolation method.

    A k-clique community is the union of all cliques of size k that
    can be reached through adjacent (sharing k-1 nodes) k-cliques.

    Parameters
    ----------
    G : NetworkX graph

    k : int
       Size of smallest clique

    cliques: list or generator
       Precomputed cliques (use networkx.find_cliques(G))

    Returns
    -------
    Yields sets of nodes, one for each k-clique community.

    Examples
    --------
    >>> G = nx.complete_graph(5)
    >>> K5 = nx.convert_node_labels_to_integers(G, first_label=2)
    >>> G.add_edges_from(K5.edges())
    >>> c = list(nx.community.k_clique_communities(G, 4))
    >>> sorted(list(c[0]))
    [0, 1, 2, 3, 4, 5, 6]
    >>> list(nx.community.k_clique_communities(G, 6))
    []

    References
    ----------
    .. [1] Gergely Palla, Imre Derényi, Illés Farkas1, and Tamás Vicsek,
       Uncovering the overlapping community structure of complex networks
       in nature and society Nature 435, 814-818, 2005,
       doi:10.1038/nature03607
    """"""
    if k < 2:
        raise nx.NetworkXError(f""k={k}, k must be greater than 1."")
    if cliques is None:
        cliques = nx.find_cliques(G)
    cliques = [frozenset(c) for c in cliques if len(c) >= k]

    # First index which nodes are in which cliques
    membership_dict = defaultdict(list)
    for clique in cliques:
        for node in clique:
            membership_dict[node].append(clique)

    # For each clique, see which adjacent cliques percolate
    perc_graph = nx.Graph()
    perc_graph.add_nodes_from(cliques)
    for clique in cliques:
        for adj_clique in _get_adjacent_cliques(clique, membership_dict):
            if len(clique.intersection(adj_clique)) >= (k - 1):
                perc_graph.add_edge(clique, adj_clique)

    # Connected components of clique graph with perc edges
    # are the percolated cliques
    for component in nx.connected_components(perc_graph):
        yield (frozenset.union(*component))


def _get_adjacent_cliques(clique, membership_dict):
    adjacent_cliques = set()
    for n in clique:
        for adj_clique in membership_dict[n]:
            if clique != adj_clique:
                adjacent_cliques.add(adj_clique)
    return adjacent_cliques

```
"
E0_084,clean_documented,Ruba,10.0,9.87,7.19,10.0,9.4,9.3,9.5,9.0,7.0,10.0,10.0,10.0,,"You are a senior software engineer performing an expert code review.

Analyze the following Python code and rate it on three dimensions. For ALL three, the scale is the same: 0 to 10 where 10 is BEST and 0 is WORST. Use one decimal place (e.g. 7.5).
  - security: 10 = no vulnerabilities or unsafe patterns; 0 = severe issues (injection, unsafe deserialization, weak crypto, hardcoded secrets).
  - complexity: 10 = simple and cheap (low time/space cost, low cyclomatic complexity); 0 = very complex/expensive. (A simpler algorithm scores HIGHER.)
  - maintainability: 10 = easy to read and maintain (clear naming, typing, docs, no duplication, well-structured); 0 = hard to maintain.

First, in 2-4 short sentences per dimension, explain what you observed in THIS code (cite line numbers). Then output the final scores on the LAST line in EXACTLY this format:
SCORES: security=<x.x>, complexity=<x.x>, maintainability=<x.x>

Code:
```python
""""""Alias generators for converting between different capitalization conventions.""""""

import re

__all__ = ('to_pascal', 'to_camel', 'to_snake')

# TODO: in V3, change the argument names to be more descriptive
# Generally, don't only convert from snake_case, or name the functions
# more specifically like snake_to_camel.


def to_pascal(snake: str) -> str:
    """"""Convert a snake_case string to PascalCase.

    Args:
        snake: The string to convert.

    Returns:
        The PascalCase string.
    """"""
    camel = snake.title()
    return re.sub('([0-9A-Za-z])_(?=[0-9A-Z])', lambda m: m.group(1), camel)


def to_camel(snake: str) -> str:
    """"""Convert a snake_case string to camelCase.

    Args:
        snake: The string to convert.

    Returns:
        The converted camelCase string.
    """"""
    # If the string is already in camelCase and does not contain a digit followed
    # by a lowercase letter, return it as it is
    if re.match('^[a-z]+[A-Za-z0-9]*$', snake) and not re.search(r'\d[a-z]', snake):
        return snake

    camel = to_pascal(snake)
    return re.sub('(^_*[A-Z])', lambda m: m.group(1).lower(), camel)


def to_snake(camel: str) -> str:
    """"""Convert a PascalCase, camelCase, or kebab-case string to snake_case.

    Args:
        camel: The string to convert.

    Returns:
        The converted string in snake_case.
    """"""
    # Handle the sequence of uppercase letters followed by a lowercase letter
    snake = re.sub(r'([A-Z]+)([A-Z][a-z])', lambda m: f'{m.group(1)}_{m.group(2)}', camel)
    # Insert an underscore between a lowercase letter and an uppercase letter
    snake = re.sub(r'([a-z])([A-Z])', lambda m: f'{m.group(1)}_{m.group(2)}', snake)
    # Insert an underscore between a digit and an uppercase letter
    snake = re.sub(r'([0-9])([A-Z])', lambda m: f'{m.group(1)}_{m.group(2)}', snake)
    # Insert an underscore between a lowercase letter and a digit
    snake = re.sub(r'([a-z])([0-9])', lambda m: f'{m.group(1)}_{m.group(2)}', snake)
    # Replace hyphens with underscores to handle kebab-case
    snake = snake.replace('-', '_')
    return snake.lower()

```
"
E0_085,complex_algorithms,Ruba,10.0,5.93,4.56,9.9,7.9,9.2,9.5,7.5,7.0,10.0,9.0,9.5,,"You are a senior software engineer performing an expert code review.

Analyze the following Python code and rate it on three dimensions. For ALL three, the scale is the same: 0 to 10 where 10 is BEST and 0 is WORST. Use one decimal place (e.g. 7.5).
  - security: 10 = no vulnerabilities or unsafe patterns; 0 = severe issues (injection, unsafe deserialization, weak crypto, hardcoded secrets).
  - complexity: 10 = simple and cheap (low time/space cost, low cyclomatic complexity); 0 = very complex/expensive. (A simpler algorithm scores HIGHER.)
  - maintainability: 10 = easy to read and maintain (clear naming, typing, docs, no duplication, well-structured); 0 = hard to maintain.

First, in 2-4 short sentences per dimension, explain what you observed in THIS code (cite line numbers). Then output the final scores on the LAST line in EXACTLY this format:
SCORES: security=<x.x>, complexity=<x.x>, maintainability=<x.x>

Code:
```python
""""""
Cuthill-McKee ordering of graph nodes to produce sparse matrices
""""""

from collections import deque
from operator import itemgetter

import networkx as nx

from ..utils import arbitrary_element

__all__ = [""cuthill_mckee_ordering"", ""reverse_cuthill_mckee_ordering""]


def cuthill_mckee_ordering(G, heuristic=None):
    """"""Generate an ordering (permutation) of the graph nodes to make
    a sparse matrix.

    Uses the Cuthill-McKee heuristic (based on breadth-first search) [1]_.

    Parameters
    ----------
    G : graph
      A NetworkX graph

    heuristic : function, optional
      Function to choose starting node for RCM algorithm.  If None
      a node from a pseudo-peripheral pair is used.  A user-defined function
      can be supplied that takes a graph object and returns a single node.

    Returns
    -------
    nodes : generator
       Generator of nodes in Cuthill-McKee ordering.

    Examples
    --------
    >>> from networkx.utils import cuthill_mckee_ordering
    >>> G = nx.path_graph(4)
    >>> rcm = list(cuthill_mckee_ordering(G))
    >>> A = nx.adjacency_matrix(G, nodelist=rcm)

    Smallest degree node as heuristic function:

    >>> def smallest_degree(G):
    ...     return min(G, key=G.degree)
    >>> rcm = list(cuthill_mckee_ordering(G, heuristic=smallest_degree))


    See Also
    --------
    reverse_cuthill_mckee_ordering

    Notes
    -----
    The optimal solution the bandwidth reduction is NP-complete [2]_.


    References
    ----------
    .. [1] E. Cuthill and J. McKee.
       Reducing the bandwidth of sparse symmetric matrices,
       In Proc. 24th Nat. Conf. ACM, pages 157-172, 1969.
       http://doi.acm.org/10.1145/800195.805928
    .. [2]  Steven S. Skiena. 1997. The Algorithm Design Manual.
       Springer-Verlag New York, Inc., New York, NY, USA.
    """"""
    for c in nx.connected_components(G):
        yield from connected_cuthill_mckee_ordering(G.subgraph(c), heuristic)


def reverse_cuthill_mckee_ordering(G, heuristic=None):
    """"""Generate an ordering (permutation) of the graph nodes to make
    a sparse matrix.

    Uses the reverse Cuthill-McKee heuristic (based on breadth-first search)
    [1]_.

    Parameters
    ----------
    G : graph
      A NetworkX graph

    heuristic : function, optional
      Function to choose starting node for RCM algorithm.  If None
      a node from a pseudo-peripheral pair is used.  A user-defined function
      can be supplied that takes a graph object and returns a single node.

    Returns
    -------
    nodes : generator
       Generator of nodes in reverse Cuthill-McKee ordering.

    Examples
    --------
    >>> from networkx.utils import reverse_cuthill_mckee_ordering
    >>> G = nx.path_graph(4)
    >>> rcm = list(reverse_cuthill_mckee_ordering(G))
    >>> A = nx.adjacency_matrix(G, nodelist=rcm)

    Smallest degree node as heuristic function:

    >>> def smallest_degree(G):
    ...     return min(G, key=G.degree)
    >>> rcm = list(reverse_cuthill_mckee_ordering(G, heuristic=smallest_degree))


    See Also
    --------
    cuthill_mckee_ordering

    Notes
    -----
    The optimal solution the bandwidth reduction is NP-complete [2]_.

    References
    ----------
    .. [1] E. Cuthill and J. McKee.
       Reducing the bandwidth of sparse symmetric matrices,
       In Proc. 24th Nat. Conf. ACM, pages 157-72, 1969.
       http://doi.acm.org/10.1145/800195.805928
    .. [2]  Steven S. Skiena. 1997. The Algorithm Design Manual.
       Springer-Verlag New York, Inc., New York, NY, USA.
    """"""
    return reversed(list(cuthill_mckee_ordering(G, heuristic=heuristic)))


def connected_cuthill_mckee_ordering(G, heuristic=None):
    # the cuthill mckee algorithm for connected graphs
    if heuristic is None:
        start = pseudo_peripheral_node(G)
    else:
        start = heuristic(G)
    visited = {start}
    queue = deque([start])
    while queue:
        parent = queue.popleft()
        yield parent
        nd = sorted(G.degree(set(G[parent]) - visited), key=itemgetter(1))
        children = [n for n, d in nd]
        visited.update(children)
        queue.extend(children)


def pseudo_peripheral_node(G):
    # helper for cuthill-mckee to find a node in a ""pseudo peripheral pair""
    # to use as good starting node
    u = arbitrary_element(G)
    lp = 0
    v = u
    while True:
        spl = nx.shortest_path_length(G, v)
        l = max(spl.values())
        if l <= lp:
            break
        lp = l
        farthest = (n for n, dist in spl.items() if dist == l)
        v, deg = min(G.degree(farthest), key=itemgetter(1))
    return v

```
"
E0_086,complex_algorithms,Ruba,10.0,9.51,4.63,9.9,8.4,9.1,9.5,8.5,6.5,10.0,10.0,9.5,,"You are a senior software engineer performing an expert code review.

Analyze the following Python code and rate it on three dimensions. For ALL three, the scale is the same: 0 to 10 where 10 is BEST and 0 is WORST. Use one decimal place (e.g. 7.5).
  - security: 10 = no vulnerabilities or unsafe patterns; 0 = severe issues (injection, unsafe deserialization, weak crypto, hardcoded secrets).
  - complexity: 10 = simple and cheap (low time/space cost, low cyclomatic complexity); 0 = very complex/expensive. (A simpler algorithm scores HIGHER.)
  - maintainability: 10 = easy to read and maintain (clear naming, typing, docs, no duplication, well-structured); 0 = hard to maintain.

First, in 2-4 short sentences per dimension, explain what you observed in THIS code (cite line numbers). Then output the final scores on the LAST line in EXACTLY this format:
SCORES: security=<x.x>, complexity=<x.x>, maintainability=<x.x>

Code:
```python
""""""Generators for Harary graphs

This module gives two generators for the Harary graph, which was
introduced by the famous mathematician Frank Harary in his 1962 work [H]_.
The first generator gives the Harary graph that maximizes the node
connectivity with given number of nodes and given number of edges.
The second generator gives the Harary graph that minimizes
the number of edges in the graph with given node connectivity and
number of nodes.

References
----------
.. [H] Harary, F. ""The Maximum Connectivity of a Graph.""
       Proc. Nat. Acad. Sci. USA 48, 1142-1146, 1962.

""""""

import networkx as nx

__all__ = [""hnm_harary_graph"", ""hkn_harary_graph""]


@nx._dispatchable(graphs=None, returns_graph=True)
def hnm_harary_graph(n, m, create_using=None):
    r""""""Return the Harary graph with given numbers of nodes and edges.

    The Harary graph $H_{n, m}$ is the graph that maximizes node connectivity
    with $n$ nodes and $m$ edges.

    This maximum node connectivity is known to be $\lfloor 2m/n \rfloor$. [1]_

    Parameters
    ----------
    n: integer
        The number of nodes the generated graph is to contain.

    m: integer
        The number of edges the generated graph is to contain.

    create_using : NetworkX graph constructor, optional (default=nx.Graph)
        Graph type to create. If graph instance, then cleared before populated.

    Returns
    -------
    NetworkX graph
        The Harary graph $H_{n, m}$.

    See Also
    --------
    hkn_harary_graph

    Notes
    -----
    This algorithm runs in $O(m)$ time.
    The implementation follows [2]_.

    References
    ----------
    .. [1] F. T. Boesch, A. Satyanarayana, and C. L. Suffel,
       ""A Survey of Some Network Reliability Analysis and Synthesis Results,""
       Networks, pp. 99-107, 2009.

    .. [2] Harary, F. ""The Maximum Connectivity of a Graph.""
       Proc. Nat. Acad. Sci. USA 48, 1142-1146, 1962.
    """"""

    if n < 1:
        raise nx.NetworkXError(""The number of nodes must be >= 1!"")
    if m < n - 1:
        raise nx.NetworkXError(""The number of edges must be >= n - 1 !"")
    if m > n * (n - 1) // 2:
        raise nx.NetworkXError(""The number of edges must be <= n(n-1)/2"")

    # Get the floor of average node degree.
    d = 2 * m // n

    offset = d // 2
    H = nx.circulant_graph(n, range(1, offset + 1), create_using=create_using)

    half = n // 2
    if (n % 2 == 0) or (d % 2 == 0):
        # If d is odd; n must be even.
        if d % 2 == 1:
            # Add edges diagonally.
            H.add_edges_from((i, i + half) for i in range(half))

        r = 2 * m % n
        # Add remaining edges at offset + 1.
        H.add_edges_from((i, i + offset + 1) for i in range(r // 2))
    else:
        # Add the remaining m - n * offset edges between i and i + half.
        H.add_edges_from((i, (i + half) % n) for i in range(m - n * offset))

    return H


@nx._dispatchable(graphs=None, returns_graph=True)
def hkn_harary_graph(k, n, create_using=None):
    r""""""Return the Harary graph with given node connectivity and node number.

    The Harary graph $H_{k, n}$ is the graph that minimizes the number of
    edges needed with given node connectivity $k$ and node number $n$.

    This smallest number of edges is known to be $\lceil kn/2 \rceil$ [1]_.

    Parameters
    ----------
    k: integer
        The node connectivity of the generated graph.

    n: integer
        The number of nodes the generated graph is to contain.

    create_using : NetworkX graph constructor, optional (default=nx.Graph)
        Graph type to create. If graph instance, then cleared before populated.

    Returns
    -------
    NetworkX graph
        The Harary graph $H_{k, n}$.

    See Also
    --------
    hnm_harary_graph

    Notes
    -----
    This algorithm runs in $O(kn)$ time.
    The implementation follows [2]_.

    References
    ----------
    .. [1] Weisstein, Eric W. ""Harary Graph."" From MathWorld--A Wolfram Web
     Resource. http://mathworld.wolfram.com/HararyGraph.html.

    .. [2] Harary, F. ""The Maximum Connectivity of a Graph.""
      Proc. Nat. Acad. Sci. USA 48, 1142-1146, 1962.
    """"""

    if k < 1:
        raise nx.NetworkXError(""The node connectivity must be >= 1!"")
    if n < k + 1:
        raise nx.NetworkXError(""The number of nodes must be >= k+1 !"")

    # In case of connectivity 1, simply return the path graph.
    if k == 1:
        return nx.path_graph(n, create_using)

    offset = k // 2
    H = nx.circulant_graph(n, range(1, offset + 1), create_using=create_using)

    half = n // 2
    if (k % 2 == 0) or (n % 2 == 0):
        # If k is odd; n must be even.
        if k % 2 == 1:
            # Add edges diagonally.
            H.add_edges_from((i, i + half) for i in range(half))
    else:
        # Add half + 1 edges between i and i + half.
        H.add_edges_from((i, (i + half) % n) for i in range(half + 1))

    return H

```
"
E0_087,legacy_mixed,Ruba,0.01,7.53,6.1,8.8,8.5,9.2,8.5,8.5,7.0,9.0,10.0,9.5,,"You are a senior software engineer performing an expert code review.

Analyze the following Python code and rate it on three dimensions. For ALL three, the scale is the same: 0 to 10 where 10 is BEST and 0 is WORST. Use one decimal place (e.g. 7.5).
  - security: 10 = no vulnerabilities or unsafe patterns; 0 = severe issues (injection, unsafe deserialization, weak crypto, hardcoded secrets).
  - complexity: 10 = simple and cheap (low time/space cost, low cyclomatic complexity); 0 = very complex/expensive. (A simpler algorithm scores HIGHER.)
  - maintainability: 10 = easy to read and maintain (clear naming, typing, docs, no duplication, well-structured); 0 = hard to maintain.

First, in 2-4 short sentences per dimension, explain what you observed in THIS code (cite line numbers). Then output the final scores on the LAST line in EXACTLY this format:
SCORES: security=<x.x>, complexity=<x.x>, maintainability=<x.x>

Code:
```python
#!/usr/bin/env python3
""""""
Run clang-tidy on Matplotlib's C/C++ and Objective-C sources.

Build directory
---------------
The script uses ``build/clang-tidy/`` as a dedicated meson build directory.
If it does not exist it is created automatically via ``meson setup``
(no compilation takes place).

Prerequisites
-------------
``meson``, ``pybind11``, and ``clang-tidy`` must be available.

Usage
-----
::

    python tools/run_clang_tidy.py
""""""

import re
import subprocess
import sys
from pathlib import Path

_VENDORED_RE = re.compile(r""[\\/](extern|subprojects)[\\/]"")
_DIAG_RE = re.compile(r""\S.*: (?:warning|error):"")


def _filter_clang_tidy_output(text: str) -> str:
    """"""
    Filter clang-tidy output to drop entire diagnostic chains that originate
    in vendored code (``extern/`` or ``subprojects/``).

    clang-tidy output is structured as diagnostic groups: a ``warning:`` or
    ``error:`` line followed by ``note:`` lines and source snippets, until the
    next ``warning:``/``error:`` or end of output.  If the triggering
    diagnostic is in vendored code, the entire group (including notes that
    reference our own ``src/`` files as execution-path context) is dropped.
    """"""
    groups: list[list[str]] = []
    current: list[str] = []

    for line in text.splitlines():
        if _DIAG_RE.match(line):
            if current:
                groups.append(current)
            current = [line]
        else:
            current.append(line)

    if current:
        groups.append(current)

    kept: list[str] = []
    for group in groups:
        header = group[0]
        if _DIAG_RE.match(header) and _VENDORED_RE.search(header):
            continue
        kept.extend(group)

    return ""\n"".join(kept)


def main() -> None:
    repo_root = Path(__file__).resolve().parent.parent
    build_dir = repo_root / ""build"" / ""clang-tidy""

    result = subprocess.run(
        [""meson"", ""setup"", ""--reconfigure"", str(build_dir)],
        cwd=repo_root,
    )
    if result.returncode != 0:
        sys.exit(result.returncode)

    result = subprocess.run(
        [
            ""meson"",
            ""--internal"",
            ""clangtidy"",
            str(repo_root),
            str(build_dir),
            ""--color"",
            ""never"",
        ],
        cwd=build_dir,
        capture_output=True,
        text=True,
    )

    filtered = _filter_clang_tidy_output(result.stdout)
    if filtered:
        print(filtered)
    if result.stderr:
        print(result.stderr, end="""", file=sys.stderr)

    sys.exit(result.returncode)


if __name__ == ""__main__"":
    main()

```
"
E0_088,ml_data_code,Ruba,10.0,9.64,5.45,9.7,7.8,8.8,9.5,8.0,7.0,10.0,9.0,7.5,,"You are a senior software engineer performing an expert code review.

Analyze the following Python code and rate it on three dimensions. For ALL three, the scale is the same: 0 to 10 where 10 is BEST and 0 is WORST. Use one decimal place (e.g. 7.5).
  - security: 10 = no vulnerabilities or unsafe patterns; 0 = severe issues (injection, unsafe deserialization, weak crypto, hardcoded secrets).
  - complexity: 10 = simple and cheap (low time/space cost, low cyclomatic complexity); 0 = very complex/expensive. (A simpler algorithm scores HIGHER.)
  - maintainability: 10 = easy to read and maintain (clear naming, typing, docs, no duplication, well-structured); 0 = hard to maintain.

First, in 2-4 short sentences per dimension, explain what you observed in THIS code (cite line numbers). Then output the final scores on the LAST line in EXACTLY this format:
SCORES: security=<x.x>, complexity=<x.x>, maintainability=<x.x>

Code:
```python
""""""
Missing data handling for arithmetic operations.

In particular, pandas conventions regarding division by zero differ
from numpy in the following ways:
    1) np.array([-1, 0, 1], dtype=dtype1) // np.array([0, 0, 0], dtype=dtype2)
       gives [nan, nan, nan] for most dtype combinations, and [0, 0, 0] for
       the remaining pairs
       (the remaining being dtype1==dtype2==intN and dtype==dtype2==uintN).

       pandas convention is to return [-inf, nan, inf] for all dtype
       combinations.


    2) np.array([-1, 0, 1], dtype=dtype1) % np.array([0, 0, 0], dtype=dtype2)
       gives precisely the same results as the // operation.

       pandas convention is to return [nan, nan, nan] for all dtype
       combinations.

    3) divmod behavior consistent with 1) and 2).
""""""

from __future__ import annotations

import operator

import numpy as np

from pandas.core import roperator


def _fill_zeros(result: np.ndarray, x, y) -> np.ndarray:
    """"""
    If this is a reversed op, then flip x,y

    If we have an integer value (or array in y)
    and we have 0's, fill them with np.nan,
    return the result.

    Mask the nan's from x.
    """"""
    if result.dtype.kind == ""f"":
        return result

    is_variable_type = hasattr(y, ""dtype"")
    is_scalar_type = not isinstance(y, np.ndarray)

    if not is_variable_type and not is_scalar_type:
        # e.g. test_series_ops_name_retention with mod we get here with list/tuple
        return result

    if is_scalar_type:
        y = np.array(y)

    if y.dtype.kind in ""iu"":
        ymask = y == 0
        if ymask.any():
            # GH#7325, mask and nans must be broadcastable
            mask = ymask & ~np.isnan(result)

            # GH#9308 doing ravel on result and mask can improve putmask perf,
            #  but can also make unwanted copies.
            result = result.astype(""float64"", copy=False)

            np.putmask(result, mask, np.nan)

    return result


def mask_zero_div_zero(x, y, result: np.ndarray) -> np.ndarray:
    """"""
    Set results of  0 // 0 to np.nan, regardless of the dtypes
    of the numerator or the denominator.

    Parameters
    ----------
    x : ndarray
    y : ndarray
    result : ndarray

    Returns
    -------
    ndarray
        The filled result.

    Examples
    --------
    >>> x = np.array([1, 0, -1], dtype=np.int64)
    >>> x
    array([ 1,  0, -1])
    >>> y = 0  # int 0; numpy behavior is different with float
    >>> result = x // y
    >>> result  # raw numpy result does not fill division by zero
    array([0, 0, 0])
    >>> mask_zero_div_zero(x, y, result)
    array([ inf,  nan, -inf])
    """"""

    if not hasattr(y, ""dtype""):
        # e.g. scalar, tuple
        y = np.array(y)
    if not hasattr(x, ""dtype""):
        # e.g scalar, tuple
        x = np.array(x)

    zmask = y == 0

    if zmask.any():
        # Flip sign if necessary for -0.0
        zneg_mask = zmask & np.signbit(y)
        zpos_mask = zmask & ~zneg_mask

        x_lt0 = x < 0
        x_gt0 = x > 0
        nan_mask = zmask & (x == 0)
        neginf_mask = (zpos_mask & x_lt0) | (zneg_mask & x_gt0)
        posinf_mask = (zpos_mask & x_gt0) | (zneg_mask & x_lt0)

        if nan_mask.any() or neginf_mask.any() or posinf_mask.any():
            # Fill negative/0 with -inf, positive/0 with +inf, 0/0 with NaN
            result = result.astype(""float64"", copy=False)

            result[nan_mask] = np.nan
            result[posinf_mask] = np.inf
            result[neginf_mask] = -np.inf

    return result


def dispatch_fill_zeros(op, left, right, result):
    """"""
    Call _fill_zeros with the appropriate fill value depending on the operation,
    with special logic for divmod and rdivmod.

    Parameters
    ----------
    op : function (operator.add, operator.div, ...)
    left : object (np.ndarray for non-reversed ops)
        We have excluded ExtensionArrays here
    right : object (np.ndarray for reversed ops)
        We have excluded ExtensionArrays here
    result : ndarray

    Returns
    -------
    result : np.ndarray

    Notes
    -----
    For divmod and rdivmod, the `result` parameter and returned `result`
    is a 2-tuple of ndarray objects.
    """"""
    if op is divmod:
        result = (
            mask_zero_div_zero(left, right, result[0]),
            _fill_zeros(result[1], left, right),
        )
    elif op is roperator.rdivmod:
        result = (
            mask_zero_div_zero(right, left, result[0]),
            _fill_zeros(result[1], right, left),
        )
    elif op is operator.floordiv:
        # Note: no need to do this for truediv; numpy behaves the way
        #  we want.
        result = mask_zero_div_zero(left, right, result)
    elif op is roperator.rfloordiv:
        # Note: no need to do this for rtruediv; numpy behaves the wayS
        #  we want.
        result = mask_zero_div_zero(right, left, result)
    elif op is operator.mod:
        result = _fill_zeros(result, left, right)
    elif op is roperator.rmod:
        result = _fill_zeros(result, right, left)
    return result

```
"
E0_089,legacy_mixed,Ruba,10.0,8.21,6.26,9.7,7.8,8.8,7.5,9.5,6.0,10.0,10.0,10.0,,"You are a senior software engineer performing an expert code review.

Analyze the following Python code and rate it on three dimensions. For ALL three, the scale is the same: 0 to 10 where 10 is BEST and 0 is WORST. Use one decimal place (e.g. 7.5).
  - security: 10 = no vulnerabilities or unsafe patterns; 0 = severe issues (injection, unsafe deserialization, weak crypto, hardcoded secrets).
  - complexity: 10 = simple and cheap (low time/space cost, low cyclomatic complexity); 0 = very complex/expensive. (A simpler algorithm scores HIGHER.)
  - maintainability: 10 = easy to read and maintain (clear naming, typing, docs, no duplication, well-structured); 0 = hard to maintain.

First, in 2-4 short sentences per dimension, explain what you observed in THIS code (cite line numbers). Then output the final scores on the LAST line in EXACTLY this format:
SCORES: security=<x.x>, complexity=<x.x>, maintainability=<x.x>

Code:
```python
""""""The ``celery list bindings`` command, used to inspect queue bindings.""""""
import click

from celery.bin.base import CeleryCommand, handle_preload_options


@click.group(name=""list"")
@click.pass_context
@handle_preload_options
def list_(ctx):
    """"""Get info from broker.

    Note:

        For RabbitMQ the management plugin is required.
    """"""


@list_.command(cls=CeleryCommand)
@click.pass_context
def bindings(ctx):
    """"""Inspect queue bindings.""""""
    # TODO: Consider using a table formatter for this command.
    app = ctx.obj.app
    with app.connection() as conn:
        app.amqp.TaskConsumer(conn).declare()

        try:
            bindings = conn.manager.get_bindings()
        except NotImplementedError:
            raise click.UsageError('Your transport cannot list bindings.')

        def fmt(q, e, r):
            ctx.obj.echo(f'{q:<28} {e:<28} {r}')
        fmt('Queue', 'Exchange', 'Routing Key')
        fmt('-' * 16, '-' * 16, '-' * 16)
        for b in bindings:
            fmt(b['destination'], b['source'], b['routing_key'])

```
"
E0_090,security_sensitive,Ruba,10.0,9.61,5.18,,,,,,,,,,,"You are a senior software engineer performing an expert code review.

Analyze the following Python code and rate it on three dimensions. For ALL three, the scale is the same: 0 to 10 where 10 is BEST and 0 is WORST. Use one decimal place (e.g. 7.5).
  - security: 10 = no vulnerabilities or unsafe patterns; 0 = severe issues (injection, unsafe deserialization, weak crypto, hardcoded secrets).
  - complexity: 10 = simple and cheap (low time/space cost, low cyclomatic complexity); 0 = very complex/expensive. (A simpler algorithm scores HIGHER.)
  - maintainability: 10 = easy to read and maintain (clear naming, typing, docs, no duplication, well-structured); 0 = hard to maintain.

First, in 2-4 short sentences per dimension, explain what you observed in THIS code (cite line numbers). Then output the final scores on the LAST line in EXACTLY this format:
SCORES: security=<x.x>, complexity=<x.x>, maintainability=<x.x>

Code:
```python
from urllib.parse import parse_qsl, unquote, urlsplit, urlunsplit

from django import template
from django.contrib.admin.utils import quote
from django.urls import Resolver404, get_script_prefix, resolve
from django.utils.http import urlencode

register = template.Library()


@register.filter
def admin_urlname(value, arg):
    return ""admin:%s_%s_%s"" % (value.app_label, value.model_name, arg)


@register.filter
def admin_urlquote(value):
    return quote(value)


@register.simple_tag(takes_context=True)
def add_preserved_filters(context, url, popup=False, to_field=None):
    opts = context.get(""opts"")
    preserved_filters = context.get(""preserved_filters"")
    preserved_qsl = context.get(""preserved_qsl"")

    parsed_url = list(urlsplit(url))
    parsed_qs = dict(parse_qsl(parsed_url[3]))
    merged_qs = {}

    if preserved_qsl:
        merged_qs.update(preserved_qsl)

    if opts and preserved_filters:
        preserved_filters = dict(parse_qsl(preserved_filters))

        match_url = ""/%s"" % unquote(url).partition(get_script_prefix())[2]
        try:
            match = resolve(match_url)
        except Resolver404:
            pass
        else:
            current_url = ""%s:%s"" % (match.app_name, match.url_name)
            changelist_url = ""admin:%s_%s_changelist"" % (
                opts.app_label,
                opts.model_name,
            )
            if (
                changelist_url == current_url
                and ""_changelist_filters"" in preserved_filters
            ):
                preserved_filters = dict(
                    parse_qsl(preserved_filters[""_changelist_filters""])
                )

        merged_qs.update(preserved_filters)

    if popup:
        from django.contrib.admin.options import IS_POPUP_VAR

        merged_qs[IS_POPUP_VAR] = 1
    if to_field:
        from django.contrib.admin.options import TO_FIELD_VAR

        merged_qs[TO_FIELD_VAR] = to_field

    merged_qs.update(parsed_qs)

    parsed_url[3] = urlencode(merged_qs)
    return urlunsplit(parsed_url)

```
"
E0_091,security_sensitive,Huda,10.0,9.82,5.64,8.5,9.5,8.8,7.0,9.0,7.5,8.5,9.5,9.8,,"You are a senior software engineer performing an expert code review.

Analyze the following Python code and rate it on three dimensions. For ALL three, the scale is the same: 0 to 10 where 10 is BEST and 0 is WORST. Use one decimal place (e.g. 7.5).
  - security: 10 = no vulnerabilities or unsafe patterns; 0 = severe issues (injection, unsafe deserialization, weak crypto, hardcoded secrets).
  - complexity: 10 = simple and cheap (low time/space cost, low cyclomatic complexity); 0 = very complex/expensive. (A simpler algorithm scores HIGHER.)
  - maintainability: 10 = easy to read and maintain (clear naming, typing, docs, no duplication, well-structured); 0 = hard to maintain.

First, in 2-4 short sentences per dimension, explain what you observed in THIS code (cite line numbers). Then output the final scores on the LAST line in EXACTLY this format:
SCORES: security=<x.x>, complexity=<x.x>, maintainability=<x.x>

Code:
```python
""""""
Django's standard crypto functions and utilities.
""""""

import hashlib
import hmac
import secrets
import warnings

from django.conf import settings
from django.utils.deprecation import RemovedInDjango70Warning, django_file_prefixes
from django.utils.encoding import force_bytes


class InvalidAlgorithm(ValueError):
    """"""Algorithm is not supported by hashlib.""""""

    pass


# RemovedInDjango70Warning: algorithm=""sha256""
def salted_hmac(key_salt, value, secret=None, *, algorithm=None):
    """"""
    Return the HMAC of 'value', using a key generated from key_salt and a
    secret (which defaults to settings.SECRET_KEY). Default algorithm is SHA1,
    but any algorithm name supported by hashlib can be passed.

    Removed in Django70Warning: The default algorithm will change to SHA256
    in Django 7.0, so provide an explicit algorithm to silence the warning.

    A different key_salt should be passed in for every application of HMAC.
    """"""
    if algorithm is None:
        warnings.warn(
            ""The default argument for algorithm in salted_hmac() will change ""
            ""from 'sha1' to 'sha256' in Django 7.0. Pass an explicit ""
            ""algorithm to silence this warning."",
            category=RemovedInDjango70Warning,
            skip_file_prefixes=django_file_prefixes(),
        )
        algorithm = ""sha1""
    if secret is None:
        secret = settings.SECRET_KEY

    key_salt = force_bytes(key_salt)
    secret = force_bytes(secret)
    try:
        hasher = getattr(hashlib, algorithm)
    except AttributeError as e:
        raise InvalidAlgorithm(
            ""%r is not an algorithm accepted by the hashlib module."" % algorithm
        ) from e
    # We need to generate a derived key from our base key. We can do this by
    # passing the key_salt and our base key through a pseudo-random function.
    key = hasher(key_salt + secret).digest()
    # If len(key_salt + secret) > block size of the hash algorithm, the above
    # line is redundant and could be replaced by key = key_salt + secret, since
    # the hmac module does the same thing for keys longer than the block size.
    # However, we need to ensure that we *always* do this.
    return hmac.new(key, msg=force_bytes(value), digestmod=hasher)


RANDOM_STRING_CHARS = ""abcdefghijklmnopqrstuvwxyzABCDEFGHIJKLMNOPQRSTUVWXYZ0123456789""


def get_random_string(length, allowed_chars=RANDOM_STRING_CHARS):
    """"""
    Return a securely generated random string.

    The bit length of the returned value can be calculated with the formula:
        log_2(len(allowed_chars)^length)

    For example, with default `allowed_chars` (26+26+10), this gives:
      * length: 12, bit length =~ 71 bits
      * length: 22, bit length =~ 131 bits
    """"""
    return """".join(secrets.choice(allowed_chars) for i in range(length))


def constant_time_compare(val1, val2):
    """"""Return True if the two strings are equal, False otherwise.""""""
    return secrets.compare_digest(force_bytes(val1), force_bytes(val2))


def pbkdf2(password, salt, iterations, dklen=0, digest=None):
    """"""Return the hash of password using pbkdf2.""""""
    if digest is None:
        digest = hashlib.sha256
    dklen = dklen or None
    password = force_bytes(password)
    salt = force_bytes(salt)
    return hashlib.pbkdf2_hmac(digest().name, password, salt, iterations, dklen)

```
"
E0_092,legacy_mixed,Huda,1.17,9.86,04.06,9.0,8.5,8.0,9.5,8.5,6.5,9.0,8.5,6.5,,"You are a senior software engineer performing an expert code review.

Analyze the following Python code and rate it on three dimensions. For ALL three, the scale is the same: 0 to 10 where 10 is BEST and 0 is WORST. Use one decimal place (e.g. 7.5).
  - security: 10 = no vulnerabilities or unsafe patterns; 0 = severe issues (injection, unsafe deserialization, weak crypto, hardcoded secrets).
  - complexity: 10 = simple and cheap (low time/space cost, low cyclomatic complexity); 0 = very complex/expensive. (A simpler algorithm scores HIGHER.)
  - maintainability: 10 = easy to read and maintain (clear naming, typing, docs, no duplication, well-structured); 0 = hard to maintain.

First, in 2-4 short sentences per dimension, explain what you observed in THIS code (cite line numbers). Then output the final scores on the LAST line in EXACTLY this format:
SCORES: security=<x.x>, complexity=<x.x>, maintainability=<x.x>

Code:
```python
import gc
import sys
import time

from celery.utils.dispatch import Signal

if sys.platform.startswith('java'):

    def garbage_collect():
        # Some JVM GCs will execute finalizers in a different thread, meaning
        # we need to wait for that to complete before we go on looking for the
        # effects of that.
        gc.collect()
        time.sleep(0.1)

elif hasattr(sys, 'pypy_version_info'):

    def garbage_collect():
        # Collecting weakreferences can take two collections on PyPy.
        gc.collect()
        gc.collect()
else:

    def garbage_collect():
        gc.collect()


def receiver_1_arg(val, **kwargs):
    return val


class Callable:

    def __call__(self, val, **kwargs):
        return val

    def a(self, val, **kwargs):
        return val


a_signal = Signal(providing_args=['val'], use_caching=False)


class test_Signal:
    """"""Test suite for dispatcher (barely started)""""""

    def _testIsClean(self, signal):
        """"""Assert that everything has been cleaned up automatically""""""
        assert not signal.has_listeners()
        assert signal.receivers == []

    def test_exact(self):
        a_signal.connect(receiver_1_arg, sender=self)
        try:
            expected = [(receiver_1_arg, 'test')]
            result = a_signal.send(sender=self, val='test')
            assert result == expected
        finally:
            a_signal.disconnect(receiver_1_arg, sender=self)
        self._testIsClean(a_signal)

    def test_ignored_sender(self):
        a_signal.connect(receiver_1_arg)
        try:
            expected = [(receiver_1_arg, 'test')]
            result = a_signal.send(sender=self, val='test')
            assert result == expected
        finally:
            a_signal.disconnect(receiver_1_arg)
        self._testIsClean(a_signal)

    def test_garbage_collected(self):
        a = Callable()
        a_signal.connect(a.a, sender=self)
        expected = []
        del a
        garbage_collect()
        result = a_signal.send(sender=self, val='test')
        assert result == expected
        self._testIsClean(a_signal)

    def test_multiple_registration(self):
        a = Callable()
        result = None
        try:
            a_signal.connect(a)
            a_signal.connect(a)
            a_signal.connect(a)
            a_signal.connect(a)
            a_signal.connect(a)
            a_signal.connect(a)
            result = a_signal.send(sender=self, val='test')
            assert len(result) == 1
            assert len(a_signal.receivers) == 1
        finally:
            del a
            del result
            garbage_collect()
            self._testIsClean(a_signal)

    def test_uid_registration(self):

        def uid_based_receiver_1(**kwargs):
            pass

        def uid_based_receiver_2(**kwargs):
            pass

        a_signal.connect(uid_based_receiver_1, dispatch_uid='uid')
        try:
            a_signal.connect(uid_based_receiver_2, dispatch_uid='uid')
            assert len(a_signal.receivers) == 1
        finally:
            a_signal.disconnect(dispatch_uid='uid')
        self._testIsClean(a_signal)

    def test_robust(self):

        def fails(val, **kwargs):
            raise ValueError('this')

        a_signal.connect(fails)
        try:
            a_signal.send(sender=self, val='test')
        finally:
            a_signal.disconnect(fails)
        self._testIsClean(a_signal)

    def test_disconnection(self):
        receiver_1 = Callable()
        receiver_2 = Callable()
        receiver_3 = Callable()
        try:
            try:
                a_signal.connect(receiver_1)
                a_signal.connect(receiver_2)
                a_signal.connect(receiver_3)
            finally:
                a_signal.disconnect(receiver_1)
            del receiver_2
            garbage_collect()
        finally:
            a_signal.disconnect(receiver_3)
        self._testIsClean(a_signal)

    def test_retry(self):

        class non_local:
            counter = 1

        def succeeds_eventually(val, **kwargs):
            non_local.counter += 1
            if non_local.counter < 3:
                raise ValueError('this')

            return val

        a_signal.connect(succeeds_eventually, sender=self, retry=True)
        try:
            result = a_signal.send(sender=self, val='test')
            assert non_local.counter == 3
            assert result[0][1] == 'test'
        finally:
            a_signal.disconnect(succeeds_eventually, sender=self)
        self._testIsClean(a_signal)

    def test_retry_with_dispatch_uid(self):
        uid = 'abc123'
        a_signal.connect(receiver_1_arg, sender=self, retry=True,
                         dispatch_uid=uid)
        assert a_signal.receivers[0][0][0] == uid
        a_signal.disconnect(receiver_1_arg, sender=self, dispatch_uid=uid)
        self._testIsClean(a_signal)

    def test_boundmethod(self):
        a = Callable()
        a_signal.connect(a.a, sender=self)
        expected = [(a.a, 'test')]
        garbage_collect()
        result = a_signal.send(sender=self, val='test')
        assert result == expected
        del a, result, expected
        garbage_collect()
        self._testIsClean(a_signal)

    def test_disconnect_retryable_decorator(self):
        # Regression test for https://github.com/celery/celery/issues/9119

        @a_signal.connect(sender=self, retry=True)
        def succeeds_eventually(val, **kwargs):
            return val

        try:
            a_signal.send(sender=self, val='test')
        finally:
            a_signal.disconnect(succeeds_eventually, sender=self)
        self._testIsClean(a_signal)

```
"
E0_093,ml_data_code,Huda,10.0,9.65,5.95,9.5,7.8,8.7,9.5,6.5,6.5,9.5,9.0,8.8,,"You are a senior software engineer performing an expert code review.

Analyze the following Python code and rate it on three dimensions. For ALL three, the scale is the same: 0 to 10 where 10 is BEST and 0 is WORST. Use one decimal place (e.g. 7.5).
  - security: 10 = no vulnerabilities or unsafe patterns; 0 = severe issues (injection, unsafe deserialization, weak crypto, hardcoded secrets).
  - complexity: 10 = simple and cheap (low time/space cost, low cyclomatic complexity); 0 = very complex/expensive. (A simpler algorithm scores HIGHER.)
  - maintainability: 10 = easy to read and maintain (clear naming, typing, docs, no duplication, well-structured); 0 = hard to maintain.

First, in 2-4 short sentences per dimension, explain what you observed in THIS code (cite line numbers). Then output the final scores on the LAST line in EXACTLY this format:
SCORES: security=<x.x>, complexity=<x.x>, maintainability=<x.x>

Code:
```python
""""""
EA-compatible analogue to np.putmask
""""""

from __future__ import annotations

from typing import (
    TYPE_CHECKING,
    Any,
)

import numpy as np

from pandas._libs import lib

from pandas.core.dtypes.cast import infer_dtype_from
from pandas.core.dtypes.common import is_list_like

from pandas.core.arrays import ExtensionArray

if TYPE_CHECKING:
    from pandas._typing import (
        ArrayLike,
        npt,
    )

    from pandas import MultiIndex


def putmask_inplace(values: ArrayLike, mask: npt.NDArray[np.bool_], value: Any) -> None:
    """"""
    ExtensionArray-compatible implementation of np.putmask.  The main
    difference is we do not handle repeating or truncating like numpy.

    Parameters
    ----------
    values: np.ndarray or ExtensionArray
    mask : np.ndarray[bool]
        We assume extract_bool_array has already been called.
    value : Any
    """"""

    if (
        not isinstance(values, np.ndarray)
        or (values.dtype == object and not lib.is_scalar(value))
        # GH#43424: np.putmask raises TypeError if we cannot cast between types with
        # rule = ""safe"", a stricter guarantee we may not have here
        or (
            isinstance(value, np.ndarray) and not np.can_cast(value.dtype, values.dtype)
        )
    ):
        # GH#19266 using np.putmask gives unexpected results with listlike value
        #  along with object dtype
        if is_list_like(value) and len(value) == len(values):
            values[mask] = value[mask]
        else:
            values[mask] = value
    else:
        # GH#37833 np.putmask is more performant than __setitem__
        np.putmask(values, mask, value)


def putmask_without_repeat(
    values: np.ndarray, mask: npt.NDArray[np.bool_], new: Any
) -> None:
    """"""
    np.putmask will truncate or repeat if `new` is a listlike with
    len(new) != len(values).  We require an exact match.

    Parameters
    ----------
    values : np.ndarray
    mask : np.ndarray[bool]
    new : Any
    """"""
    if getattr(new, ""ndim"", 0) >= 1:
        new = new.astype(values.dtype, copy=False)

    # TODO: this prob needs some better checking for 2D cases
    nlocs = mask.sum()
    if nlocs > 0 and is_list_like(new) and getattr(new, ""ndim"", 1) == 1:
        shape = np.shape(new)
        # np.shape compat for if setitem_datetimelike_compat
        #  changed arraylike to list e.g. test_where_dt64_2d
        if nlocs == shape[-1]:
            # GH#30567
            # If length of ``new`` is less than the length of ``values``,
            # `np.putmask` would first repeat the ``new`` array and then
            # assign the masked values hence produces incorrect result.
            # `np.place` on the other hand uses the ``new`` values at it is
            # to place in the masked locations of ``values``
            np.place(values, mask, new)
            # i.e. values[mask] = new
        elif mask.shape[-1] == shape[-1] or shape[-1] == 1:
            np.putmask(values, mask, new)
        else:
            raise ValueError(""cannot assign mismatch length to masked array"")
    else:
        np.putmask(values, mask, new)


def validate_putmask(
    values: ArrayLike | MultiIndex, mask: np.ndarray
) -> tuple[npt.NDArray[np.bool_], bool]:
    """"""
    Validate mask and check if this putmask operation is a no-op.
    """"""
    mask = extract_bool_array(mask)
    if mask.shape != values.shape:
        raise ValueError(""putmask: mask and data must be the same size"")

    noop = not mask.any()
    return mask, noop


def extract_bool_array(mask: ArrayLike) -> npt.NDArray[np.bool_]:
    """"""
    If we have a SparseArray or BooleanArray, convert it to ndarray[bool].
    """"""
    if isinstance(mask, ExtensionArray):
        # We could have BooleanArray, Sparse[bool], ...
        #  Except for BooleanArray, this is equivalent to just
        #  np.asarray(mask, dtype=bool)
        mask = mask.to_numpy(dtype=bool, na_value=False)

    mask = np.asarray(mask, dtype=bool)
    return mask


def setitem_datetimelike_compat(values: np.ndarray, num_set: int, other: Any) -> Any:
    """"""
    Parameters
    ----------
    values : np.ndarray
    num_set : int
        For putmask, this is mask.sum()
    other : Any
    """"""
    if values.dtype == object:
        dtype, _ = infer_dtype_from(other)

        if lib.is_np_dtype(dtype, ""mM""):
            # https://github.com/numpy/numpy/issues/12550
            #  timedelta64 will incorrectly cast to int
            if not is_list_like(other):
                other = [other] * num_set
            else:
                other = list(other)

    return other

```
"
E0_094,complex_algorithms,Huda,10.0,9.47,4.63,9.8,9.2,9.5,9.5,8.5,8.5,10.0,9.5,9.2,,"You are a senior software engineer performing an expert code review.

Analyze the following Python code and rate it on three dimensions. For ALL three, the scale is the same: 0 to 10 where 10 is BEST and 0 is WORST. Use one decimal place (e.g. 7.5).
  - security: 10 = no vulnerabilities or unsafe patterns; 0 = severe issues (injection, unsafe deserialization, weak crypto, hardcoded secrets).
  - complexity: 10 = simple and cheap (low time/space cost, low cyclomatic complexity); 0 = very complex/expensive. (A simpler algorithm scores HIGHER.)
  - maintainability: 10 = easy to read and maintain (clear naming, typing, docs, no duplication, well-structured); 0 = hard to maintain.

First, in 2-4 short sentences per dimension, explain what you observed in THIS code (cite line numbers). Then output the final scores on the LAST line in EXACTLY this format:
SCORES: security=<x.x>, complexity=<x.x>, maintainability=<x.x>

Code:
```python
""""""Routines to find the boundary of a set of nodes.

An edge boundary is a set of edges, each of which has exactly one
endpoint in a given set of nodes (or, in the case of directed graphs,
the set of edges whose source node is in the set).

A node boundary of a set *S* of nodes is the set of (out-)neighbors of
nodes in *S* that are outside *S*.

""""""

from itertools import chain

import networkx as nx

__all__ = [""edge_boundary"", ""node_boundary""]


@nx._dispatchable(edge_attrs={""data"": ""default""}, preserve_edge_attrs=""data"")
def edge_boundary(G, nbunch1, nbunch2=None, data=False, keys=False, default=None):
    """"""Returns the edge boundary of `nbunch1`.

    The *edge boundary* of a set *S* with respect to a set *T* is the
    set of edges (*u*, *v*) such that *u* is in *S* and *v* is in *T*.
    If *T* is not specified, it is assumed to be the set of all nodes
    not in *S*.

    Parameters
    ----------
    G : NetworkX graph

    nbunch1 : iterable
        Iterable of nodes in the graph representing the set of nodes
        whose edge boundary will be returned. (This is the set *S* from
        the definition above.)

    nbunch2 : iterable
        Iterable of nodes representing the target (or ""exterior"") set of
        nodes. (This is the set *T* from the definition above.) If not
        specified, this is assumed to be the set of all nodes in `G`
        not in `nbunch1`.

    keys : bool
        This parameter has the same meaning as in
        :meth:`MultiGraph.edges`.

    data : bool or object
        This parameter has the same meaning as in
        :meth:`MultiGraph.edges`.

    default : object
        This parameter has the same meaning as in
        :meth:`MultiGraph.edges`.

    Returns
    -------
    iterator
        An iterator over the edges in the boundary of `nbunch1` with
        respect to `nbunch2`. If `keys`, `data`, or `default`
        are specified and `G` is a multigraph, then edges are returned
        with keys and/or data, as in :meth:`MultiGraph.edges`.

    Examples
    --------
    >>> G = nx.wheel_graph(6)

    When nbunch2=None:

    >>> list(nx.edge_boundary(G, (1, 3)))
    [(1, 0), (1, 2), (1, 5), (3, 0), (3, 2), (3, 4)]

    When nbunch2 is given:

    >>> list(nx.edge_boundary(G, (1, 3), (2, 0)))
    [(1, 0), (1, 2), (3, 0), (3, 2)]

    Notes
    -----
    Any element of `nbunch` that is not in the graph `G` will be
    ignored.

    `nbunch1` and `nbunch2` are usually meant to be disjoint, but in
    the interest of speed and generality, that is not required here.

    """"""
    nset1 = {n for n in nbunch1 if n in G}
    # Here we create an iterator over edges incident to nodes in the set
    # `nset1`. The `Graph.edges()` method does not provide a guarantee
    # on the orientation of the edges, so our algorithm below must
    # handle the case in which exactly one orientation, either (u, v) or
    # (v, u), appears in this iterable.
    if G.is_multigraph():
        edges = G.edges(nset1, data=data, keys=keys, default=default)
    else:
        edges = G.edges(nset1, data=data, default=default)
    # If `nbunch2` is not provided, then it is assumed to be the set
    # complement of `nbunch1`. For the sake of efficiency, this is
    # implemented by using the `not in` operator, instead of by creating
    # an additional set and using the `in` operator.
    if nbunch2 is None:
        return (e for e in edges if (e[0] in nset1) ^ (e[1] in nset1))
    nset2 = set(nbunch2)
    return (
        e
        for e in edges
        if (e[0] in nset1 and e[1] in nset2) or (e[1] in nset1 and e[0] in nset2)
    )


@nx._dispatchable
def node_boundary(G, nbunch1, nbunch2=None):
    """"""Returns the node boundary of `nbunch1`.

    The *node boundary* of a set *S* with respect to a set *T* is the
    set of nodes *v* in *T* such that for some *u* in *S*, there is an
    edge joining *u* to *v*. If *T* is not specified, it is assumed to
    be the set of all nodes not in *S*.

    Parameters
    ----------
    G : NetworkX graph

    nbunch1 : iterable
        Iterable of nodes in the graph representing the set of nodes
        whose node boundary will be returned. (This is the set *S* from
        the definition above.)

    nbunch2 : iterable
        Iterable of nodes representing the target (or ""exterior"") set of
        nodes. (This is the set *T* from the definition above.) If not
        specified, this is assumed to be the set of all nodes in `G`
        not in `nbunch1`.

    Returns
    -------
    set
        The node boundary of `nbunch1` with respect to `nbunch2`.

    Examples
    --------
    >>> G = nx.wheel_graph(6)

    When nbunch2=None:

    >>> list(nx.node_boundary(G, (3, 4)))
    [0, 2, 5]

    When nbunch2 is given:

    >>> list(nx.node_boundary(G, (3, 4), (0, 1, 5)))
    [0, 5]

    Notes
    -----
    Any element of `nbunch` that is not in the graph `G` will be
    ignored.

    `nbunch1` and `nbunch2` are usually meant to be disjoint, but in
    the interest of speed and generality, that is not required here.

    """"""
    nset1 = {n for n in nbunch1 if n in G}
    bdy = set(chain.from_iterable(G[v] for v in nset1)) - nset1
    # If `nbunch2` is not specified, it is assumed to be the set
    # complement of `nbunch1`.
    if nbunch2 is not None:
        bdy &= set(nbunch2)
    return bdy

```
"
E0_095,ml_data_code,Huda,10.0,9.89,7.48,10.0,10.0,8.5,9.5,9.5,7.5,10.0,10.0,8.5,,"You are a senior software engineer performing an expert code review.

Analyze the following Python code and rate it on three dimensions. For ALL three, the scale is the same: 0 to 10 where 10 is BEST and 0 is WORST. Use one decimal place (e.g. 7.5).
  - security: 10 = no vulnerabilities or unsafe patterns; 0 = severe issues (injection, unsafe deserialization, weak crypto, hardcoded secrets).
  - complexity: 10 = simple and cheap (low time/space cost, low cyclomatic complexity); 0 = very complex/expensive. (A simpler algorithm scores HIGHER.)
  - maintainability: 10 = easy to read and maintain (clear naming, typing, docs, no duplication, well-structured); 0 = hard to maintain.

First, in 2-4 short sentences per dimension, explain what you observed in THIS code (cite line numbers). Then output the final scores on the LAST line in EXACTLY this format:
SCORES: security=<x.x>, complexity=<x.x>, maintainability=<x.x>

Code:
```python
""""""
Helpers for sharing tests between DataFrame/Series
""""""

from __future__ import annotations

from typing import TYPE_CHECKING

from pandas import DataFrame

if TYPE_CHECKING:
    from pandas._typing import DtypeObj

    from pandas import Series


def get_dtype(obj: DataFrame | Series) -> DtypeObj:
    if isinstance(obj, DataFrame):
        # Note: we are assuming only one column
        return obj.dtypes.iat[0]
    else:
        return obj.dtype


def get_obj(df: DataFrame, klass: type) -> DataFrame | Series:
    """"""
    For sharing tests using frame_or_series, either return the DataFrame
    unchanged or return its first column as a Series.
    """"""
    if klass is DataFrame:
        return df
    return df._ixs(0, axis=1)

```
"
E0_096,security_sensitive,Huda,10.0,8.24,4.9,8.7,7.9,7.8,7.0,7.5,6.5,9.0,7.8,8.5,,"You are a senior software engineer performing an expert code review.

Analyze the following Python code and rate it on three dimensions. For ALL three, the scale is the same: 0 to 10 where 10 is BEST and 0 is WORST. Use one decimal place (e.g. 7.5).
  - security: 10 = no vulnerabilities or unsafe patterns; 0 = severe issues (injection, unsafe deserialization, weak crypto, hardcoded secrets).
  - complexity: 10 = simple and cheap (low time/space cost, low cyclomatic complexity); 0 = very complex/expensive. (A simpler algorithm scores HIGHER.)
  - maintainability: 10 = easy to read and maintain (clear naming, typing, docs, no duplication, well-structured); 0 = hard to maintain.

First, in 2-4 short sentences per dimension, explain what you observed in THIS code (cite line numbers). Then output the final scores on the LAST line in EXACTLY this format:
SCORES: security=<x.x>, complexity=<x.x>, maintainability=<x.x>

Code:
```python
import functools
import inspect
import threading
from contextlib import contextmanager

from django.utils.version import PY314, PY315

if PY314:
    import annotationlib

    if not PY315:
        lock = threading.Lock()
        safe_signature_from_callable = functools.partial(
            inspect._signature_from_callable,
            annotation_format=annotationlib.Format.FORWARDREF,
        )


@functools.lru_cache(maxsize=512)
def _get_func_parameters(func, remove_first):
    parameters = tuple(signature(func).parameters.values())
    if remove_first:
        parameters = parameters[1:]
    return parameters


def _get_callable_parameters(meth_or_func):
    is_method = inspect.ismethod(meth_or_func)
    func = meth_or_func.__func__ if is_method else meth_or_func
    return _get_func_parameters(func, remove_first=is_method)


ARG_KINDS = frozenset(
    {
        inspect.Parameter.POSITIONAL_ONLY,
        inspect.Parameter.KEYWORD_ONLY,
        inspect.Parameter.POSITIONAL_OR_KEYWORD,
    }
)


def get_func_args(func):
    params = _get_callable_parameters(func)
    return [param.name for param in params if param.kind in ARG_KINDS]


def get_func_full_args(func):
    """"""
    Return a list of (argument name, default value) tuples. If the argument
    does not have a default value, omit it in the tuple. Arguments such as
    *args and **kwargs are also included.
    """"""
    params = _get_callable_parameters(func)
    args = []
    for param in params:
        name = param.name
        # Ignore 'self'
        if name == ""self"":
            continue
        if param.kind == inspect.Parameter.VAR_POSITIONAL:
            name = ""*"" + name
        elif param.kind == inspect.Parameter.VAR_KEYWORD:
            name = ""**"" + name
        if param.default != inspect.Parameter.empty:
            args.append((name, param.default))
        else:
            args.append((name,))
    return args


def func_accepts_kwargs(func):
    """"""Return True if function 'func' accepts keyword arguments **kwargs.""""""
    return any(p for p in _get_callable_parameters(func) if p.kind == p.VAR_KEYWORD)


def func_accepts_var_args(func):
    """"""
    Return True if function 'func' accepts positional arguments *args.
    """"""
    return any(p for p in _get_callable_parameters(func) if p.kind == p.VAR_POSITIONAL)


def method_has_no_args(meth):
    """"""Return True if a method only accepts 'self'.""""""
    count = len([p for p in _get_callable_parameters(meth) if p.kind in ARG_KINDS])
    return count == 0 if inspect.ismethod(meth) else count == 1


def func_supports_parameter(func, name):
    return any(param.name == name for param in _get_callable_parameters(func))


def is_module_level_function(func):
    if not inspect.isfunction(func) or inspect.isbuiltin(func):
        return False

    if ""<locals>"" in func.__qualname__:
        return False

    return True


@contextmanager
def lazy_annotations():
    """"""
    inspect.getfullargspec eagerly evaluates type annotations. To add
    compatibility with Python 3.14+ deferred evaluation, patch the module-level
    helper to provide the annotation_format that we are using elsewhere.

    This private helper should only be used for Python 3.14, as
    https://github.com/python/cpython/issues/141560 was fixed in 3.15.

    This context manager is not reentrant.
    """"""
    if PY315 or not PY314:
        yield
        return
    with lock:
        original_helper = inspect._signature_from_callable
        inspect._signature_from_callable = safe_signature_from_callable
        try:
            yield
        finally:
            inspect._signature_from_callable = original_helper


def getfullargspec(*args, annotation_format=None, **kwargs):
    """"""
    A wrapper around inspect.getfullargspec that leaves deferred annotations
    unevaluated on Python 3.14+, since they are not used in our case.
    """"""
    if PY315:
        return inspect.getfullargspec(
            *args, **kwargs, annotation_format=annotationlib.Format.FORWARDREF
        )
    if PY314:
        with lazy_annotations():
            return inspect.getfullargspec(*args, **kwargs)
    else:
        return inspect.getfullargspec(*args, **kwargs)


def signature(obj):
    """"""
    A wrapper around inspect.signature that leaves deferred annotations
    unevaluated on Python 3.14+, since they are not used in our case.
    """"""
    if PY314:
        return inspect.signature(obj, annotation_format=annotationlib.Format.FORWARDREF)
    else:
        return inspect.signature(obj)

```
"
E0_097,ml_data_code,Huda,10.0,9.44,5.98,9.2,7.6,7.9,9.5,6.5,7.0,10.0,9.0,6.5,,"You are a senior software engineer performing an expert code review.

Analyze the following Python code and rate it on three dimensions. For ALL three, the scale is the same: 0 to 10 where 10 is BEST and 0 is WORST. Use one decimal place (e.g. 7.5).
  - security: 10 = no vulnerabilities or unsafe patterns; 0 = severe issues (injection, unsafe deserialization, weak crypto, hardcoded secrets).
  - complexity: 10 = simple and cheap (low time/space cost, low cyclomatic complexity); 0 = very complex/expensive. (A simpler algorithm scores HIGHER.)
  - maintainability: 10 = easy to read and maintain (clear naming, typing, docs, no duplication, well-structured); 0 = hard to maintain.

First, in 2-4 short sentences per dimension, explain what you observed in THIS code (cite line numbers). Then output the final scores on the LAST line in EXACTLY this format:
SCORES: security=<x.x>, complexity=<x.x>, maintainability=<x.x>

Code:
```python
""""""support pyarrow compatibility across versions""""""

from __future__ import annotations

import sys
from typing import Any

from pandas.util.version import Version

PYARROW_MIN_VERSION = ""13.0.0""
try:
    import pyarrow as pa

    _palv = Version(Version(pa.__version__).base_version)
    pa_version_under14p0 = _palv < Version(""14.0.0"")
    pa_version_under14p1 = _palv < Version(""14.0.1"")
    pa_version_under15p0 = _palv < Version(""15.0.0"")
    pa_version_under16p0 = _palv < Version(""16.0.0"")
    pa_version_under17p0 = _palv < Version(""17.0.0"")
    pa_version_under18p0 = _palv < Version(""18.0.0"")
    pa_version_under19p0 = _palv < Version(""19.0.0"")
    pa_version_under20p0 = _palv < Version(""20.0.0"")
    pa_version_under21p0 = _palv < Version(""21.0.0"")
    pa_version_under22p0 = _palv < Version(""22.0.0"")
    pa_version_under23p0 = _palv < Version(""23.0.0"")
    PYARROW_INSTALLED = True
    HAS_PYARROW = _palv >= Version(PYARROW_MIN_VERSION)
except ImportError:
    pa_version_under14p0 = True
    pa_version_under14p1 = True
    pa_version_under15p0 = True
    pa_version_under16p0 = True
    pa_version_under17p0 = True
    pa_version_under18p0 = True
    pa_version_under19p0 = True
    pa_version_under20p0 = True
    pa_version_under21p0 = True
    pa_version_under22p0 = True
    pa_version_under23p0 = True
    PYARROW_INSTALLED = False
    HAS_PYARROW = False


def _safe_fill_null(
    arr: pa.Array | pa.ChunkedArray, fill_value: Any
) -> pa.Array | pa.ChunkedArray:
    """"""
    Safe wrapper for pyarrow.compute.fill_null with fallback for Windows + pyarrow 21.

    pyarrow 21.0.0 on Windows has a bug in fill_null that incorrectly fills null values.
    This function uses a fallback implementation for that specific case, otherwise uses
    the standard pyarrow.compute.fill_null.

    Parameters
    ----------
    arr : pyarrow.Array | pyarrow.ChunkedArray
        Input array with potential null values.
    fill_value : Any
        Value to fill nulls with.

    Returns
    -------
    pyarrow.Array | pyarrow.ChunkedArray
        Array with nulls filled with fill_value.
    """"""
    import pyarrow.compute as pc

    is_windows = sys.platform in [""win32"", ""cygwin""]
    use_fallback = (
        HAS_PYARROW and is_windows and not pa_version_under21p0 and pa_version_under22p0
    )
    if not use_fallback or isinstance(fill_value, (pa.Array, pa.ChunkedArray)):
        return pc.fill_null(arr, fill_value)

    fill_scalar = pa.scalar(fill_value, type=arr.type)

    if pa.types.is_duration(arr.type):

        def fill_null_duration(arr: pa.Array, fill_scalar: pa.Scalar) -> pa.Array:
            mask = pc.is_null(arr)
            zero_duration = pa.scalar(0, type=arr.type)
            arr_zeroed = pc.if_else(mask, zero_duration, arr)
            return pc.if_else(mask, fill_scalar, arr_zeroed)

        if isinstance(arr, pa.ChunkedArray):
            return pa.chunked_array(
                [fill_null_duration(chunk, fill_scalar) for chunk in arr.chunks]
            )
        return fill_null_duration(arr, fill_scalar)

    if isinstance(arr, pa.ChunkedArray):
        return pa.chunked_array(
            [pc.if_else(pc.is_null(chunk), fill_scalar, chunk) for chunk in arr.chunks]
        )
    return pc.if_else(pc.is_null(arr), fill_scalar, arr)

```
"
E0_098,clean_documented,Huda,10.0,9.81,5.84,9.3,7.2,7.4,9.0,7.0,7.0,9.5,8.5,9.8,,"You are a senior software engineer performing an expert code review.

Analyze the following Python code and rate it on three dimensions. For ALL three, the scale is the same: 0 to 10 where 10 is BEST and 0 is WORST. Use one decimal place (e.g. 7.5).
  - security: 10 = no vulnerabilities or unsafe patterns; 0 = severe issues (injection, unsafe deserialization, weak crypto, hardcoded secrets).
  - complexity: 10 = simple and cheap (low time/space cost, low cyclomatic complexity); 0 = very complex/expensive. (A simpler algorithm scores HIGHER.)
  - maintainability: 10 = easy to read and maintain (clear naming, typing, docs, no duplication, well-structured); 0 = hard to maintain.

First, in 2-4 short sentences per dimension, explain what you observed in THIS code (cite line numbers). Then output the final scores on the LAST line in EXACTLY this format:
SCORES: security=<x.x>, complexity=<x.x>, maintainability=<x.x>

Code:
```python
from __future__ import annotations as _annotations

import functools
import inspect
from collections.abc import Awaitable, Callable
from functools import partial
from typing import Any

import pydantic_core

from ..config import ConfigDict
from ..plugin._schema_validator import create_schema_validator
from ._config import ConfigWrapper
from ._generate_schema import GenerateSchema, ValidateCallSupportedTypes
from ._namespace_utils import MappingNamespace, NsResolver, ns_for_function
from ._typing_extra import signature_no_eval


def extract_function_name(func: ValidateCallSupportedTypes) -> str:
    """"""Extract the name of a `ValidateCallSupportedTypes` object.""""""
    return f'partial({func.func.__name__})' if isinstance(func, functools.partial) else func.__name__


def extract_function_qualname(func: ValidateCallSupportedTypes) -> str:
    """"""Extract the qualname of a `ValidateCallSupportedTypes` object.""""""
    return f'partial({func.func.__qualname__})' if isinstance(func, functools.partial) else func.__qualname__


def update_wrapper_attributes(wrapped: ValidateCallSupportedTypes, wrapper: Callable[..., Any]):
    """"""Update the `wrapper` function with the attributes of the `wrapped` function. Return the updated function.""""""
    if inspect.iscoroutinefunction(wrapped):

        @functools.wraps(wrapped)
        async def wrapper_function(*args, **kwargs):  # type: ignore
            return await wrapper(*args, **kwargs)
    else:

        @functools.wraps(wrapped)
        def wrapper_function(*args, **kwargs):
            return wrapper(*args, **kwargs)

    # We need to manually update this because `partial` object has no `__name__` and `__qualname__`.
    wrapper_function.__name__ = extract_function_name(wrapped)
    wrapper_function.__qualname__ = extract_function_qualname(wrapped)
    wrapper_function.raw_function = wrapped  # type: ignore

    return wrapper_function


class ValidateCallWrapper:
    """"""This is a wrapper around a function that validates the arguments passed to it, and optionally the return value.""""""

    __slots__ = (
        'function',
        'validate_return',
        'schema_type',
        'module',
        'qualname',
        'ns_resolver',
        'config_wrapper',
        '__pydantic_complete__',
        '__pydantic_validator__',
        '__return_pydantic_validator__',
    )

    def __init__(
        self,
        function: ValidateCallSupportedTypes,
        config: ConfigDict | None,
        validate_return: bool,
        parent_namespace: MappingNamespace | None,
    ) -> None:
        self.function = function
        self.validate_return = validate_return
        if isinstance(function, partial):
            self.schema_type = function.func
            self.module = function.func.__module__
        else:
            self.schema_type = function
            self.module = function.__module__
        self.qualname = extract_function_qualname(function)

        self.ns_resolver = NsResolver(
            namespaces_tuple=ns_for_function(self.schema_type, parent_namespace=parent_namespace)
        )
        self.config_wrapper = ConfigWrapper(config)
        if not self.config_wrapper.defer_build:
            self._create_validators()
        else:
            self.__pydantic_complete__ = False

    def _create_validators(self) -> None:
        gen_schema = GenerateSchema(self.config_wrapper, self.ns_resolver)
        schema = gen_schema.clean_schema(gen_schema.generate_schema(self.function))
        core_config = self.config_wrapper.core_config(title=self.qualname)

        self.__pydantic_validator__ = create_schema_validator(
            schema,
            self.schema_type,
            self.module,
            self.qualname,
            'validate_call',
            core_config,
            self.config_wrapper.plugin_settings,
        )
        if self.validate_return:
            signature = signature_no_eval(self.function)
            return_type = signature.return_annotation if signature.return_annotation is not signature.empty else Any
            gen_schema = GenerateSchema(self.config_wrapper, self.ns_resolver)
            schema = gen_schema.clean_schema(gen_schema.generate_schema(return_type))
            validator = create_schema_validator(
                schema,
                self.schema_type,
                self.module,
                self.qualname,
                'validate_call',
                core_config,
                self.config_wrapper.plugin_settings,
            )
            if inspect.iscoroutinefunction(self.function):

                async def return_val_wrapper(aw: Awaitable[Any]) -> None:
                    return validator.validate_python(await aw)

                self.__return_pydantic_validator__ = return_val_wrapper
            else:
                self.__return_pydantic_validator__ = validator.validate_python
        else:
            self.__return_pydantic_validator__ = None

        self.__pydantic_complete__ = True

    def __call__(self, *args: Any, **kwargs: Any) -> Any:
        if not self.__pydantic_complete__:
            self._create_validators()

        res = self.__pydantic_validator__.validate_python(pydantic_core.ArgsKwargs(args, kwargs))
        if self.__return_pydantic_validator__:
            return self.__return_pydantic_validator__(res)
        else:
            return res

```
"
E0_099,legacy_mixed,Huda,10.0,7.88,7.2,9.6,8.8,8.2,9.0,9.5,9.5,9.5,10.0,9.5,,"You are a senior software engineer performing an expert code review.

Analyze the following Python code and rate it on three dimensions. For ALL three, the scale is the same: 0 to 10 where 10 is BEST and 0 is WORST. Use one decimal place (e.g. 7.5).
  - security: 10 = no vulnerabilities or unsafe patterns; 0 = severe issues (injection, unsafe deserialization, weak crypto, hardcoded secrets).
  - complexity: 10 = simple and cheap (low time/space cost, low cyclomatic complexity); 0 = very complex/expensive. (A simpler algorithm scores HIGHER.)
  - maintainability: 10 = easy to read and maintain (clear naming, typing, docs, no duplication, well-structured); 0 = hard to maintain.

First, in 2-4 short sentences per dimension, explain what you observed in THIS code (cite line numbers). Then output the final scores on the LAST line in EXACTLY this format:
SCORES: security=<x.x>, complexity=<x.x>, maintainability=<x.x>

Code:
```python
""""""Thread execution pool.""""""
from __future__ import annotations

from concurrent.futures import Future, ThreadPoolExecutor, wait
from typing import TYPE_CHECKING, Any, Callable

from .base import BasePool, apply_target

__all__ = ('TaskPool',)

if TYPE_CHECKING:
    from typing import TypedDict

    PoolInfo = TypedDict('PoolInfo', {'max-concurrency': int, 'threads': int})

    # `TargetFunction` should be a Protocol that represents fast_trace_task and
    # trace_task_ret.
    TargetFunction = Callable[..., Any]


class ApplyResult:
    def __init__(self, future: Future) -> None:
        self.f = future
        self.get = self.f.result

    def wait(self, timeout: float | None = None) -> None:
        wait([self.f], timeout)


class TaskPool(BasePool):
    """"""Thread Task Pool.""""""
    limit: int

    body_can_be_buffer = True
    signal_safe = False

    def __init__(self, *args: Any, **kwargs: Any) -> None:
        super().__init__(*args, **kwargs)
        self.executor = ThreadPoolExecutor(max_workers=self.limit)

    def on_stop(self) -> None:
        self.executor.shutdown(cancel_futures=True)
        super().on_stop()

    def on_apply(
        self,
        target: TargetFunction,
        args: tuple[Any, ...] | None = None,
        kwargs: dict[str, Any] | None = None,
        callback: Callable[..., Any] | None = None,
        accept_callback: Callable[..., Any] | None = None,
        **_: Any
    ) -> ApplyResult:
        f = self.executor.submit(apply_target, target, args, kwargs,
                                 callback, accept_callback)
        return ApplyResult(f)

    def _get_info(self) -> PoolInfo:
        info = super()._get_info()
        info.update({
            'max-concurrency': self.limit,
            'threads': len(self.executor._threads)
        })
        return info

```
"
E0_100,clean_documented,Huda,10.0,9.87,5.35,9.7,10.0,8.6,9.5,9.0,9.0,10.0,10.0,9.8,,"You are a senior software engineer performing an expert code review.

Analyze the following Python code and rate it on three dimensions. For ALL three, the scale is the same: 0 to 10 where 10 is BEST and 0 is WORST. Use one decimal place (e.g. 7.5).
  - security: 10 = no vulnerabilities or unsafe patterns; 0 = severe issues (injection, unsafe deserialization, weak crypto, hardcoded secrets).
  - complexity: 10 = simple and cheap (low time/space cost, low cyclomatic complexity); 0 = very complex/expensive. (A simpler algorithm scores HIGHER.)
  - maintainability: 10 = easy to read and maintain (clear naming, typing, docs, no duplication, well-structured); 0 = hard to maintain.

First, in 2-4 short sentences per dimension, explain what you observed in THIS code (cite line numbers). Then output the final scores on the LAST line in EXACTLY this format:
SCORES: security=<x.x>, complexity=<x.x>, maintainability=<x.x>

Code:
```python
""""""
requests._types
~~~~~~~~~~~~~~~

This module contains type aliases used internally by the Requests library.
These types are not part of the public API and must not be relied upon
by external code.
""""""

from __future__ import annotations

from collections.abc import Callable, Iterable, Mapping, MutableMapping, Sequence
from typing import (
    TYPE_CHECKING,
    Any,
    Protocol,
    TypeAlias,
    TypeVar,
    runtime_checkable,
)

_T_co = TypeVar(""_T_co"", covariant=True)
_KT_co = TypeVar(""_KT_co"", covariant=True)
_VT_co = TypeVar(""_VT_co"", covariant=True)


@runtime_checkable
class SupportsRead(Protocol[_T_co]):
    def read(self, length: int = ..., /) -> _T_co: ...


@runtime_checkable
class SupportsItems(Protocol[_KT_co, _VT_co]):
    def items(self) -> Iterable[tuple[_KT_co, _VT_co]]: ...


# These are needed at runtime for default_hooks() return type
HookType: TypeAlias = Callable[[""Response""], Any]
HooksInputType: TypeAlias = Mapping[str, Iterable[HookType] | HookType]


def is_prepared(request: PreparedRequest) -> TypeIs[_ValidatedRequest]:
    """"""Verify a PreparedRequest has been fully prepared.""""""
    if TYPE_CHECKING:
        return request.url is not None and request.method is not None
    # noop at runtime to avoid AssertionError
    return True


if TYPE_CHECKING:
    from http.cookiejar import CookieJar
    from typing import TypeAlias, TypedDict

    from typing_extensions import (
        Buffer,  # TODO: move to collections.abc when Python >= 3.12
        TypeIs,  # TODO: move to typing when Python >= 3.13
    )

    from .auth import AuthBase
    from .cookies import RequestsCookieJar
    from .models import PreparedRequest, Response
    from .structures import CaseInsensitiveDict

    class _ValidatedRequest(PreparedRequest):
        """"""Subtype asserting a PreparedRequest has been fully prepared before calling.

        The override suppression is required because mutable attribute types are
        invariant (Liskov), but we only narrow after preparation is complete. This
        is the explicit contract for Requests but Python's typing doesn't have a
        better way to represent the requirement.
        """"""

        url: str  # type: ignore[reportIncompatibleVariableOverride]
        method: str  # type: ignore[reportIncompatibleVariableOverride]

    # Type aliases for core API concepts (ordered by request() signature)
    UriType: TypeAlias = str | bytes

    _ParamsMappingKeyType: TypeAlias = str | bytes | int | float
    _ParamsMappingValueType: TypeAlias = (
        str | bytes | int | float | Iterable[str | bytes | int | float] | None
    )
    ParamsType: TypeAlias = (
        SupportsItems[_ParamsMappingKeyType, _ParamsMappingValueType]
        | tuple[tuple[_ParamsMappingKeyType, _ParamsMappingValueType], ...]
        | Iterable[tuple[_ParamsMappingKeyType, _ParamsMappingValueType]]
        | str
        | bytes
        | None
    )

    KVDataType: TypeAlias = Iterable[tuple[Any, Any]] | SupportsItems[Any, Any]

    RawDataType: TypeAlias = KVDataType | str | bytes
    StreamDataType: TypeAlias = SupportsRead[str | bytes]
    EncodableDataType: TypeAlias = RawDataType | StreamDataType

    DataType: TypeAlias = (
        KVDataType
        | Iterable[bytes | str]
        | str
        | bytes
        | Buffer
        | SupportsRead[str | bytes]
        | None
    )

    BodyType: TypeAlias = (
        bytes | str | Iterable[bytes | str] | SupportsRead[bytes | str] | None
    )

    HeadersType: TypeAlias = Mapping[str, str | bytes] | None

    CookiesType: TypeAlias = RequestsCookieJar | Mapping[str, str]

    # Building blocks for FilesType
    _FileName: TypeAlias = str | None
    _FileContent: TypeAlias = SupportsRead[str | bytes] | str | bytes
    _FileSpecBasic: TypeAlias = tuple[_FileName, _FileContent]
    _FileSpecWithContentType: TypeAlias = tuple[_FileName, _FileContent, str]
    _FileSpecWithHeaders: TypeAlias = tuple[
        _FileName, _FileContent, str, CaseInsensitiveDict[str] | Mapping[str, str]
    ]
    _FileSpec: TypeAlias = (
        _FileContent | _FileSpecBasic | _FileSpecWithContentType | _FileSpecWithHeaders
    )
    FilesType: TypeAlias = (
        Mapping[str, _FileSpec] | Iterable[tuple[str, _FileSpec]] | None
    )

    AuthType: TypeAlias = (
        tuple[str, str] | AuthBase | Callable[[PreparedRequest], PreparedRequest] | None
    )

    TimeoutType: TypeAlias = float | tuple[float | None, float | None] | None
    ProxiesType: TypeAlias = MutableMapping[str, str]
    HooksType: TypeAlias = dict[str, list[HookType]] | None
    VerifyType: TypeAlias = bool | str
    CertType: TypeAlias = str | tuple[str, str] | None
    JsonType: TypeAlias = (
        None
        | bool
        | int
        | float
        | str
        | Sequence[""JsonType""]
        | Mapping[str, ""JsonType""]
    )

    # TypedDicts for Unpack kwargs (PEP 692)

    class BaseRequestKwargs(TypedDict, total=False):
        headers: HeadersType
        cookies: RequestsCookieJar | CookieJar | dict[str, str] | None
        files: FilesType
        auth: AuthType
        timeout: TimeoutType
        allow_redirects: bool
        proxies: dict[str, str] | None
        hooks: HooksInputType | None
        stream: bool | None
        verify: VerifyType | None
        cert: CertType

    class RequestKwargs(BaseRequestKwargs, total=False):
        """"""kwargs for request(), options(), head(), delete().""""""

        params: ParamsType
        data: DataType
        json: JsonType

    class GetKwargs(BaseRequestKwargs, total=False):
        data: DataType
        json: JsonType

    class PostKwargs(BaseRequestKwargs, total=False):
        params: ParamsType

    class DataKwargs(BaseRequestKwargs, total=False):
        """"""kwargs for put(), patch().""""""

        params: ParamsType
        json: JsonType

```
"
E0_101,ml_data_code,Huda,10.0,9.91,06.07,10.0,10.0,8.7,10.0,10.0,7.5,10.0,10.0,9.0,,"You are a senior software engineer performing an expert code review.

Analyze the following Python code and rate it on three dimensions. For ALL three, the scale is the same: 0 to 10 where 10 is BEST and 0 is WORST. Use one decimal place (e.g. 7.5).
  - security: 10 = no vulnerabilities or unsafe patterns; 0 = severe issues (injection, unsafe deserialization, weak crypto, hardcoded secrets).
  - complexity: 10 = simple and cheap (low time/space cost, low cyclomatic complexity); 0 = very complex/expensive. (A simpler algorithm scores HIGHER.)
  - maintainability: 10 = easy to read and maintain (clear naming, typing, docs, no duplication, well-structured); 0 = hard to maintain.

First, in 2-4 short sentences per dimension, explain what you observed in THIS code (cite line numbers). Then output the final scores on the LAST line in EXACTLY this format:
SCORES: security=<x.x>, complexity=<x.x>, maintainability=<x.x>

Code:
```python
""""""
Timedelta benchmarks that rely only on tslibs. See benchmarks.timedeltas for
Timedelta benchmarks that rely on other parts of pandas.
""""""

import datetime

import numpy as np

from pandas import Timedelta


class TimedeltaConstructor:
    def setup(self):
        self.nptimedelta64 = np.timedelta64(3600, ""s"")
        self.dttimedelta = datetime.timedelta(seconds=3600)
        self.td = Timedelta(3600, unit=""s"")

    def time_from_int(self):
        Timedelta(123456789)

    def time_from_unit(self):
        Timedelta(1, unit=""D"")

    def time_from_components(self):
        Timedelta(
            days=1,
            hours=2,
            minutes=3,
            seconds=4,
            milliseconds=5,
            microseconds=6,
            nanoseconds=7,
        )

    def time_from_datetime_timedelta(self):
        Timedelta(self.dttimedelta)

    def time_from_np_timedelta(self):
        Timedelta(self.nptimedelta64)

    def time_from_string(self):
        Timedelta(""1 days"")

    def time_from_iso_format(self):
        Timedelta(""P4DT12H30M5S"")

    def time_from_missing(self):
        Timedelta(""nat"")

    def time_from_pd_timedelta(self):
        Timedelta(self.td)


class TimedeltaProperties:
    def setup_cache(self):
        td = Timedelta(days=365, minutes=35, seconds=25, milliseconds=35)
        return td

    def time_timedelta_days(self, td):
        td.days

    def time_timedelta_seconds(self, td):
        td.seconds

    def time_timedelta_microseconds(self, td):
        td.microseconds

    def time_timedelta_nanoseconds(self, td):
        td.nanoseconds

```
"
E0_102,security_sensitive,Huda,10.0,9.9,06.03,10.0,10.0,9.2,9.5,10.0,8.0,10.0,10.0,9.2,,"You are a senior software engineer performing an expert code review.

Analyze the following Python code and rate it on three dimensions. For ALL three, the scale is the same: 0 to 10 where 10 is BEST and 0 is WORST. Use one decimal place (e.g. 7.5).
  - security: 10 = no vulnerabilities or unsafe patterns; 0 = severe issues (injection, unsafe deserialization, weak crypto, hardcoded secrets).
  - complexity: 10 = simple and cheap (low time/space cost, low cyclomatic complexity); 0 = very complex/expensive. (A simpler algorithm scores HIGHER.)
  - maintainability: 10 = easy to read and maintain (clear naming, typing, docs, no duplication, well-structured); 0 = hard to maintain.

First, in 2-4 short sentences per dimension, explain what you observed in THIS code (cite line numbers). Then output the final scores on the LAST line in EXACTLY this format:
SCORES: security=<x.x>, complexity=<x.x>, maintainability=<x.x>

Code:
```python
""""""
The GeometryColumns and SpatialRefSys models for the PostGIS backend.
""""""

from django.contrib.gis.db.backends.base.models import SpatialRefSysMixin
from django.db import models


class PostGISGeometryColumns(models.Model):
    """"""
    The 'geometry_columns' view from PostGIS. See the PostGIS
    documentation at Ch. 4.3.2.
    """"""

    f_table_catalog = models.CharField(max_length=256)
    f_table_schema = models.CharField(max_length=256)
    f_table_name = models.CharField(max_length=256)
    f_geometry_column = models.CharField(max_length=256)
    coord_dimension = models.IntegerField()
    srid = models.IntegerField(primary_key=True)
    type = models.CharField(max_length=30)

    class Meta:
        app_label = ""gis""
        db_table = ""geometry_columns""
        managed = False

    def __str__(self):
        return ""%s.%s - %dD %s field (SRID: %d)"" % (
            self.f_table_name,
            self.f_geometry_column,
            self.coord_dimension,
            self.type,
            self.srid,
        )

    @classmethod
    def table_name_col(cls):
        """"""
        Return the name of the metadata column used to store the feature table
        name.
        """"""
        return ""f_table_name""

    @classmethod
    def geom_col_name(cls):
        """"""
        Return the name of the metadata column used to store the feature
        geometry column.
        """"""
        return ""f_geometry_column""


class PostGISSpatialRefSys(models.Model, SpatialRefSysMixin):
    """"""
    The 'spatial_ref_sys' table from PostGIS. See the PostGIS
    documentation at Ch. 4.2.1.
    """"""

    srid = models.IntegerField(primary_key=True)
    auth_name = models.CharField(max_length=256)
    auth_srid = models.IntegerField()
    srtext = models.CharField(max_length=2048)
    proj4text = models.CharField(max_length=2048)

    class Meta:
        app_label = ""gis""
        db_table = ""spatial_ref_sys""
        managed = False

    @property
    def wkt(self):
        return self.srtext

```
"
E0_103,ml_data_code,Huda,08.07,3.94,5.17,6.8,4.9,5.6,9.0,5.5,6.5,8.2,2.0,6.8,,"You are a senior software engineer performing an expert code review.

Analyze the following Python code and rate it on three dimensions. For ALL three, the scale is the same: 0 to 10 where 10 is BEST and 0 is WORST. Use one decimal place (e.g. 7.5).
  - security: 10 = no vulnerabilities or unsafe patterns; 0 = severe issues (injection, unsafe deserialization, weak crypto, hardcoded secrets).
  - complexity: 10 = simple and cheap (low time/space cost, low cyclomatic complexity); 0 = very complex/expensive. (A simpler algorithm scores HIGHER.)
  - maintainability: 10 = easy to read and maintain (clear naming, typing, docs, no duplication, well-structured); 0 = hard to maintain.

First, in 2-4 short sentences per dimension, explain what you observed in THIS code (cite line numbers). Then output the final scores on the LAST line in EXACTLY this format:
SCORES: security=<x.x>, complexity=<x.x>, maintainability=<x.x>

Code:
```python
""""""
Check that test names start with `test`, and that test classes start with `Test`.

This is meant to be run as a pre-commit hook - to run it manually, you can do:

    pre-commit run check-test-naming --all-files

NOTE: if this finds a false positive, you can add the comment `# not a test` to the
class or function definition. Though hopefully that shouldn't be necessary.
""""""

from __future__ import annotations

import argparse
import ast
import os
from pathlib import Path
import sys
from typing import TYPE_CHECKING

if TYPE_CHECKING:
    from collections.abc import (
        Iterator,
        Sequence,
    )

PRAGMA = ""# not a test""


def _find_names(node: ast.Module) -> Iterator[str]:
    for _node in ast.walk(node):
        if isinstance(_node, ast.Name):
            yield _node.id
        elif isinstance(_node, ast.Attribute):
            yield _node.attr


def _is_fixture(node: ast.expr) -> bool:
    if isinstance(node, ast.Call):
        node = node.func
    return (
        isinstance(node, ast.Attribute)
        and node.attr == ""fixture""
        and isinstance(node.value, ast.Name)
        and node.value.id == ""pytest""
    )


def _is_register_dtype(node):
    return isinstance(node, ast.Name) and node.id == ""register_extension_dtype""


def is_misnamed_test_func(
    node: ast.expr | ast.stmt, names: Sequence[str], line: str
) -> bool:
    return (
        isinstance(node, ast.FunctionDef)
        and not node.name.startswith(""test"")
        and names.count(node.name) == 0
        and not any(_is_fixture(decorator) for decorator in node.decorator_list)
        and PRAGMA not in line
        and node.name
        not in (""teardown_method"", ""setup_method"", ""teardown_class"", ""setup_class"")
    )


def is_misnamed_test_class(
    node: ast.expr | ast.stmt, names: Sequence[str], line: str
) -> bool:
    return (
        isinstance(node, ast.ClassDef)
        and not node.name.startswith(""Test"")
        and names.count(node.name) == 0
        and not any(_is_register_dtype(decorator) for decorator in node.decorator_list)
        and PRAGMA not in line
    )


def main(content: str, file: str) -> int:
    lines = content.splitlines()
    tree = ast.parse(content)
    names = list(_find_names(tree))
    ret = 0
    for node in tree.body:
        if is_misnamed_test_func(node, names, lines[node.lineno - 1]):
            print(
                f""{file}:{node.lineno}:{node.col_offset} ""
                ""found test function which does not start with 'test'""
            )
            ret = 1
        elif is_misnamed_test_class(node, names, lines[node.lineno - 1]):
            print(
                f""{file}:{node.lineno}:{node.col_offset} ""
                ""found test class which does not start with 'Test'""
            )
            ret = 1
        if (
            isinstance(node, ast.ClassDef)
            and names.count(node.name) == 0
            and not any(
                _is_register_dtype(decorator) for decorator in node.decorator_list
            )
            and PRAGMA not in lines[node.lineno - 1]
        ):
            for _node in node.body:
                if is_misnamed_test_func(_node, names, lines[_node.lineno - 1]):
                    # It could be that this function is used somewhere by the
                    # parent class. For example, there might be a base class
                    # with
                    #
                    # class Foo:
                    #     def foo(self):
                    #          assert 1+1==2
                    #     def test_foo(self):
                    #         self.foo()
                    #
                    # and then some subclass overwrites `foo`. So, we check that
                    # `self.foo` doesn't appear in any of the test classes.
                    # Note some false negatives might get through, but that's OK.
                    # This is good enough that has helped identify several examples
                    # of tests not being run.
                    assert isinstance(_node, ast.FunctionDef)  # help mypy
                    should_continue = False
                    for _file in (Path(""pandas"") / ""tests"").rglob(""*.py""):
                        with open(os.path.join(_file), encoding=""utf-8"") as fd:
                            _content = fd.read()
                        if f""self.{_node.name}"" in _content:
                            should_continue = True
                            break
                    if should_continue:
                        continue

                    print(
                        f""{file}:{_node.lineno}:{_node.col_offset} ""
                        ""found test function which does not start with 'test'""
                    )
                    ret = 1
    return ret


if __name__ == ""__main__"":
    parser = argparse.ArgumentParser()
    parser.add_argument(""paths"", nargs=""*"")
    args = parser.parse_args()

    ret = 0

    for file in args.paths:
        filename = os.path.basename(file)
        if not (filename.startswith(""test"") and filename.endswith("".py"")):
            continue
        with open(file, encoding=""utf-8"") as fd:
            content = fd.read()
        ret |= main(content, file)

    sys.exit(ret)

```
"
E0_104,complex_algorithms,Huda,10.0,3.67,4.69,9.7,6.8,7.9,9.5,7.5,8.5,10.0,7.8,9.2,,"You are a senior software engineer performing an expert code review.

Analyze the following Python code and rate it on three dimensions. For ALL three, the scale is the same: 0 to 10 where 10 is BEST and 0 is WORST. Use one decimal place (e.g. 7.5).
  - security: 10 = no vulnerabilities or unsafe patterns; 0 = severe issues (injection, unsafe deserialization, weak crypto, hardcoded secrets).
  - complexity: 10 = simple and cheap (low time/space cost, low cyclomatic complexity); 0 = very complex/expensive. (A simpler algorithm scores HIGHER.)
  - maintainability: 10 = easy to read and maintain (clear naming, typing, docs, no duplication, well-structured); 0 = hard to maintain.

First, in 2-4 short sentences per dimension, explain what you observed in THIS code (cite line numbers). Then output the final scores on the LAST line in EXACTLY this format:
SCORES: security=<x.x>, complexity=<x.x>, maintainability=<x.x>

Code:
```python
""""""Functions for generating graphs based on the ""duplication"" method.

These graph generators start with a small initial graph then duplicate
nodes and (partially) duplicate their edges. These functions are
generally inspired by biological networks.

""""""

import networkx as nx
from networkx.utils import py_random_state
from networkx.utils.misc import check_create_using

__all__ = [""partial_duplication_graph"", ""duplication_divergence_graph""]


@py_random_state(4)
@nx._dispatchable(graphs=None, returns_graph=True)
def partial_duplication_graph(N, n, p, q, seed=None, *, create_using=None):
    """"""Returns a random graph using the partial duplication model.

    Parameters
    ----------
    N : int
        The total number of nodes in the final graph.

    n : int
        The number of nodes in the initial clique.

    p : float
        The probability of joining each neighbor of a node to the
        duplicate node. Must be a number in the between zero and one,
        inclusive.

    q : float
        The probability of joining the source node to the duplicate
        node. Must be a number in the between zero and one, inclusive.

    seed : integer, random_state, or None (default)
        Indicator of random number generation state.
        See :ref:`Randomness<randomness>`.

    create_using : Graph constructor, optional (default=nx.Graph)
        Graph type to create. If graph instance, then cleared before populated.
        Multigraph and directed types are not supported and raise a ``NetworkXError``.

    Notes
    -----
    A graph of nodes is grown by creating a fully connected graph
    of size `n`. The following procedure is then repeated until
    a total of `N` nodes have been reached.

    1. A random node, *u*, is picked and a new node, *v*, is created.
    2. For each neighbor of *u* an edge from the neighbor to *v* is created
       with probability `p`.
    3. An edge from *u* to *v* is created with probability `q`.

    This algorithm appears in [1].

    This implementation allows the possibility of generating
    disconnected graphs.

    References
    ----------
    .. [1] Knudsen Michael, and Carsten Wiuf. ""A Markov chain approach to
           randomly grown graphs."" Journal of Applied Mathematics 2008.
           <https://doi.org/10.1155/2008/190836>

    """"""
    create_using = check_create_using(create_using, directed=False, multigraph=False)
    if p < 0 or p > 1 or q < 0 or q > 1:
        msg = ""partial duplication graph must have 0 <= p, q <= 1.""
        raise nx.NetworkXError(msg)
    if n > N:
        raise nx.NetworkXError(""partial duplication graph must have n <= N."")

    G = nx.complete_graph(n, create_using)
    for new_node in range(n, N):
        # Pick a random vertex, u, already in the graph.
        src_node = seed.randint(0, new_node - 1)

        # Add a new vertex, v, to the graph.
        G.add_node(new_node)

        # For each neighbor of u...
        for nbr_node in list(nx.all_neighbors(G, src_node)):
            # Add the neighbor to v with probability p.
            if seed.random() < p:
                G.add_edge(new_node, nbr_node)

        # Join v and u with probability q.
        if seed.random() < q:
            G.add_edge(new_node, src_node)
    return G


@py_random_state(2)
@nx._dispatchable(graphs=None, returns_graph=True)
def duplication_divergence_graph(n, p, seed=None, *, create_using=None):
    """"""Returns an undirected graph using the duplication-divergence model.

    A graph of `n` nodes is created by duplicating the initial nodes
    and retaining edges incident to the original nodes with a retention
    probability `p`.

    Parameters
    ----------
    n : int
        The desired number of nodes in the graph.
    p : float
        The probability for retaining the edge of the replicated node.
    seed : integer, random_state, or None (default)
        Indicator of random number generation state.
        See :ref:`Randomness<randomness>`.
    create_using : Graph constructor, optional (default=nx.Graph)
        Graph type to create. If graph instance, then cleared before populated.
        Multigraph and directed types are not supported and raise a ``NetworkXError``.

    Returns
    -------
    G : Graph

    Raises
    ------
    NetworkXError
        If `p` is not a valid probability.
        If `n` is less than 2.

    Notes
    -----
    This algorithm appears in [1].

    This implementation disallows the possibility of generating
    disconnected graphs.

    References
    ----------
    .. [1] I. Ispolatov, P. L. Krapivsky, A. Yuryev,
       ""Duplication-divergence model of protein interaction network"",
       Phys. Rev. E, 71, 061911, 2005.

    """"""
    if p > 1 or p < 0:
        msg = f""NetworkXError p={p} is not in [0,1].""
        raise nx.NetworkXError(msg)
    if n < 2:
        msg = ""n must be greater than or equal to 2""
        raise nx.NetworkXError(msg)

    create_using = check_create_using(create_using, directed=False, multigraph=False)
    G = nx.empty_graph(create_using=create_using)

    # Initialize the graph with two connected nodes.
    G.add_edge(0, 1)
    i = 2
    while i < n:
        # Choose a random node from current graph to duplicate.
        random_node = seed.choice(list(G))
        # Make the replica.
        G.add_node(i)
        # flag indicates whether at least one edge is connected on the replica.
        flag = False
        for nbr in G.neighbors(random_node):
            if seed.random() < p:
                # Link retention step.
                G.add_edge(i, nbr)
                flag = True
        if not flag:
            # Delete replica if no edges retained.
            G.remove_node(i)
        else:
            # Successful duplication.
            i += 1
    return G

```
"
E0_105,security_sensitive,Huda,10.0,9.86,06.02,9.6,8.8,8.9,8.0,8.5,6.5,9.0,10.0,9.0,,"You are a senior software engineer performing an expert code review.

Analyze the following Python code and rate it on three dimensions. For ALL three, the scale is the same: 0 to 10 where 10 is BEST and 0 is WORST. Use one decimal place (e.g. 7.5).
  - security: 10 = no vulnerabilities or unsafe patterns; 0 = severe issues (injection, unsafe deserialization, weak crypto, hardcoded secrets).
  - complexity: 10 = simple and cheap (low time/space cost, low cyclomatic complexity); 0 = very complex/expensive. (A simpler algorithm scores HIGHER.)
  - maintainability: 10 = easy to read and maintain (clear naming, typing, docs, no duplication, well-structured); 0 = hard to maintain.

First, in 2-4 short sentences per dimension, explain what you observed in THIS code (cite line numbers). Then output the final scores on the LAST line in EXACTLY this format:
SCORES: security=<x.x>, complexity=<x.x>, maintainability=<x.x>

Code:
```python
from django.conf import settings
from django.core.exceptions import ImproperlyConfigured
from django.utils.functional import cached_property
from django.utils.module_loading import import_string


class InvalidStorageError(ImproperlyConfigured):
    pass


class StorageHandler:
    def __init__(self, backends=None):
        # backends is an optional dict of storage backend definitions
        # (structured like settings.STORAGES).
        self._backends = backends
        self._storages = {}

    @cached_property
    def backends(self):
        if self._backends is None:
            self._backends = settings.STORAGES.copy()
        return self._backends

    def __getitem__(self, alias):
        try:
            return self._storages[alias]
        except KeyError:
            try:
                params = self.backends[alias]
            except KeyError:
                raise InvalidStorageError(
                    f""Could not find config for '{alias}' in settings.STORAGES.""
                )
            storage = self.create_storage(params)
            self._storages[alias] = storage
            return storage

    def create_storage(self, params):
        params = params.copy()
        backend = params.pop(""BACKEND"")
        options = params.pop(""OPTIONS"", {})
        try:
            storage_cls = import_string(backend)
        except ImportError as e:
            raise InvalidStorageError(f""Could not find backend {backend!r}: {e}"") from e
        return storage_cls(**options)

```
"
E0_106,clean_documented,Huda,10.0,7.77,5.89,9.8,8.6,8.2,9.5,7.5,8.0,10.0,9.0,9.5,,"You are a senior software engineer performing an expert code review.

Analyze the following Python code and rate it on three dimensions. For ALL three, the scale is the same: 0 to 10 where 10 is BEST and 0 is WORST. Use one decimal place (e.g. 7.5).
  - security: 10 = no vulnerabilities or unsafe patterns; 0 = severe issues (injection, unsafe deserialization, weak crypto, hardcoded secrets).
  - complexity: 10 = simple and cheap (low time/space cost, low cyclomatic complexity); 0 = very complex/expensive. (A simpler algorithm scores HIGHER.)
  - maintainability: 10 = easy to read and maintain (clear naming, typing, docs, no duplication, well-structured); 0 = hard to maintain.

First, in 2-4 short sentences per dimension, explain what you observed in THIS code (cite line numbers). Then output the final scores on the LAST line in EXACTLY this format:
SCORES: security=<x.x>, complexity=<x.x>, maintainability=<x.x>

Code:
```python
""""""Tools to provide pretty/human-readable display of objects.""""""

from __future__ import annotations as _annotations

import types
from collections.abc import Callable, Collection, Generator, Iterable
from typing import TYPE_CHECKING, Any, ForwardRef, TypeAlias, cast

import typing_extensions
from typing_inspection import typing_objects
from typing_inspection.introspection import is_union_origin

from . import _typing_extra

if TYPE_CHECKING:
    ReprArgs: TypeAlias = Iterable[tuple[str | None, Any]]
    RichReprResult: TypeAlias = Iterable[Any | tuple[Any] | tuple[str, Any] | tuple[str, Any, Any]]


class PlainRepr(str):
    """"""String class where repr doesn't include quotes. Useful with Representation when you want to return a string
    representation of something that is valid (or pseudo-valid) python.
    """"""

    def __repr__(self) -> str:
        return str(self)


class Representation:
    # Mixin to provide `__str__`, `__repr__`, and `__pretty__` and `__rich_repr__` methods.
    # `__pretty__` is used by [devtools](https://python-devtools.helpmanual.io/).
    # `__rich_repr__` is used by [rich](https://rich.readthedocs.io/en/stable/pretty.html).
    # (this is not a docstring to avoid adding a docstring to classes which inherit from Representation)

    __slots__ = ()

    def __repr_args__(self) -> ReprArgs:
        """"""Returns the attributes to show in __str__, __repr__, and __pretty__ this is generally overridden.

        Can either return:
        * name - value pairs, e.g.: `[('foo_name', 'foo'), ('bar_name', ['b', 'a', 'r'])]`
        * or, just values, e.g.: `[(None, 'foo'), (None, ['b', 'a', 'r'])]`
        """"""
        attrs_names = cast(Collection[str], self.__slots__)
        if not attrs_names and hasattr(self, '__dict__'):
            attrs_names = self.__dict__.keys()
        attrs = ((s, getattr(self, s)) for s in attrs_names)
        return [(a, v if v is not self else self.__repr_recursion__(v)) for a, v in attrs if v is not None]

    def __repr_name__(self) -> str:
        """"""Name of the instance's class, used in __repr__.""""""
        return self.__class__.__name__

    def __repr_recursion__(self, object: Any) -> str:
        """"""Returns the string representation of a recursive object.""""""
        # This is copied over from the stdlib `pprint` module:
        return f'<Recursion on {type(object).__name__} with id={id(object)}>'

    def __repr_str__(self, join_str: str) -> str:
        return join_str.join(repr(v) if a is None else f'{a}={v!r}' for a, v in self.__repr_args__())

    def __pretty__(self, fmt: Callable[[Any], Any], **kwargs: Any) -> Generator[Any]:
        """"""Used by devtools (https://python-devtools.helpmanual.io/) to pretty print objects.""""""
        yield self.__repr_name__() + '('
        yield 1
        for name, value in self.__repr_args__():
            if name is not None:
                yield name + '='
            yield fmt(value)
            yield ','
            yield 0
        yield -1
        yield ')'

    def __rich_repr__(self) -> RichReprResult:
        """"""Used by Rich (https://rich.readthedocs.io/en/stable/pretty.html) to pretty print objects.""""""
        for name, field_repr in self.__repr_args__():
            if name is None:
                yield field_repr
            else:
                yield name, field_repr

    def __str__(self) -> str:
        return self.__repr_str__(' ')

    def __repr__(self) -> str:
        return f'{self.__repr_name__()}({self.__repr_str__("", "")})'


def display_as_type(obj: Any) -> str:
    """"""Pretty representation of a type, should be as close as possible to the original type definition string.

    Takes some logic from `typing._type_repr`.
    """"""
    if isinstance(obj, (types.FunctionType, types.BuiltinFunctionType)):
        return obj.__name__
    elif obj is ...:
        return '...'
    elif isinstance(obj, Representation):
        return repr(obj)
    elif isinstance(obj, ForwardRef) or typing_objects.is_typealiastype(obj):
        return str(obj)

    if not isinstance(obj, (_typing_extra.typing_base, _typing_extra.WithArgsTypes, type)):
        obj = obj.__class__

    if is_union_origin(typing_extensions.get_origin(obj)):
        args = ', '.join(map(display_as_type, typing_extensions.get_args(obj)))
        return f'Union[{args}]'
    elif isinstance(obj, _typing_extra.WithArgsTypes):
        if typing_objects.is_literal(typing_extensions.get_origin(obj)):
            args = ', '.join(map(repr, typing_extensions.get_args(obj)))
        else:
            args = ', '.join(map(display_as_type, typing_extensions.get_args(obj)))
        try:
            return f'{obj.__qualname__}[{args}]'
        except AttributeError:
            return str(obj).replace('typing.', '').replace('typing_extensions.', '')  # handles TypeAliasType in 3.12
    elif isinstance(obj, type):
        return obj.__qualname__
    else:
        return repr(obj).replace('typing.', '').replace('typing_extensions.', '')

```
"
E0_107,security_sensitive,Huda,10.0,8.22,5.98,9.7,9.0,8.8,9.5,9.5,8.5,10.0,10.0,9.6,,"You are a senior software engineer performing an expert code review.

Analyze the following Python code and rate it on three dimensions. For ALL three, the scale is the same: 0 to 10 where 10 is BEST and 0 is WORST. Use one decimal place (e.g. 7.5).
  - security: 10 = no vulnerabilities or unsafe patterns; 0 = severe issues (injection, unsafe deserialization, weak crypto, hardcoded secrets).
  - complexity: 10 = simple and cheap (low time/space cost, low cyclomatic complexity); 0 = very complex/expensive. (A simpler algorithm scores HIGHER.)
  - maintainability: 10 = easy to read and maintain (clear naming, typing, docs, no duplication, well-structured); 0 = hard to maintain.

First, in 2-4 short sentences per dimension, explain what you observed in THIS code (cite line numbers). Then output the final scores on the LAST line in EXACTLY this format:
SCORES: security=<x.x>, complexity=<x.x>, maintainability=<x.x>

Code:
```python
from django.core.exceptions import ImproperlyConfigured, SuspiciousFileOperation
from django.template.utils import get_app_template_dirs
from django.utils._os import safe_join
from django.utils.functional import cached_property


class BaseEngine:
    # Core methods: engines have to provide their own implementation
    #               (except for from_string which is optional).

    def __init__(self, params):
        """"""
        Initialize the template engine.

        `params` is a dict of configuration settings.
        """"""
        params = params.copy()
        self.name = params.pop(""NAME"")
        self.dirs = list(params.pop(""DIRS""))
        self.app_dirs = params.pop(""APP_DIRS"")
        if params:
            raise ImproperlyConfigured(
                ""Unknown parameters: {}"".format("", "".join(params))
            )

    def check(self, **kwargs):
        return []

    @property
    def app_dirname(self):
        raise ImproperlyConfigured(
            ""{} doesn't support loading templates from installed ""
            ""applications."".format(self.__class__.__name__)
        )

    def from_string(self, template_code):
        """"""
        Create and return a template for the given source code.

        This method is optional.
        """"""
        raise NotImplementedError(
            ""subclasses of BaseEngine should provide a from_string() method""
        )

    def get_template(self, template_name):
        """"""
        Load and return a template for the given name.

        Raise TemplateDoesNotExist if no such template exists.
        """"""
        raise NotImplementedError(
            ""subclasses of BaseEngine must provide a get_template() method""
        )

    # Utility methods: they are provided to minimize code duplication and
    #                  security issues in third-party backends.

    @cached_property
    def template_dirs(self):
        """"""
        Return a list of directories to search for templates.
        """"""
        # Immutable return value because it's cached and shared by callers.
        template_dirs = tuple(self.dirs)
        if self.app_dirs:
            template_dirs += get_app_template_dirs(self.app_dirname)
        return template_dirs

    def iter_template_filenames(self, template_name):
        """"""
        Iterate over candidate files for template_name.

        Ignore files that don't lie inside configured template dirs to avoid
        directory traversal attacks.
        """"""
        for template_dir in self.template_dirs:
            try:
                yield safe_join(template_dir, template_name)
            except SuspiciousFileOperation:
                # The joined path was located outside of this template_dir
                # (it might be inside another one, so this isn't fatal).
                pass

```
"
E0_108,legacy_mixed,Huda,10.0,7.74,4.98,9.4,7.8,7.6,8.0,6.5,6.0,9.0,9.2,8.5,,"You are a senior software engineer performing an expert code review.

Analyze the following Python code and rate it on three dimensions. For ALL three, the scale is the same: 0 to 10 where 10 is BEST and 0 is WORST. Use one decimal place (e.g. 7.5).
  - security: 10 = no vulnerabilities or unsafe patterns; 0 = severe issues (injection, unsafe deserialization, weak crypto, hardcoded secrets).
  - complexity: 10 = simple and cheap (low time/space cost, low cyclomatic complexity); 0 = very complex/expensive. (A simpler algorithm scores HIGHER.)
  - maintainability: 10 = easy to read and maintain (clear naming, typing, docs, no duplication, well-structured); 0 = hard to maintain.

First, in 2-4 short sentences per dimension, explain what you observed in THIS code (cite line numbers). Then output the final scores on the LAST line in EXACTLY this format:
SCORES: security=<x.x>, complexity=<x.x>, maintainability=<x.x>

Code:
```python
""""""Task Routing.

Contains utilities for working with task routers, (:setting:`task_routes`).
""""""
import fnmatch
import re
from collections import OrderedDict
from collections.abc import Mapping

from kombu import Queue

from celery.exceptions import QueueNotFound
from celery.utils.collections import lpmerge
from celery.utils.functional import maybe_evaluate, mlazy
from celery.utils.imports import symbol_by_name

try:
    Pattern = re._pattern_type
except AttributeError:  # pragma: no cover
    # for support Python 3.7
    Pattern = re.Pattern

__all__ = ('MapRoute', 'Router', 'expand_router_string', 'prepare')


class MapRoute:
    """"""Creates a router out of a :class:`dict`.""""""

    def __init__(self, map):
        map = map.items() if isinstance(map, Mapping) else map
        self.map = {}
        self.patterns = OrderedDict()
        for k, v in map:
            if isinstance(k, Pattern):
                self.patterns[k] = v
            elif '*' in k:
                self.patterns[re.compile(fnmatch.translate(k))] = v
            else:
                self.map[k] = v

    def __call__(self, name, *args, **kwargs):
        try:
            return dict(self.map[name])
        except KeyError:
            pass
        except ValueError:
            return {'queue': self.map[name]}
        for regex, route in self.patterns.items():
            if regex.match(name):
                try:
                    return dict(route)
                except ValueError:
                    return {'queue': route}


class Router:
    """"""Route tasks based on the :setting:`task_routes` setting.""""""

    def __init__(self, routes=None, queues=None,
                 create_missing=False, app=None):
        self.app = app
        self.queues = {} if queues is None else queues
        self.routes = [] if routes is None else routes
        self.create_missing = create_missing

    def route(self, options, name, args=(), kwargs=None, task_type=None):
        kwargs = {} if not kwargs else kwargs
        options = self.expand_destination(options)  # expands 'queue'
        if self.routes:
            route = self.lookup_route(name, args, kwargs, options, task_type)
            if route:  # expands 'queue' in route.
                return lpmerge(self.expand_destination(route), options)
        if 'queue' not in options:
            options = lpmerge(self.expand_destination(
                self.app.conf.task_default_queue), options)
        return options

    def expand_destination(self, route):
        # Route can be a queue name: convenient for direct exchanges.
        if isinstance(route, str):
            queue, route = route, {}
        else:
            # can use defaults from configured queue, but override specific
            # things (like the routing_key): great for topic exchanges.
            queue = route.pop('queue', None)

        if queue:
            if isinstance(queue, Queue):
                route['queue'] = queue
            else:
                try:
                    route['queue'] = self.queues[queue]
                except KeyError:
                    raise QueueNotFound(
                        f'Queue {queue!r} missing from task_queues')
        return route

    def lookup_route(self, name,
                     args=None, kwargs=None, options=None, task_type=None):
        query = self.query_router
        for router in self.routes:
            route = query(router, name, args, kwargs, options, task_type)
            if route is not None:
                return route

    def query_router(self, router, task, args, kwargs, options, task_type):
        router = maybe_evaluate(router)
        if hasattr(router, 'route_for_task'):
            # pre 4.0 router class
            return router.route_for_task(task, args, kwargs)
        return router(task, args, kwargs, options, task=task_type)


def expand_router_string(router):
    router = symbol_by_name(router)
    if hasattr(router, 'route_for_task'):
        # need to instantiate pre 4.0 router classes
        router = router()
    return router


def prepare(routes):
    """"""Expand the :setting:`task_routes` setting.""""""

    def expand_route(route):
        if isinstance(route, (Mapping, list, tuple)):
            return MapRoute(route)
        if isinstance(route, str):
            return mlazy(expand_router_string, route)
        return route

    if routes is None:
        return ()
    if not isinstance(routes, (list, tuple)):
        routes = (routes,)
    return [expand_route(route) for route in routes]

```
"
E0_109,security_sensitive,Huda,10.0,9.8,5.8,7.8,9.6,8.4,7.5,9.5,8.0,7.8,10.0,9.2,,"You are a senior software engineer performing an expert code review.

Analyze the following Python code and rate it on three dimensions. For ALL three, the scale is the same: 0 to 10 where 10 is BEST and 0 is WORST. Use one decimal place (e.g. 7.5).
  - security: 10 = no vulnerabilities or unsafe patterns; 0 = severe issues (injection, unsafe deserialization, weak crypto, hardcoded secrets).
  - complexity: 10 = simple and cheap (low time/space cost, low cyclomatic complexity); 0 = very complex/expensive. (A simpler algorithm scores HIGHER.)
  - maintainability: 10 = easy to read and maintain (clear naming, typing, docs, no duplication, well-structured); 0 = hard to maintain.

First, in 2-4 short sentences per dimension, explain what you observed in THIS code (cite line numbers). Then output the final scores on the LAST line in EXACTLY this format:
SCORES: security=<x.x>, complexity=<x.x>, maintainability=<x.x>

Code:
```python
from ctypes import c_void_p


class CPointerBase:
    """"""
    Base class for objects that have a pointer access property
    that controls access to the underlying C pointer.
    """"""

    _ptr = None  # Initially the pointer is NULL.
    ptr_type = c_void_p
    destructor = None
    null_ptr_exception_class = AttributeError

    @property
    def ptr(self):
        # Raise an exception if the pointer isn't valid so that NULL pointers
        # aren't passed to routines -- that's very bad.
        if self._ptr:
            return self._ptr
        raise self.null_ptr_exception_class(
            ""NULL %s pointer encountered."" % self.__class__.__name__
        )

    @ptr.setter
    def ptr(self, ptr):
        # Only allow the pointer to be set with pointers of the compatible
        # type or None (NULL).
        if not (ptr is None or isinstance(ptr, self.ptr_type)):
            raise TypeError(""Incompatible pointer type: %s."" % type(ptr))
        self._ptr = ptr

    def __del__(self):
        """"""
        Free the memory used by the C++ object.
        """"""
        if self.destructor and self._ptr:
            try:
                self.destructor(self.ptr)
            except (AttributeError, ImportError, TypeError):
                pass  # Some part might already have been garbage collected

```
"
E0_110,legacy_mixed,Huda,3.42,9.65,5.78,9.2,8.8,8.3,9.5,7.5,6.5,9.0,9.0,5.0,,"You are a senior software engineer performing an expert code review.

Analyze the following Python code and rate it on three dimensions. For ALL three, the scale is the same: 0 to 10 where 10 is BEST and 0 is WORST. Use one decimal place (e.g. 7.5).
  - security: 10 = no vulnerabilities or unsafe patterns; 0 = severe issues (injection, unsafe deserialization, weak crypto, hardcoded secrets).
  - complexity: 10 = simple and cheap (low time/space cost, low cyclomatic complexity); 0 = very complex/expensive. (A simpler algorithm scores HIGHER.)
  - maintainability: 10 = easy to read and maintain (clear naming, typing, docs, no duplication, well-structured); 0 = hard to maintain.

First, in 2-4 short sentences per dimension, explain what you observed in THIS code (cite line numbers). Then output the final scores on the LAST line in EXACTLY this format:
SCORES: security=<x.x>, complexity=<x.x>, maintainability=<x.x>

Code:
```python
import uuid


class test_Canvas:

    def test_freeze_reply_to(self):
        # Tests that Canvas.freeze() correctly
        # creates reply_to option

        @self.app.task
        def test_task(a, b):
            return

        s = test_task.s(2, 2)
        s.freeze()

        from concurrent.futures import ThreadPoolExecutor

        def foo():
            s = test_task.s(2, 2)
            s.freeze()
            return self.app.thread_oid, s.options['reply_to']
        with ThreadPoolExecutor(max_workers=1) as executor:
            future = executor.submit(foo)
        t_reply_to_app, t_reply_to_opt = future.result()

        assert uuid.UUID(s.options['reply_to'])
        assert uuid.UUID(t_reply_to_opt)
        # reply_to must be equal to thread_oid of Application
        assert self.app.thread_oid == s.options['reply_to']
        assert t_reply_to_app == t_reply_to_opt
        # reply_to must be thread-relative.
        assert t_reply_to_opt != s.options['reply_to']

```
"
E0_111,clean_documented,Huda,10.0,7.64,5.71,8.7,7.9,7.6,9.5,6.0,7.0,8.2,5.5,8.5,,"You are a senior software engineer performing an expert code review.

Analyze the following Python code and rate it on three dimensions. For ALL three, the scale is the same: 0 to 10 where 10 is BEST and 0 is WORST. Use one decimal place (e.g. 7.5).
  - security: 10 = no vulnerabilities or unsafe patterns; 0 = severe issues (injection, unsafe deserialization, weak crypto, hardcoded secrets).
  - complexity: 10 = simple and cheap (low time/space cost, low cyclomatic complexity); 0 = very complex/expensive. (A simpler algorithm scores HIGHER.)
  - maintainability: 10 = easy to read and maintain (clear naming, typing, docs, no duplication, well-structured); 0 = hard to maintain.

First, in 2-4 short sentences per dimension, explain what you observed in THIS code (cite line numbers). Then output the final scores on the LAST line in EXACTLY this format:
SCORES: security=<x.x>, complexity=<x.x>, maintainability=<x.x>

Code:
```python
""""""Utilities related to attribute docstring extraction.""""""

from __future__ import annotations

import ast
import inspect
import sys
import textwrap
from typing import Any


class DocstringVisitor(ast.NodeVisitor):
    def __init__(self) -> None:
        super().__init__()

        self.target: str | None = None
        self.attrs: dict[str, str] = {}
        self.previous_node_type: type[ast.AST] | None = None

    def visit(self, node: ast.AST) -> Any:
        node_result = super().visit(node)
        self.previous_node_type = type(node)
        return node_result

    def visit_AnnAssign(self, node: ast.AnnAssign) -> Any:
        if isinstance(node.target, ast.Name):
            self.target = node.target.id

    def visit_Expr(self, node: ast.Expr) -> Any:
        if (
            isinstance(node.value, ast.Constant)
            and isinstance(node.value.value, str)
            and self.previous_node_type is ast.AnnAssign
        ):
            docstring = inspect.cleandoc(node.value.value)
            if self.target:
                self.attrs[self.target] = docstring
            self.target = None


def _dedent_source_lines(source: list[str]) -> str:
    # Required for nested class definitions, e.g. in a function block
    dedent_source = textwrap.dedent(''.join(source))
    if dedent_source.startswith((' ', '\t')):
        # We are in the case where there's a dedented (usually multiline) string
        # at a lower indentation level than the class itself. We wrap our class
        # in a function as a workaround.
        dedent_source = f'def dedent_workaround():\n{dedent_source}'
    return dedent_source


def _extract_source_from_frame(cls: type[Any]) -> list[str] | None:
    frame = inspect.currentframe()

    while frame:
        if inspect.getmodule(frame) is inspect.getmodule(cls):
            lnum = frame.f_lineno
            try:
                lines, _ = inspect.findsource(frame)
            except OSError:  # pragma: no cover
                # Source can't be retrieved (maybe because running in an interactive terminal),
                # we don't want to error here.
                pass
            else:
                block_lines = inspect.getblock(lines[lnum - 1 :])
                dedent_source = _dedent_source_lines(block_lines)
                try:
                    block_tree = ast.parse(dedent_source)
                except SyntaxError:
                    pass
                else:
                    stmt = block_tree.body[0]
                    if isinstance(stmt, ast.FunctionDef) and stmt.name == 'dedent_workaround':
                        # `_dedent_source_lines` wrapped the class around the workaround function
                        stmt = stmt.body[0]
                    if isinstance(stmt, ast.ClassDef) and stmt.name == cls.__name__:
                        return block_lines

        frame = frame.f_back


def extract_docstrings_from_cls(cls: type[Any], use_inspect: bool = False) -> dict[str, str]:
    """"""Map model attributes and their corresponding docstring.

    Args:
        cls: The class of the Pydantic model to inspect.
        use_inspect: Whether to skip usage of frames to find the object and use
            the `inspect` module instead.

    Returns:
        A mapping containing attribute names and their corresponding docstring.
    """"""
    if use_inspect or sys.version_info >= (3, 13):
        # On Python < 3.13, `inspect.getsourcelines()` might not work as expected
        # if two classes have the same name in the same source file.
        # On Python 3.13+, it will use the new `__firstlineno__` class attribute,
        # making it way more robust.
        try:
            source, _ = inspect.getsourcelines(cls)
        except OSError:  # pragma: no cover
            return {}
    else:
        # TODO remove this implementation when we drop support for Python 3.12:
        source = _extract_source_from_frame(cls)

    if not source:
        return {}

    dedent_source = _dedent_source_lines(source)

    visitor = DocstringVisitor()
    visitor.visit(ast.parse(dedent_source))
    return visitor.attrs

```
"
E0_112,complex_algorithms,Huda,10.0,7.39,5.49,9.6,7.4,7.8,9.5,7.5,8.0,10.0,6.5,9.2,,"You are a senior software engineer performing an expert code review.

Analyze the following Python code and rate it on three dimensions. For ALL three, the scale is the same: 0 to 10 where 10 is BEST and 0 is WORST. Use one decimal place (e.g. 7.5).
  - security: 10 = no vulnerabilities or unsafe patterns; 0 = severe issues (injection, unsafe deserialization, weak crypto, hardcoded secrets).
  - complexity: 10 = simple and cheap (low time/space cost, low cyclomatic complexity); 0 = very complex/expensive. (A simpler algorithm scores HIGHER.)
  - maintainability: 10 = easy to read and maintain (clear naming, typing, docs, no duplication, well-structured); 0 = hard to maintain.

First, in 2-4 short sentences per dimension, explain what you observed in THIS code (cite line numbers). Then output the final scores on the LAST line in EXACTLY this format:
SCORES: security=<x.x>, complexity=<x.x>, maintainability=<x.x>

Code:
```python
""""""Operations on trees.""""""

from functools import partial
from itertools import accumulate

import networkx as nx

__all__ = [""join_trees""]


# Argument types don't match dispatching, but allow manual selection of backend
@nx._dispatchable(graphs=None, returns_graph=True)
def join_trees(rooted_trees, *, label_attribute=None, first_label=0):
    """"""Returns a new rooted tree made by joining `rooted_trees`

    Constructs a new tree by joining each tree in `rooted_trees`.
    A new root node is added and connected to each of the roots
    of the input trees. While copying the nodes from the trees,
    relabeling to integers occurs. If the `label_attribute` is provided,
    the old node labels will be stored in the new tree under this attribute.

    Parameters
    ----------
    rooted_trees : list
        A list of pairs in which each left element is a NetworkX graph
        object representing a tree and each right element is the root
        node of that tree. The nodes of these trees will be relabeled to
        integers.

    label_attribute : str
        If provided, the old node labels will be stored in the new tree
        under this node attribute. If not provided, the original labels
        of the nodes in the input trees are not stored.

    first_label : int, optional (default=0)
        Specifies the label for the new root node. If provided, the root node of the joined tree
        will have this label. If not provided, the root node will default to a label of 0.

    Returns
    -------
    NetworkX graph
        The rooted tree resulting from joining the provided `rooted_trees`. The new tree has a root node
        labeled as specified by `first_label` (defaulting to 0 if not provided). Subtrees from the input
        `rooted_trees` are attached to this new root node. Each non-root node, if the `label_attribute`
        is provided, has an attribute that indicates the original label of the node in the input tree.

    Notes
    -----
    Trees are stored in NetworkX as NetworkX Graphs. There is no specific
    enforcement of the fact that these are trees. Testing for each tree
    can be done using :func:`networkx.is_tree`.

    Graph, edge, and node attributes are propagated from the given
    rooted trees to the created tree. If there are any overlapping graph
    attributes, those from later trees will overwrite those from earlier
    trees in the tuple of positional arguments.

    Examples
    --------
    Join two full balanced binary trees of height *h* to get a full
    balanced binary tree of depth *h* + 1::

        >>> h = 4
        >>> left = nx.balanced_tree(2, h)
        >>> right = nx.balanced_tree(2, h)
        >>> joined_tree = nx.join_trees([(left, 0), (right, 0)])
        >>> nx.is_isomorphic(joined_tree, nx.balanced_tree(2, h + 1))
        True

    """"""
    if not rooted_trees:
        return nx.empty_graph(1)

    # Unzip the zipped list of (tree, root) pairs.
    trees, roots = zip(*rooted_trees)

    # The join of the trees has the same type as the type of the first tree.
    R = type(trees[0])()

    lengths = (len(tree) for tree in trees[:-1])
    first_labels = list(accumulate(lengths, initial=first_label + 1))

    new_roots = []
    for tree, root, first_node in zip(trees, roots, first_labels):
        new_root = first_node + list(tree.nodes()).index(root)
        new_roots.append(new_root)

    # Relabel the nodes so that their union is the integers starting at first_label.
    relabel = partial(
        nx.convert_node_labels_to_integers, label_attribute=label_attribute
    )
    new_trees = [
        relabel(tree, first_label=first_label)
        for tree, first_label in zip(trees, first_labels)
    ]

    # Add all sets of nodes and edges, attributes
    for tree in new_trees:
        R.update(tree)

    # Finally, join the subtrees at the root. We know first_label is unused by
    # the way we relabeled the subtrees.
    R.add_node(first_label)
    R.add_edges_from((first_label, root) for root in new_roots)

    return R

```
"
E0_113,ml_data_code,Huda,10.0,9.91,5.53,10.0,9.7,8.9,10.0,9.5,7.0,10.0,10.0,8.5,,"You are a senior software engineer performing an expert code review.

Analyze the following Python code and rate it on three dimensions. For ALL three, the scale is the same: 0 to 10 where 10 is BEST and 0 is WORST. Use one decimal place (e.g. 7.5).
  - security: 10 = no vulnerabilities or unsafe patterns; 0 = severe issues (injection, unsafe deserialization, weak crypto, hardcoded secrets).
  - complexity: 10 = simple and cheap (low time/space cost, low cyclomatic complexity); 0 = very complex/expensive. (A simpler algorithm scores HIGHER.)
  - maintainability: 10 = easy to read and maintain (clear naming, typing, docs, no duplication, well-structured); 0 = hard to maintain.

First, in 2-4 short sentences per dimension, explain what you observed in THIS code (cite line numbers). Then output the final scores on the LAST line in EXACTLY this format:
SCORES: security=<x.x>, complexity=<x.x>, maintainability=<x.x>

Code:
```python
import numpy as np

from pandas._libs.tslibs.fields import (
    get_date_field,
    get_start_end_field,
    get_timedelta_field,
)

from .tslib import _sizes


class TimeGetTimedeltaField:
    params = [
        _sizes,
        [""seconds"", ""microseconds"", ""nanoseconds""],
    ]
    param_names = [""size"", ""field""]

    def setup(self, size, field):
        arr = np.random.randint(0, 10, size=size, dtype=""i8"")
        self.i8data = arr
        arr = np.random.randint(-86400 * 1_000_000_000, 0, size=size, dtype=""i8"")
        self.i8data_negative = arr

    def time_get_timedelta_field(self, size, field):
        get_timedelta_field(self.i8data, field)

    def time_get_timedelta_field_negative_td(self, size, field):
        get_timedelta_field(self.i8data_negative, field)


class TimeGetDateField:
    params = [
        _sizes,
        [
            ""Y"",
            ""M"",
            ""D"",
            ""h"",
            ""m"",
            ""s"",
            ""us"",
            ""ns"",
            ""doy"",
            ""dow"",
            ""woy"",
            ""q"",
            ""dim"",
            ""is_leap_year"",
        ],
    ]
    param_names = [""size"", ""field""]

    def setup(self, size, field):
        arr = np.random.randint(0, 10, size=size, dtype=""i8"")
        self.i8data = arr

    def time_get_date_field(self, size, field):
        get_date_field(self.i8data, field)


class TimeGetStartEndField:
    params = [
        _sizes,
        [""start"", ""end""],
        [""month"", ""quarter"", ""year""],
        [""B"", None, ""QS""],
        [12, 3, 5],
    ]
    param_names = [""size"", ""side"", ""period"", ""freqstr"", ""month_kw""]

    def setup(self, size, side, period, freqstr, month_kw):
        arr = np.random.randint(0, 10, size=size, dtype=""i8"")
        self.i8data = arr

        self.attrname = f""is_{period}_{side}""

    def time_get_start_end_field(self, size, side, period, freqstr, month_kw):
        get_start_end_field(self.i8data, self.attrname, freqstr, month_kw=month_kw)


from ..pandas_vb_common import setup  # noqa: F401 isort:skip

```
"
E0_114,security_sensitive,Huda,10.0,7.42,5.29,10.0,9.4,8.2,9.0,8.0,6.5,10.0,10.0,9.8,,"You are a senior software engineer performing an expert code review.

Analyze the following Python code and rate it on three dimensions. For ALL three, the scale is the same: 0 to 10 where 10 is BEST and 0 is WORST. Use one decimal place (e.g. 7.5).
  - security: 10 = no vulnerabilities or unsafe patterns; 0 = severe issues (injection, unsafe deserialization, weak crypto, hardcoded secrets).
  - complexity: 10 = simple and cheap (low time/space cost, low cyclomatic complexity); 0 = very complex/expensive. (A simpler algorithm scores HIGHER.)
  - maintainability: 10 = easy to read and maintain (clear naming, typing, docs, no duplication, well-structured); 0 = hard to maintain.

First, in 2-4 short sentences per dimension, explain what you observed in THIS code (cite line numbers). Then output the final scores on the LAST line in EXACTLY this format:
SCORES: security=<x.x>, complexity=<x.x>, maintainability=<x.x>

Code:
```python
from django.apps import AppConfig
from django.core.signals import setting_changed
from django.db import connections
from django.db.backends.postgresql.psycopg_any import RANGE_TYPES
from django.db.backends.signals import connection_created
from django.db.migrations.writer import MigrationWriter
from django.db.models import CharField, OrderBy, TextField
from django.db.models.functions import Collate
from django.db.models.indexes import IndexExpression
from django.utils.translation import gettext_lazy as _

from .indexes import OpClass
from .lookups import (
    SearchLookup,
    TrigramSimilar,
    TrigramStrictWordSimilar,
    TrigramWordSimilar,
    Unaccent,
)
from .serializers import RangeSerializer
from .signals import register_type_handlers


def uninstall_if_needed(setting, value, enter, **kwargs):
    """"""
    Undo the effects of PostgresConfig.ready() when django.contrib.postgres
    is ""uninstalled"" by override_settings().
    """"""
    if (
        not enter
        and setting == ""INSTALLED_APPS""
        and ""django.contrib.postgres"" not in set(value)
    ):
        connection_created.disconnect(register_type_handlers)
        CharField._unregister_lookup(Unaccent)
        TextField._unregister_lookup(Unaccent)
        CharField._unregister_lookup(SearchLookup)
        TextField._unregister_lookup(SearchLookup)
        CharField._unregister_lookup(TrigramSimilar)
        TextField._unregister_lookup(TrigramSimilar)
        CharField._unregister_lookup(TrigramWordSimilar)
        TextField._unregister_lookup(TrigramWordSimilar)
        CharField._unregister_lookup(TrigramStrictWordSimilar)
        TextField._unregister_lookup(TrigramStrictWordSimilar)
        # Disconnect this receiver until the next time this app is installed
        # and ready() connects it again to prevent unnecessary processing on
        # each setting change.
        setting_changed.disconnect(uninstall_if_needed)
        MigrationWriter.unregister_serializer(RANGE_TYPES)


class PostgresConfig(AppConfig):
    name = ""django.contrib.postgres""
    verbose_name = _(""PostgreSQL extensions"")

    def ready(self):
        setting_changed.connect(uninstall_if_needed)
        # Connections may already exist before we are called.
        for conn in connections.all(initialized_only=True):
            if conn.vendor == ""postgresql"":
                conn.introspection.data_types_reverse.update(
                    {
                        3904: ""django.contrib.postgres.fields.IntegerRangeField"",
                        3906: ""django.contrib.postgres.fields.DecimalRangeField"",
                        3910: ""django.contrib.postgres.fields.DateTimeRangeField"",
                        3912: ""django.contrib.postgres.fields.DateRangeField"",
                        3926: ""django.contrib.postgres.fields.BigIntegerRangeField"",
                        # PostgreSQL OIDs may vary depending on the
                        # installation, especially for datatypes from
                        # extensions, e.g. ""hstore"". In such cases, the
                        # type_display attribute (psycopg 3.2+) should be used.
                        ""hstore"": ""django.contrib.postgres.fields.HStoreField"",
                    }
                )
                if conn.connection is not None:
                    register_type_handlers(conn)
        connection_created.connect(register_type_handlers)
        CharField.register_lookup(Unaccent)
        TextField.register_lookup(Unaccent)
        CharField.register_lookup(SearchLookup)
        TextField.register_lookup(SearchLookup)
        CharField.register_lookup(TrigramSimilar)
        TextField.register_lookup(TrigramSimilar)
        CharField.register_lookup(TrigramWordSimilar)
        TextField.register_lookup(TrigramWordSimilar)
        CharField.register_lookup(TrigramStrictWordSimilar)
        TextField.register_lookup(TrigramStrictWordSimilar)
        MigrationWriter.register_serializer(RANGE_TYPES, RangeSerializer)
        IndexExpression.register_wrappers(OrderBy, OpClass, Collate)

```
"
E0_115,clean_documented,Huda,10.0,8.14,6.95,9.9,9.8,8.9,9.5,9.0,7.0,9.5,10.0,9.0,,"You are a senior software engineer performing an expert code review.

Analyze the following Python code and rate it on three dimensions. For ALL three, the scale is the same: 0 to 10 where 10 is BEST and 0 is WORST. Use one decimal place (e.g. 7.5).
  - security: 10 = no vulnerabilities or unsafe patterns; 0 = severe issues (injection, unsafe deserialization, weak crypto, hardcoded secrets).
  - complexity: 10 = simple and cheap (low time/space cost, low cyclomatic complexity); 0 = very complex/expensive. (A simpler algorithm scores HIGHER.)
  - maintainability: 10 = easy to read and maintain (clear naming, typing, docs, no duplication, well-structured); 0 = hard to maintain.

First, in 2-4 short sentences per dimension, explain what you observed in THIS code (cite line numbers). Then output the final scores on the LAST line in EXACTLY this format:
SCORES: security=<x.x>, complexity=<x.x>, maintainability=<x.x>

Code:
```python
__all__ = 'compiled', 'VERSION', 'version_info'

VERSION = '1.10.26'

try:
    import cython  # type: ignore
except ImportError:
    compiled: bool = False
else:  # pragma: no cover
    try:
        compiled = cython.compiled
    except AttributeError:
        compiled = False


def version_info() -> str:
    import platform
    import sys
    from importlib import import_module
    from pathlib import Path

    optional_deps = []
    for p in ('devtools', 'dotenv', 'email-validator', 'typing-extensions'):
        try:
            import_module(p.replace('-', '_'))
        except ImportError:
            continue
        optional_deps.append(p)

    info = {
        'pydantic version': VERSION,
        'pydantic compiled': compiled,
        'install path': Path(__file__).resolve().parent,
        'python version': sys.version,
        'platform': platform.platform(),
        'optional deps. installed': optional_deps,
    }
    return '\n'.join('{:>30} {}'.format(k + ':', str(v).replace('\n', ' ')) for k, v in info.items())

```
"
E0_116,complex_algorithms,Huda,10.0,6.64,4.66,9.8,9.5,8.4,9.5,7.5,8.0,10.0,,,,"You are a senior software engineer performing an expert code review.

Analyze the following Python code and rate it on three dimensions. For ALL three, the scale is the same: 0 to 10 where 10 is BEST and 0 is WORST. Use one decimal place (e.g. 7.5).
  - security: 10 = no vulnerabilities or unsafe patterns; 0 = severe issues (injection, unsafe deserialization, weak crypto, hardcoded secrets).
  - complexity: 10 = simple and cheap (low time/space cost, low cyclomatic complexity); 0 = very complex/expensive. (A simpler algorithm scores HIGHER.)
  - maintainability: 10 = easy to read and maintain (clear naming, typing, docs, no duplication, well-structured); 0 = hard to maintain.

First, in 2-4 short sentences per dimension, explain what you observed in THIS code (cite line numbers). Then output the final scores on the LAST line in EXACTLY this format:
SCORES: security=<x.x>, complexity=<x.x>, maintainability=<x.x>

Code:
```python
import networkx as nx

__all__ = [""average_neighbor_degree""]


@nx._dispatchable(edge_attrs=""weight"")
def average_neighbor_degree(G, source=""out"", target=""out"", nodes=None, weight=None):
    r""""""Returns the average degree of the neighborhood of each node.

    In an undirected graph, the neighborhood `N(i)` of node `i` contains the
    nodes that are connected to `i` by an edge.

    For directed graphs, `N(i)` is defined according to the parameter `source`:

        - if source is 'in', then `N(i)` consists of predecessors of node `i`.
        - if source is 'out', then `N(i)` consists of successors of node `i`.
        - if source is 'in+out', then `N(i)` is both predecessors and successors.

    The average neighborhood degree of a node `i` is

    .. math::

        k_{nn,i} = \frac{1}{|N(i)|} \sum_{j \in N(i)} k_j

    where `N(i)` are the neighbors of node `i` and `k_j` is
    the degree of node `j` which belongs to `N(i)`. For weighted
    graphs, an analogous measure can be defined [1]_,

    .. math::

        k_{nn,i}^{w} = \frac{1}{s_i} \sum_{j \in N(i)} w_{ij} k_j

    where `s_i` is the weighted degree of node `i`, `w_{ij}`
    is the weight of the edge that links `i` and `j` and
    `N(i)` are the neighbors of node `i`.


    Parameters
    ----------
    G : NetworkX graph

    source : string (""in""|""out""|""in+out""), optional (default=""out"")
       Directed graphs only.
       Use ""in""- or ""out""-neighbors of source node.

    target : string (""in""|""out""|""in+out""), optional (default=""out"")
       Directed graphs only.
       Use ""in""- or ""out""-degree for target node.

    nodes : list or iterable, optional (default=G.nodes)
        Compute neighbor degree only for specified nodes.

    weight : string or None, optional (default=None)
       The edge attribute that holds the numerical value used as a weight.
       If None, then each edge has weight 1.

    Returns
    -------
    d: dict
       A dictionary keyed by node to the average degree of its neighbors.

    Raises
    ------
    NetworkXError
        If either `source` or `target` are not one of 'in', 'out', or 'in+out'.
        If either `source` or `target` is passed for an undirected graph.

    Examples
    --------
    >>> G = nx.path_graph(4)
    >>> G.edges[0, 1][""weight""] = 5
    >>> G.edges[2, 3][""weight""] = 3

    >>> nx.average_neighbor_degree(G)
    {0: 2.0, 1: 1.5, 2: 1.5, 3: 2.0}
    >>> nx.average_neighbor_degree(G, weight=""weight"")
    {0: 2.0, 1: 1.1666666666666667, 2: 1.25, 3: 2.0}

    >>> G = nx.DiGraph()
    >>> nx.add_path(G, [0, 1, 2, 3])
    >>> nx.average_neighbor_degree(G, source=""in"", target=""in"")
    {0: 0.0, 1: 0.0, 2: 1.0, 3: 1.0}

    >>> nx.average_neighbor_degree(G, source=""out"", target=""out"")
    {0: 1.0, 1: 1.0, 2: 0.0, 3: 0.0}

    See Also
    --------
    average_degree_connectivity

    References
    ----------
    .. [1] A. Barrat, M. Barthélemy, R. Pastor-Satorras, and A. Vespignani,
       ""The architecture of complex weighted networks"".
       PNAS 101 (11): 3747–3752 (2004).
    """"""
    if G.is_directed():
        if source == ""in"":
            source_degree = G.in_degree
        elif source == ""out"":
            source_degree = G.out_degree
        elif source == ""in+out"":
            source_degree = G.degree
        else:
            raise nx.NetworkXError(
                f""source argument {source} must be 'in', 'out' or 'in+out'""
            )

        if target == ""in"":
            target_degree = G.in_degree
        elif target == ""out"":
            target_degree = G.out_degree
        elif target == ""in+out"":
            target_degree = G.degree
        else:
            raise nx.NetworkXError(
                f""target argument {target} must be 'in', 'out' or 'in+out'""
            )
    else:
        if source != ""out"" or target != ""out"":
            raise nx.NetworkXError(
                f""source and target arguments are only supported for directed graphs""
            )
        source_degree = target_degree = G.degree

    # precompute target degrees -- should *not* be weighted degree
    t_deg = dict(target_degree())

    # Set up both predecessor and successor neighbor dicts leaving empty if not needed
    G_P = G_S = {n: {} for n in G}
    if G.is_directed():
        # ""in"" or ""in+out"" cases: G_P contains predecessors
        if ""in"" in source:
            G_P = G.pred
        # ""out"" or ""in+out"" cases: G_S contains successors
        if ""out"" in source:
            G_S = G.succ
    else:
        # undirected leave G_P empty but G_S is the adjacency
        G_S = G.adj

    # Main loop: Compute average degree of neighbors
    avg = {}
    for n, deg in source_degree(nodes, weight=weight):
        # handle degree zero average
        if deg == 0:
            avg[n] = 0.0
            continue

        # we sum over both G_P and G_S, but one of the two is usually empty.
        if weight is None:
            avg[n] = (
                sum(t_deg[nbr] for nbr in G_S[n]) + sum(t_deg[nbr] for nbr in G_P[n])
            ) / deg
        else:
            avg[n] = (
                sum(dd.get(weight, 1) * t_deg[nbr] for nbr, dd in G_S[n].items())
                + sum(dd.get(weight, 1) * t_deg[nbr] for nbr, dd in G_P[n].items())
            ) / deg
    return avg

```
"
E0_117,ml_data_code,Huda,2.57,9.72,6.41,9.3,7.8,7.2,5.5,8.5,7.0,10.0,10.0,9.6,,"You are a senior software engineer performing an expert code review.

Analyze the following Python code and rate it on three dimensions. For ALL three, the scale is the same: 0 to 10 where 10 is BEST and 0 is WORST. Use one decimal place (e.g. 7.5).
  - security: 10 = no vulnerabilities or unsafe patterns; 0 = severe issues (injection, unsafe deserialization, weak crypto, hardcoded secrets).
  - complexity: 10 = simple and cheap (low time/space cost, low cyclomatic complexity); 0 = very complex/expensive. (A simpler algorithm scores HIGHER.)
  - maintainability: 10 = easy to read and maintain (clear naming, typing, docs, no duplication, well-structured); 0 = hard to maintain.

First, in 2-4 short sentences per dimension, explain what you observed in THIS code (cite line numbers). Then output the final scores on the LAST line in EXACTLY this format:
SCORES: security=<x.x>, complexity=<x.x>, maintainability=<x.x>

Code:
```python
from __future__ import annotations

import gzip
import io
import tarfile
from typing import (
    TYPE_CHECKING,
    Any,
)
import zipfile

from pandas.compat._optional import import_optional_dependency

import pandas as pd

if TYPE_CHECKING:
    from collections.abc import Callable
    from pathlib import Path

    from pandas import (
        DataFrame,
        Series,
    )

# ------------------------------------------------------------------
# File-IO


def round_trip_pickle(obj: Any, tmp_path: Path) -> DataFrame | Series:
    """"""
    Pickle an object and then read it again.

    Parameters
    ----------
    obj : any object
        The object to pickle and then re-read.
    path : str, path object or file-like object, default None
        The path where the pickled object is written and then read.

    Returns
    -------
    pandas object
        The original object that was pickled and then re-read.
    """"""
    pd.to_pickle(obj, tmp_path)
    return pd.read_pickle(tmp_path)


def round_trip_pathlib(
    writer: Callable, reader: Callable, tmp_path: Path
) -> DataFrame | Series:
    """"""
    Write an object to file specified by a pathlib.Path and read it back

    Parameters
    ----------
    writer : callable bound to pandas object
        IO writing function (e.g. DataFrame.to_csv )
    reader : callable
        IO reading function (e.g. pd.read_csv )
    path : str, default None
        The path where the object is written and then read.

    Returns
    -------
    pandas object
        The original object that was serialized and then re-read.
    """"""
    writer(tmp_path)
    obj = reader(tmp_path)
    return obj


def write_to_compressed(
    compression: str, path: str, data: bytes, dest: str = ""test""
) -> None:
    """"""
    Write data to a compressed file.

    Parameters
    ----------
    compression : {'gzip', 'bz2', 'zip', 'xz', 'zstd'}
        The compression type to use.
    path : str
        The file path to write the data.
    data : str
        The data to write.
    dest : str, default ""test""
        The destination file (for ZIP only)

    Raises
    ------
    ValueError : An invalid compression value was passed in.
    """"""
    args: tuple[Any, ...] = (data,)
    mode = ""wb""
    method = ""write""
    compress_method: Callable

    if compression == ""zip"":
        compress_method = zipfile.ZipFile
        mode = ""w""
        args = (dest, data)
        method = ""writestr""
    elif compression == ""tar"":
        compress_method = tarfile.TarFile
        mode = ""w""
        file = tarfile.TarInfo(name=dest)
        bytes = io.BytesIO(data)
        file.size = len(data)
        args = (file, bytes)
        method = ""addfile""
    elif compression == ""gzip"":
        compress_method = gzip.GzipFile
    elif compression == ""bz2"":
        import bz2

        compress_method = bz2.BZ2File
    elif compression == ""zstd"":
        compress_method = import_optional_dependency(""zstandard"").open
    elif compression == ""xz"":
        import lzma

        compress_method = lzma.LZMAFile
    else:
        raise ValueError(f""Unrecognized compression type: {compression}"")

    # error: No overload variant of ""ZipFile"" matches argument types ""str"", ""str""
    # error: No overload variant of ""BZ2File"" matches argument types ""str"", ""str""
    # error: Argument ""mode"" to ""TarFile"" has incompatible type ""str"";
    #  expected ""Literal['r', 'a', 'w', 'x']
    with compress_method(path, mode=mode) as f:  # type: ignore[call-overload, arg-type]
        getattr(f, method)(*args)

```
"
E0_118,security_sensitive,Huda,3.71,9.76,4.58,8.8,8.6,7.9,6.5,8.5,6.5,9.5,9.5,9.0,,"You are a senior software engineer performing an expert code review.

Analyze the following Python code and rate it on three dimensions. For ALL three, the scale is the same: 0 to 10 where 10 is BEST and 0 is WORST. Use one decimal place (e.g. 7.5).
  - security: 10 = no vulnerabilities or unsafe patterns; 0 = severe issues (injection, unsafe deserialization, weak crypto, hardcoded secrets).
  - complexity: 10 = simple and cheap (low time/space cost, low cyclomatic complexity); 0 = very complex/expensive. (A simpler algorithm scores HIGHER.)
  - maintainability: 10 = easy to read and maintain (clear naming, typing, docs, no duplication, well-structured); 0 = hard to maintain.

First, in 2-4 short sentences per dimension, explain what you observed in THIS code (cite line numbers). Then output the final scores on the LAST line in EXACTLY this format:
SCORES: security=<x.x>, complexity=<x.x>, maintainability=<x.x>

Code:
```python
""Misc. utility functions/classes for admin documentation generator.""

import re
from email.errors import HeaderParseError
from email.parser import HeaderParser
from inspect import cleandoc

from django.urls import reverse
from django.urls.utils import (  # NOQA: F401
    extract_views_from_urlpatterns,
    simplify_regex,
)
from django.utils.regex_helper import _lazy_re_compile  # NOQA: F401
from django.utils.safestring import mark_safe

try:
    import docutils.core
    import docutils.nodes
    import docutils.parsers.rst.roles
    import docutils.writers
except ImportError:
    docutils_is_available = False
else:
    docutils_is_available = True


def get_view_name(view_func):
    if hasattr(view_func, ""view_class""):
        klass = view_func.view_class
        return f""{klass.__module__}.{klass.__qualname__}""
    mod_name = view_func.__module__
    view_name = getattr(view_func, ""__qualname__"", view_func.__class__.__name__)
    return mod_name + ""."" + view_name


def parse_docstring(docstring):
    """"""
    Parse out the parts of a docstring. Return (title, body, metadata).
    """"""
    if not docstring:
        return """", """", {}
    docstring = cleandoc(docstring)
    parts = re.split(r""\n{2,}"", docstring)
    title = parts[0]
    if len(parts) == 1:
        body = """"
        metadata = {}
    else:
        parser = HeaderParser()
        try:
            metadata = parser.parsestr(parts[-1])
        except HeaderParseError:
            metadata = {}
            body = ""\n\n"".join(parts[1:])
        else:
            metadata = dict(metadata.items())
            if metadata:
                body = ""\n\n"".join(parts[1:-1])
            else:
                body = ""\n\n"".join(parts[1:])
    return title, body, metadata


def parse_rst(text, default_reference_context, thing_being_parsed=None):
    """"""
    Convert the string from reST to an XHTML fragment.
    """"""
    overrides = {
        ""doctitle_xform"": True,
        ""initial_header_level"": 3,
        ""default_reference_context"": default_reference_context,
        ""link_base"": reverse(""django-admindocs-docroot"").rstrip(""/""),
        ""raw_enabled"": False,
        ""file_insertion_enabled"": False,
    }
    thing_being_parsed = thing_being_parsed and ""<%s>"" % thing_being_parsed
    # Wrap ``text`` in some reST that sets the default role to
    # ``cmsreference``, then restores it.
    source = """"""
.. default-role:: cmsreference

%s

.. default-role::
""""""
    # In docutils < 0.22, the `writer` param must be an instance. Passing a
    # string writer name like ""html"" is only supported in 0.22+.
    writer_instance = docutils.writers.get_writer_class(""html"")()
    parts = docutils.core.publish_parts(
        source % text,
        source_path=thing_being_parsed,
        destination_path=None,
        writer=writer_instance,
        settings_overrides=overrides,
    )
    return mark_safe(parts[""fragment""])


#
# reST roles
#
ROLES = {
    ""model"": ""%s/models/%s/"",
    ""view"": ""%s/views/%s/"",
    ""template"": ""%s/templates/%s/"",
    ""filter"": ""%s/filters/#%s"",
    ""tag"": ""%s/tags/#%s"",
}

explicit_title_re = re.compile(r""^(.+?)\s*(?<!\x00)<([^<]*?)>$"", re.DOTALL)


def split_explicit_title(text):
    """"""
    Split role content into title and target, if given.

    From sphinx.util.nodes.split_explicit_title. See:
    https://github.com/sphinx-doc/sphinx/blob/230ccf2/sphinx/util/nodes.py#L389
    """"""
    match = explicit_title_re.match(text)
    if match:
        return True, match.group(1), match.group(2)
    return False, text, text


def create_reference_role(rolename, urlbase):
    # Views and template names are case-sensitive.
    is_case_sensitive = rolename in [""template"", ""view""]

    def _role(name, rawtext, text, lineno, inliner, options=None, content=None):
        if options is None:
            options = {}
        _, title, target = split_explicit_title(text)
        node = docutils.nodes.reference(
            rawtext,
            title,
            refuri=(
                urlbase
                % (
                    inliner.document.settings.link_base,
                    target if is_case_sensitive else target.lower(),
                )
            ),
            **options,
        )
        return [node], []

    docutils.parsers.rst.roles.register_canonical_role(rolename, _role)


def default_reference_role(
    name, rawtext, text, lineno, inliner, options=None, content=None
):
    if options is None:
        options = {}
    context = inliner.document.settings.default_reference_context
    node = docutils.nodes.reference(
        rawtext,
        text,
        refuri=(
            ROLES[context]
            % (
                inliner.document.settings.link_base,
                text.lower(),
            )
        ),
        **options,
    )
    return [node], []


if docutils_is_available:
    docutils.parsers.rst.roles.register_canonical_role(
        ""cmsreference"", default_reference_role
    )

    for name, urlbase in ROLES.items():
        create_reference_role(name, urlbase)


def strip_p_tags(value):
    return mark_safe(value.replace(""<p>"", """").replace(""</p>"", """"))

```
"
E0_119,security_sensitive,Huda,10.0,9.9,6.67,9.9,10.0,9.2,8.5,9.5,6.5,10.0,10.0,9.5,,"You are a senior software engineer performing an expert code review.

Analyze the following Python code and rate it on three dimensions. For ALL three, the scale is the same: 0 to 10 where 10 is BEST and 0 is WORST. Use one decimal place (e.g. 7.5).
  - security: 10 = no vulnerabilities or unsafe patterns; 0 = severe issues (injection, unsafe deserialization, weak crypto, hardcoded secrets).
  - complexity: 10 = simple and cheap (low time/space cost, low cyclomatic complexity); 0 = very complex/expensive. (A simpler algorithm scores HIGHER.)
  - maintainability: 10 = easy to read and maintain (clear naming, typing, docs, no duplication, well-structured); 0 = hard to maintain.

First, in 2-4 short sentences per dimension, explain what you observed in THIS code (cite line numbers). Then output the final scores on the LAST line in EXACTLY this format:
SCORES: security=<x.x>, complexity=<x.x>, maintainability=<x.x>

Code:
```python
# This file is dual licensed under the terms of the Apache License, Version
# 2.0, and the BSD License. See the LICENSE file in the root of this repository
# for complete details.

from __future__ import annotations

import typing

from cryptography.hazmat.primitives import constant_time
from cryptography.hazmat.primitives.twofactor import InvalidToken
from cryptography.hazmat.primitives.twofactor.hotp import (
    HOTP,
    HOTPHashTypes,
    _generate_uri,
)
from cryptography.utils import Buffer


class TOTP:
    def __init__(
        self,
        key: Buffer,
        length: int,
        algorithm: HOTPHashTypes,
        time_step: int,
        backend: typing.Any = None,
        enforce_key_length: bool = True,
    ):
        self._time_step = time_step
        self._hotp = HOTP(
            key, length, algorithm, enforce_key_length=enforce_key_length
        )

    def generate(self, time: int | float) -> bytes:
        if not isinstance(time, (int, float)):
            raise TypeError(
                ""Time parameter must be an integer type or float type.""
            )

        counter = int(time / self._time_step)
        return self._hotp.generate(counter)

    def verify(self, totp: bytes, time: int) -> None:
        if not constant_time.bytes_eq(self.generate(time), totp):
            raise InvalidToken(""Supplied TOTP value does not match."")

    def get_provisioning_uri(
        self, account_name: str, issuer: str | None
    ) -> str:
        return _generate_uri(
            self._hotp,
            ""totp"",
            account_name,
            issuer,
            [(""period"", int(self._time_step))],
        )

```
"
E0_120,complex_algorithms,Huda,10.0,7.56,5.43,9.9,9.4,8.6,9.5,7.5,7.5,10.0,10.0,9.2,,"You are a senior software engineer performing an expert code review.

Analyze the following Python code and rate it on three dimensions. For ALL three, the scale is the same: 0 to 10 where 10 is BEST and 0 is WORST. Use one decimal place (e.g. 7.5).
  - security: 10 = no vulnerabilities or unsafe patterns; 0 = severe issues (injection, unsafe deserialization, weak crypto, hardcoded secrets).
  - complexity: 10 = simple and cheap (low time/space cost, low cyclomatic complexity); 0 = very complex/expensive. (A simpler algorithm scores HIGHER.)
  - maintainability: 10 = easy to read and maintain (clear naming, typing, docs, no duplication, well-structured); 0 = hard to maintain.

First, in 2-4 short sentences per dimension, explain what you observed in THIS code (cite line numbers). Then output the final scores on the LAST line in EXACTLY this format:
SCORES: security=<x.x>, complexity=<x.x>, maintainability=<x.x>

Code:
```python
""""""Algorithms to calculate reciprocity in a directed graph.""""""

import networkx as nx
from networkx import NetworkXError

from ..utils import not_implemented_for

__all__ = [""reciprocity"", ""overall_reciprocity""]


@not_implemented_for(""undirected"", ""multigraph"")
@nx._dispatchable
def reciprocity(G, nodes=None):
    r""""""Compute the reciprocity in a directed graph.

    The reciprocity of a directed graph is defined as the ratio
    of the number of edges pointing in both directions to the total
    number of edges in the graph.
    Formally, $r = |{(u,v) \in G|(v,u) \in G}| / |{(u,v) \in G}|$.

    The reciprocity of a single node u is defined similarly,
    it is the ratio of the number of edges in both directions to
    the total number of edges attached to node u.

    Parameters
    ----------
    G : graph
       A networkx directed graph
    nodes : container of nodes, optional (default=whole graph)
       Compute reciprocity for nodes in this container.

    Returns
    -------
    out : dictionary
       Reciprocity keyed by node label.

    Notes
    -----
    The reciprocity is not defined for isolated nodes.
    In such cases this function will return None.

    """"""
    # If `nodes` is not specified, calculate the reciprocity of the graph.
    if nodes is None:
        return overall_reciprocity(G)

    # If `nodes` represents a single node in the graph, return only its
    # reciprocity.
    if nodes in G:
        reciprocity = next(_reciprocity_iter(G, nodes))[1]
        if reciprocity is None:
            raise NetworkXError(""Not defined for isolated nodes."")
        else:
            return reciprocity

    # Otherwise, `nodes` represents an iterable of nodes, so return a
    # dictionary mapping node to its reciprocity.
    return dict(_reciprocity_iter(G, nodes))


def _reciprocity_iter(G, nodes):
    """"""Return an iterator of (node, reciprocity).""""""
    n = G.nbunch_iter(nodes)
    for node in n:
        pred = set(G.predecessors(node))
        succ = set(G.successors(node))
        overlap = pred & succ
        n_total = len(pred) + len(succ)

        # Reciprocity is not defined for isolated nodes.
        # Return None.
        if n_total == 0:
            yield (node, None)
        else:
            reciprocity = 2 * len(overlap) / n_total
            yield (node, reciprocity)


@not_implemented_for(""undirected"", ""multigraph"")
@nx._dispatchable
def overall_reciprocity(G):
    """"""Compute the reciprocity for the whole graph.

    See the doc of reciprocity for the definition.

    Parameters
    ----------
    G : graph
       A networkx graph

    """"""
    n_all_edge = G.number_of_edges()
    n_overlap_edge = (n_all_edge - G.to_undirected().number_of_edges()) * 2

    if n_all_edge == 0:
        raise NetworkXError(""Not defined for empty graphs"")

    return n_overlap_edge / n_all_edge

```
"